camber_front,tire_pressure_psi,brake_bias,driving_style_aggression,TrackTemp,AirTemp,effective_wear_rate,laps_until_critical_wear
-3.3763796434579127,23.936355202774422,55.60461227700048,0.9998680974916214,31.01180124223602,27.43167701863354,2.6163256859539095,27.0
-1.6478570807702515,24.734356593750213,54.99368144347105,1.0986987090050377,30.94105960264901,21.473509933774835,2.5295007004728656,28.0
-2.3040181745657846,28.545473932021803,52.6423086875429,1.0250667122625332,33.838961038961045,22.674025974025977,4.452316102776929,16.0
-2.70402454740889,23.40004386059892,59.109000051522315,0.8333210332447186,42.070253164556966,27.28860759493671,2.3596323704013273,30.0
-4.031944078672691,28.69649684812171,57.14936240762943,0.8742320947134222,42.070253164556966,27.28860759493671,5.165206608076966,14.0
-4.032016438991392,20.881344309766916,62.98551488486005,0.8877312736123677,42.928205128205136,29.330128205128204,4.924955121858756,14.0
-4.325749163495401,27.767984372086307,50.48164370723087,0.9031457014579379,33.838961038961045,22.674025974025977,3.559394317902614,20.0
-1.9014715626751943,28.475476330547366,59.6580189133269,1.0261613567802017,42.928205128205136,29.330128205128204,4.930325822076896,14.0
-2.6966549647703735,21.81817652837339,61.44423317767342,1.0015863119301573,31.01180124223602,27.43167701863354,3.721727660951355,19.0
-2.3757822666118633,24.303465323722005,61.3922985378246,0.8812640153456835,42.928205128205136,29.330128205128204,2.502449692540336,28.0
-4.438246517112592,21.654997746636557,63.291109506432875,0.8270219373822749,30.94105960264901,21.473509933774835,3.78269289138193,19.0
-1.590270443514017,27.066041289942177,60.935506142442414,0.8685728817898872,42.070253164556966,27.28860759493671,2.929174378555585,24.0
-2.002672077598735,25.353477680616567,63.91715092471544,1.1937525250474412,31.01180124223602,27.43167701863354,3.411422308949958,21.0
-3.8629826679651718,26.35323346708321,54.98984899731337,0.9874187799165889,42.928205128205136,29.330128205128204,3.320990151888758,21.0
-3.9545250983786984,21.964869669562113,57.548141251273144,1.146938201880845,42.928205128205136,29.330128205128204,4.48203705037879,16.0
-3.9497864704396983,22.117458620524197,50.21119494924336,1.1395009866675374,30.94105960264901,21.473509933774835,3.7303124241288326,19.0
-3.587273271121387,20.414973255099063,50.10436380954937,1.0046078229851494,42.070253164556966,27.28860759493671,4.613108220707185,15.0
-2.9257307051032866,23.220675351957297,53.6018993067728,1.0826750833842174,42.928205128205136,29.330128205128204,2.9394962689099873,24.0
-3.2041649440736526,25.59744661333675,51.51210795708628,0.877100804165085,42.070253164556966,27.28860759493671,2.497221929830107,28.0
-3.6263125794058744,28.57934913997329,53.9031705190363,1.0753586819707632,30.94105960264901,21.473509933774835,5.055641592018442,14.0
-2.6644413158328617,26.669274474586807,52.65564941792596,0.9089538317053159,30.94105960264901,21.473509933774835,2.421070278906048,29.0
-4.081518418043874,24.353963233997515,50.427800372579725,1.1328248387016604,42.070253164556966,27.28860759493671,3.1139623689071283,22.0
-3.6235660543943453,29.531201143941377,63.63956219609074,0.833489653243564,31.01180124223602,27.43167701863354,5.826974861626666,12.0
-3.400914470118925,27.19245200575832,50.123346970833374,1.109255469154111,42.928205128205136,29.330128205128204,3.817432255123613,18.0
-3.1317900473488924,29.3016520286255,61.04123216505628,0.8399747626274479,31.01180124223602,27.43167701863354,5.130216326823139,14.0
-2.1444721158209594,25.275879732721656,52.282218303792746,1.1524756947577235,31.01180124223602,27.43167701863354,2.679243764637241,26.0
-3.9009786535249207,22.589042747931394,63.683444329994,0.9216818072540015,42.928205128205136,29.330128205128204,3.590455194083789,19.0
-2.9572966847591653,20.528266863647218,63.391939093848286,1.0617573459322298,33.838961038961045,22.674025974025977,5.7710795384006435,12.0
-2.7227562934138727,27.260848514838507,59.80851719553886,0.995000911448112,42.070253164556966,27.28860759493671,3.764616105944192,19.0
-4.3606487618400065,21.213029980055342,60.083512247009075,0.9465212581049356,42.070253164556966,27.28860759493671,4.822396281483234,15.0
-2.6773654442956847,23.02775128271967,50.080087129545326,1.0581767332733985,31.01180124223602,27.43167701863354,2.7035884807173285,26.0
-3.9884276289381253,25.324709078838975,64.77307349170403,1.1790091922204953,31.01180124223602,27.43167701863354,3.8885911601379326,18.0
-4.304845221044161,25.644165877797477,63.16748905363721,0.8165078989498488,31.01180124223602,27.43167701863354,2.7265117147175326,26.0
-1.6533433882400002,26.00583196987136,63.42659338595138,1.1675411423532416,33.838961038961045,22.674025974025977,3.5145257318038556,20.0
-1.603103900776322,21.662553303497006,59.88866805576308,1.0436326620084053,42.928205128205136,29.330128205128204,3.6725543673689813,19.0
-2.0748079556506167,23.797374048216486,55.17180392981805,1.1229257203076208,33.838961038961045,22.674025974025977,2.676164216570255,26.0
-3.586158692479888,26.171942271169666,63.40472973635721,0.953549981373711,31.01180124223602,27.43167701863354,3.4370127588173776,20.0
-4.206983657980849,29.698188646337847,54.37275392226788,0.9887371899350454,30.94105960264901,21.473509933774835,6.458035669665617,11.0
-2.447300920463529,27.276311376996887,58.440673150133044,1.1475403007204656,31.01180124223602,27.43167701863354,3.909270050315369,18.0
-3.1795425187811963,29.226037570939578,51.495964585158234,0.9659391879239292,42.070253164556966,27.28860759493671,5.390645551097419,13.0
-4.133885295465664,27.622120583141772,63.82933445199125,1.013863826699634,31.01180124223602,27.43167701863354,4.835896081229453,14.0
-3.0144692696661894,25.917169688924005,52.1115568665682,0.8080779692337332,42.070253164556966,27.28860759493671,2.222798880169804,31.0
-4.396834436654345,21.920233691363446,53.37345208595611,0.863439202335217,31.01180124223602,27.43167701863354,3.210095536395663,22.0
-1.7720387937636537,26.66685651892513,58.372012371923226,1.05667460318992,33.838961038961045,22.674025974025977,3.2518674534728036,22.0
-3.7236600551999492,26.23379565959907,61.461395003194724,1.086790760425551,42.070253164556966,27.28860759493671,4.179670579105832,17.0
-2.5124331469380543,26.024691704572664,59.290269589044485,1.0330403747137997,30.94105960264901,21.473509933774835,2.8597779326187984,24.0
-3.5648667717317672,24.897858679882408,53.482008692002346,0.8573240145102443,42.070253164556966,27.28860759493671,2.447473030522217,29.0
-2.9397959364665676,25.286566039892755,50.01414563791236,0.9781621714311339,42.070253164556966,27.28860759493671,2.5214630684248713,28.0
-2.859869161970161,23.34442527118104,61.35725870461159,0.942037906545276,42.070253164556966,27.28860759493671,2.9571780986107377,24.0
-3.945436633423419,25.193126926423034,64.7781098886664,0.9982645376140353,31.01180124223602,27.43167701863354,3.3919038663936556,21.0
-1.5912461167063245,21.975559056784782,62.14869680459135,1.1481316138216378,42.928205128205136,29.330128205128204,4.1369322562235995,17.0
-2.1746015299166563,28.05174397360377,56.90309927234923,1.1103445754634607,30.94105960264901,21.473509933774835,4.281881501610252,16.0
-1.6815031753074328,21.85776954698708,63.5565089209866,0.8335958005556636,30.94105960264901,21.473509933774835,3.099535252119369,23.0
-1.8155179487170536,20.849662898894664,56.14771509677525,1.1561236791098257,42.928205128205136,29.330128205128204,4.595618651438954,15.0
-2.7063000635667445,24.362460263571574,57.874011263652015,0.9887068604599294,31.01180124223602,27.43167701863354,2.466799950040565,28.0
-1.7343772949306495,26.58307439506062,57.15694651093525,1.0975448579543994,31.01180124223602,27.43167701863354,3.1149125181177295,22.0
-4.234522493844241,24.377168249335412,56.71435808998287,0.8560156925057409,30.94105960264901,21.473509933774835,2.6789661840253025,26.0
-3.9120514127425645,22.767541319513086,61.627861539408585,1.0682878102828193,31.01180124223602,27.43167701863354,3.7473749107063004,19.0
-4.364318133268386,25.581711838904408,57.90153360904238,0.8945304070437832,42.070253164556966,27.28860759493671,2.988207516659828,23.0
-3.524009007710207,23.470023354122,54.75075683037824,0.9753523588563726,42.070253164556966,27.28860759493671,3.0110592803037797,23.0
-3.333968130931554,29.32867690126633,53.87237251487718,0.8067451480328418,31.01180124223602,27.43167701863354,4.4481731724646565,16.0
-3.685952904678312,29.22645139603572,50.5662097545115,0.8606442551721905,42.928205128205136,29.330128205128204,4.6631798149581325,15.0
-2.013787472544212,25.023718199720953,58.74792742824569,0.8368321972494479,33.838961038961045,22.674025974025977,2.0943824100039525,33.0
-3.4297400199192323,23.278839940182586,53.44942123101551,0.8958976691753034,31.01180124223602,27.43167701863354,2.6049092916747796,27.0
-3.6571964709378575,27.37132413956639,52.22200883024575,0.8400072360097289,42.928205128205136,29.330128205128204,3.2143685684982026,22.0
-2.8719117505252547,20.367129434830666,59.80744945741517,1.0767640106478247,42.928205128205136,29.330128205128204,5.975217291721876,12.0
-4.077227325075712,24.74769006043651,60.21813886732323,0.8116159608836878,31.01180124223602,27.43167701863354,2.552610895958328,27.0
-2.093409057737881,23.363233942703335,61.28232338386499,1.047096200249999,42.070253164556966,27.28860759493671,3.0049552041690575,23.0
-4.276348068960687,29.205358851025547,57.55365344507887,0.8562831323302298,31.01180124223602,27.43167701863354,5.3386684278924355,13.0
-1.5393391901984481,20.120030272726826,63.410819078058296,1.1780645828711587,31.01180124223602,27.43167701863354,5.821711329306247,12.0
-2.1832656921100275,25.52814875718349,64.04514130097341,1.1732376292439417,33.838961038961045,22.674025974025977,3.3787320241088463,21.0
-3.9038529553974826,27.40663581066626,62.110564096887344,0.890201241008385,42.070253164556966,27.28860759493671,4.5855216352970345,15.0
-4.483433648629193,24.850179875240414,59.533902230122806,1.0457685192892119,30.94105960264901,21.473509933774835,3.370319778166688,21.0
-2.0536157146354976,20.854030301627215,54.555814303867834,0.8112021277889834,30.94105960264901,21.473509933774835,3.2107085765198002,22.0
-2.379427968457149,29.724613900279024,64.74417382430332,1.1727154172204697,42.928205128205136,29.330128205128204,8.256515163803892,8.0
-2.3129784958770383,25.180104313760978,54.112042507879075,1.009194923276684,42.070253164556966,27.28860759493671,2.719398138052583,26.0
-2.1861889599421627,26.141862443190114,53.03985382985647,0.8172892605671116,42.928205128205136,29.330128205128204,2.34854914322882,30.0
-4.277866044797729,22.366097827075073,56.632311706798745,0.936999997203255,42.928205128205136,29.330128205128204,3.7331070509927002,19.0
-3.4246028143671823,24.83498085106804,50.85260856068583,0.8307397847444937,42.070253164556966,27.28860759493671,2.3319420540203217,30.0
-4.152392821424611,24.29149491958322,64.67741697007686,0.9571777757493439,42.070253164556966,27.28860759493671,3.1815272961799126,22.0
-1.9106897223732195,20.748958420019836,58.82650334624637,1.0679705368645291,30.94105960264901,21.473509933774835,4.366732824118506,16.0
-2.6301056195173262,21.06160353547467,58.354281374962625,0.9879559632165759,42.070253164556966,27.28860759493671,4.229987239961002,17.0
-3.5073059254420524,28.374725196187747,59.8369441984958,0.9534888698877818,31.01180124223602,27.43167701863354,4.727166578142841,15.0
-4.309324949141929,22.3981995220659,57.4553547166581,0.8476628182161859,30.94105960264901,21.473509933774835,3.0932578566568845,23.0
-3.5670530348530134,21.949582714986306,50.48095275641813,0.8979756182774625,33.838961038961045,22.674025974025977,2.8986240861257295,24.0
-3.524450033919759,25.049114512501394,59.18466933260595,0.8400573150953405,42.928205128205136,29.330128205128204,2.791573723798269,25.0
-2.3111814649858076,27.68747131362513,60.742608154346456,1.1229994926626643,42.070253164556966,27.28860759493671,4.907370075791914,14.0
-2.5873275859343607,20.619465185789878,56.2512359093608,0.854095931193889,42.928205128205136,29.330128205128204,3.9757784226083723,18.0
-1.8383617722710204,25.76807919638256,61.35943358106789,1.0381493466195573,31.01180124223602,27.43167701863354,3.0559507920625864,23.0
-3.0833552245141522,21.192104428405734,53.405019490076306,0.9370961654355383,42.070253164556966,27.28860759493671,3.9527317571617404,18.0
-4.141217262185095,20.364610508256185,53.31914886599276,0.8903913538620735,42.070253164556966,27.28860759493671,4.67690378267255,15.0
-2.3602656383310148,20.527439521622174,52.42125481531361,1.0557873757968415,42.928205128205136,29.330128205128204,4.378523663347227,16.0
-2.2176448541493077,28.341641082084415,55.57992139683743,0.9828009237507762,31.01180124223602,27.43167701863354,4.068565271629965,17.0
-2.8161684072915114,21.179724836280617,62.70518053083625,0.9600581869138236,31.01180124223602,27.43167701863354,4.183913397243345,17.0
-2.1870984601363173,20.45151364412292,62.418680932235965,1.0371408019568886,30.94105960264901,21.473509933774835,5.079662991453694,14.0
-3.0186132109068278,24.378998871429122,55.742363119452556,0.9965070513960003,42.928205128205136,29.330128205128204,2.7356830587631733,26.0
-2.931801511854018,28.439934719420247,58.83678103970355,0.9213936834206243,42.928205128205136,29.330128205128204,4.693924867438634,15.0
-3.217376944924351,22.62408376489302,60.812244747123735,1.0236245151061008,33.838961038961045,22.674025974025977,3.549156475689764,20.0
-4.423742619767714,24.217126175259164,53.618101619420344,1.0677994306202778,33.838961038961045,22.674025974025977,2.9073393459232246,24.0
-4.176325719020086,20.399225325637513,52.52211628842121,0.8106772634347418,33.838961038961045,22.674025974025977,4.091663305995358,17.0
-4.405712442939797,24.49078514134876,64.58143989818467,0.9863486915630701,42.928205128205136,29.330128205128204,3.4569827841129244,20.0
-2.590768766208659,25.776130806371338,59.26335969814428,0.8230733138334175,42.070253164556966,27.28860759493671,2.5013754534716823,28.0
-3.55693205677102,25.70907053752145,64.72123582750496,0.8745621656272444,42.070253164556966,27.28860759493671,3.201882527343408,22.0
-2.974287926505892,23.32426692174365,55.066339806983436,1.0242034936311892,33.838961038961045,22.674025974025977,2.6981554849225846,26.0
-1.777300578221721,23.155331806631356,60.545475499611975,1.1464755661062322,42.928205128205136,29.330128205128204,3.284533410184695,21.0
-3.7521233125533753,21.06623618936598,53.33905454811857,1.153122271675394,42.928205128205136,29.330128205128204,5.08926939502165,14.0
-3.2688512308931106,23.667983206462683,53.918002569108694,0.8279776040554525,42.928205128205136,29.330128205128204,2.263447377923264,31.0
-2.233346584370854,20.994946688729648,57.67853181904436,0.9676420345146827,42.928205128205136,29.330128205128204,4.208144918245866,17.0
-3.8136055035251326,27.665959447120514,54.79427188262107,1.0332025932018205,31.01180124223602,27.43167701863354,4.135090404324226,17.0
-4.269060270513621,29.66274297748186,52.51432345760877,0.8588279618201374,33.838961038961045,22.674025974025977,5.421150209867376,13.0
-3.630745641258696,29.70074456666707,53.94321052983989,1.1061728866979086,42.070253164556966,27.28860759493671,7.1511472915168675,10.0
-4.016336138237987,28.65071099375394,50.536225916987966,1.0976941033748955,33.838961038961045,22.674025974025977,5.378141787873371,13.0
-1.7109070429722806,26.00792149339619,60.5663543221623,1.1613364054827178,30.94105960264901,21.473509933774835,3.1652844594142806,22.0
-2.075638861306749,27.0086569724388,57.381749856287925,0.8033944048333772,33.838961038961045,22.674025974025977,2.659023037743175,26.0
-2.5997887304687297,22.85205802680414,51.413645996067885,0.8866736975956011,33.838961038961045,22.674025974025977,2.540560895780283,28.0
-1.8856182294368469,26.307704201726207,52.57540989692737,1.1308746856981287,42.070253164556966,27.28860759493671,3.0394621971307805,23.0
-2.0889837693026565,24.556495494398774,51.53801807168966,1.068232020330774,33.838961038961045,22.674025974025977,2.488232893455792,28.0
-3.9402898233418924,24.820173397769324,59.18889212413815,1.1577559414793963,42.928205128205136,29.330128205128204,3.816113279040593,18.0
-1.822323004530067,27.57776560375158,51.413155454187404,0.8228718618121067,42.070253164556966,27.28860759493671,2.8322168170421596,25.0
-2.8819732742530477,22.819183555972515,61.31423499552824,1.0387855862865771,42.070253164556966,27.28860759493671,3.507438656382919,20.0
-2.0776795345078125,23.1803961169452,50.307663789805865,1.0276186299574697,31.01180124223602,27.43167701863354,2.4540279350421326,29.0
-1.8117261002295204,29.246417911286365,53.74063681993838,0.814269766544213,31.01180124223602,27.43167701863354,3.7287443691716664,19.0
-3.545989575084408,20.562242948509724,63.36000013837861,1.0054088307649933,42.070253164556966,27.28860759493671,5.700041785097682,12.0
-4.16984422641697,24.856342984133406,60.77796977183369,1.0438081245239696,42.928205128205136,29.330128205128204,3.3842209587784984,21.0
-3.816194512374175,29.128008004078616,51.094524993885315,0.876517269680843,33.838961038961045,22.674025974025977,4.880913971662865,14.0
-3.218676634121231,26.10363007818157,62.31689156727769,0.9093318332498652,42.070253164556966,27.28860759493671,3.097440611217707,23.0
-2.0459557022325208,25.464070742121322,57.39552682310307,1.0561389385190947,31.01180124223602,27.43167701863354,2.6067058868914645,27.0
-1.9178082502309697,22.49744179229355,62.70174540753244,0.9873203790399834,33.838961038961045,22.674025974025977,3.052049644458195,23.0
-4.479143608406428,23.432754890644482,59.0110966167559,1.1432054630273307,42.070253164556966,27.28860759493671,3.9812414307737343,18.0
-2.967758092267303,28.52048415804693,60.22749548049288,0.9369527064036753,30.94105960264901,21.473509933774835,4.716879712598222,15.0
-3.247766990553663,25.59218131768458,64.90252340593563,0.9066638633552805,42.928205128205136,29.330128205128204,3.228182980533427,22.0
-3.8336765685878094,25.1474219375678,53.48503318886027,1.1939463761379372,33.838961038961045,22.674025974025977,3.3453196815727337,21.0
-4.140403897998952,20.995797135400288,59.359183621420826,1.1644543080520333,31.01180124223602,27.43167701863354,5.5311226412322005,13.0
-3.487154485789116,20.16028156455123,56.90482085086097,0.811597097999592,30.94105960264901,21.473509933774835,4.239205359096002,17.0
-1.6712708882624425,29.63685188687049,50.591779293840375,1.1082914461226263,33.838961038961045,22.674025974025977,5.529092484463502,13.0
-3.530391203937734,23.769861672868416,50.217059622542976,0.8441339095300813,30.94105960264901,21.473509933774835,2.0837665515427015,34.0
-2.943628134769902,26.032130620995044,51.78842866726788,0.8109940779317484,42.070253164556966,27.28860759493671,2.3965895688541505,29.0
-2.3909431233144662,20.79715073187285,59.73637610807822,0.9094782063865395,42.928205128205136,29.330128205128204,4.232231612685077,17.0
-3.409111192862118,26.831142857230468,58.507446318700886,0.9077383516244417,33.838961038961045,22.674025974025977,3.1823513978630746,22.0
-1.5846537518371182,29.325667087059607,58.301443417455914,1.1277275049387858,42.070253164556966,27.28860759493671,6.056380203036582,12.0
-1.6126581151736663,25.756652529974197,50.4778514379239,1.084266898377134,31.01180124223602,27.43167701863354,2.3040105381921956,30.0
-3.7446531125239075,21.261153223754107,57.03954494540011,1.1926437709328057,30.94105960264901,21.473509933774835,5.046863703470403,14.0
-3.008254482322844,25.817215274734767,63.869342267637926,1.0846051601247273,42.070253164556966,27.28860759493671,3.6947265520615753,19.0
-3.597365070549691,27.663472131046525,55.9638780396597,0.9673022213024192,30.94105960264901,21.473509933774835,3.9999145705576704,18.0
-3.6454785168675974,24.064165365740187,59.37383704682684,1.0795710643780867,42.070253164556966,27.28860759493671,3.174293280941338,22.0
-4.389339157936401,28.79837747941468,61.69728013434715,1.1997836268745607,33.838961038961045,22.674025974025977,7.481289421848528,9.0
-2.6713069980603095,26.486829533573644,61.758879187128315,1.0840567530250111,42.070253164556966,27.28860759493671,3.7396903123063954,19.0
-2.9919629303134156,28.992489182892026,57.78920123592907,1.1046725423921273,42.070253164556966,27.28860759493671,6.1867520511089396,11.0
-4.345563746250032,26.235053112473373,62.86927918103505,1.1753460060761038,30.94105960264901,21.473509933774835,4.402115223111184,16.0
-3.664060607290166,21.312879720048244,55.8706714004562,0.8454605045246734,31.01180124223602,27.43167701863354,3.428136078342707,20.0
-1.7752023421000391,23.09691711105189,63.33039822177197,1.0819137173790907,42.928205128205136,29.330128205128204,3.431516314353945,20.0
-3.7813143279990826,22.01794948252457,53.60340749593318,1.1403223831869795,33.838961038961045,22.674025974025977,4.121933227158804,17.0
-4.065315383726331,29.088264977168624,54.203246104858565,1.181751440088357,31.01180124223602,27.43167701863354,6.759933406803573,10.0
-3.031641719167311,27.604000672874825,50.796809362985016,0.8843877158846798,33.838961038961045,22.674025974025977,3.0798995537635303,23.0
-1.543048637668198,26.76398368910006,61.93372754813424,1.0015716030896977,33.838961038961045,22.674025974025977,3.094397491576539,23.0
-3.773834185465499,23.009663196316218,56.25582854349058,1.0722219390577927,30.94105960264901,21.473509933774835,3.313928450837013,21.0
-2.4835933577823646,21.840447720502134,53.43674920867099,0.898987091800535,42.070253164556966,27.28860759493671,3.0143717987949685,23.0
-2.215141154013847,27.56451087988912,53.47685416424869,1.0401891453001095,30.94105960264901,21.473509933774835,3.4592782174620487,20.0
-3.787087368022801,24.741579458790795,63.520999118438496,0.9030315129991998,30.94105960264901,21.473509933774835,2.7231783932905365,26.0
-2.3153509541644213,22.257895521506292,62.50874900691555,0.933382808212659,31.01180124223602,27.43167701863354,3.1703248334505267,22.0
-3.39665060184224,26.16621978165275,58.30296328035775,0.976607478604346,42.070253164556966,27.28860759493671,3.2314784899694864,22.0
-2.6030825082192615,20.40333852138452,59.24166200623581,1.0116760394986268,42.928205128205136,29.330128205128204,5.280641399039805,13.0
-2.599410867717316,23.261702541282535,57.11488355825436,0.9797463486500603,42.070253164556966,27.28860759493671,2.9028281319769005,24.0
-2.8926759477757247,24.685569945911347,55.87499814318213,0.9972782079151716,42.928205128205136,29.330128205128204,2.8182125104575118,25.0
-4.229130689836775,21.47958334109406,63.73215321827497,0.919435502515317,31.01180124223602,27.43167701863354,4.240586194126557,17.0
-1.9940925132322862,29.846544775908395,51.88419055280453,0.8635860376090523,33.838961038961045,22.674025974025977,4.696822198825639,15.0
-3.5376598050847923,22.090973645896142,56.27670184574342,0.8189399909307358,33.838961038961045,22.674025974025977,2.8452652596193313,25.0
-3.9404444688004374,21.303531300432656,55.16842861981813,0.8783914889966671,33.838961038961045,22.674025974025977,3.591250522153848,19.0
-4.377674575335709,22.035348738868965,57.47226080376723,1.0327774566023131,30.94105960264901,21.473509933774835,3.9619989725200537,18.0
-2.7273211704352747,27.690611331597243,56.86447811817763,1.114446179121253,42.928205128205136,29.330128205128204,4.679107583543305,15.0
-2.467306914473153,24.25505659271843,57.78334297476622,0.8676990389771578,42.070253164556966,27.28860759493671,2.3020492097635303,30.0
-4.450236513216431,25.65415939752538,52.09878465840491,0.8434221431090594,30.94105960264901,21.473509933774835,2.5957727134330573,27.0
-2.963720825102157,20.210091569863607,57.69712252269915,1.0997161442197,42.070253164556966,27.28860759493671,5.978802851036465,12.0
-3.820512674406186,20.344313085733145,53.63628220830816,0.9220633322149159,33.838961038961045,22.674025974025977,4.589638969599869,15.0
-2.5644816287716505,24.458255498270162,52.76497023482287,1.180599775690941,42.928205128205136,29.330128205128204,3.051494086144534,23.0
-3.976900712985026,28.166552432016235,50.97251328179287,1.0857271882441493,42.928205128205136,29.330128205128204,4.961648062737522,14.0
-2.4271867856926024,28.852388787075654,61.43978838134211,0.9307024188972124,30.94105960264901,21.473509933774835,4.7963090947604385,15.0
-3.3397939610983878,20.867065675956404,56.4116288128484,0.915817099117482,42.070253164556966,27.28860759493671,4.492296244890444,16.0
-1.6898100337897963,25.383631021010228,59.39965524967637,1.0094793545085237,33.838961038961045,22.674025974025977,2.614142871509013,27.0
-4.087437167562021,29.132296862792707,60.91390014957115,0.8316578673112838,42.070253164556966,27.28860759493671,5.608334741480812,12.0
-3.4768009468492247,23.879727543978863,60.1897499797033,0.8470706050581196,31.01180124223602,27.43167701863354,2.4165755786301704,29.0
-4.159579436278233,28.295658314283685,57.05751078634523,0.8703431525264771,42.070253164556966,27.28860759493671,4.705172638042118,15.0
-1.7259191451643119,21.33695654399436,55.81847793427595,1.109889437321824,30.94105960264901,21.473509933774835,3.8713472245551612,18.0
-1.867981939857057,29.353944896677987,55.639398644609955,1.005542943707649,30.94105960264901,21.473509933774835,5.140326738370385,14.0
-3.726175116854533,27.514233175313027,59.60073195395084,0.8042268491097773,42.928205128205136,29.330128205128204,3.578623325276111,20.0
-2.5200478618974627,29.413343927869015,57.4219153241281,1.0694066109888436,31.01180124223602,27.43167701863354,6.087777155428423,11.0
-2.0483333993963524,26.766172335525063,62.73698371982766,0.9694760714641988,42.928205128205136,29.330128205128204,3.524909749867603,20.0
-2.834397565201613,23.63403931999427,63.12052976490068,1.0043409459855193,30.94105960264901,21.473509933774835,2.929073056928068,24.0
-2.9110482649319804,29.381811725247225,52.55840567009778,0.8856464973651742,42.928205128205136,29.330128205128204,4.815695300424337,15.0
-3.774443127298645,22.755667763091786,52.04350477318589,1.0207128913576415,31.01180124223602,27.43167701863354,3.0782751074938957,23.0
-4.2206916965823025,23.321725220617324,59.45601389053999,1.1916612959005954,42.070253164556966,27.28860759493671,3.9307135373881454,18.0
-1.8083527261400199,27.008084180017402,54.51838622093419,0.8293778764023046,30.94105960264901,21.473509933774835,2.4775642315822357,28.0
-1.7987458285100084,27.65316299525386,50.278560781476486,0.9135669598657723,31.01180124223602,27.43167701863354,2.80246424525191,25.0
-2.6006956281801963,29.294034838491537,63.329640040444325,0.8971990371443319,31.01180124223602,27.43167701863354,5.5714331734303935,13.0
-3.482910626853898,22.048024090562095,53.403511508657125,0.8994197243004719,30.94105960264901,21.473509933774835,2.969146774616962,24.0
-3.452371276162017,27.97998035219224,63.93920977528714,0.9514825430261509,42.070253164556966,27.28860759493671,5.062329930622486,14.0
-2.322132963389282,27.385460533969635,60.7615167631738,1.1272439138976669,33.838961038961045,22.674025974025977,4.228443534309649,17.0
-1.808669220142269,20.63794556253598,61.439802348672266,1.1651434759857549,42.070253164556966,27.28860759493671,5.564234502554693,13.0
-1.838740727204648,23.87223141210207,53.021922436897405,0.8808860349835894,30.94105960264901,21.473509933774835,2.184898079654714,32.0
-2.160373362427128,22.827654570600984,53.51291638425219,1.0171799751792452,31.01180124223602,27.43167701863354,2.5522245935434085,27.0
-2.5739050615371366,23.044904243540305,57.81901630736098,1.054759588866192,42.070253164556966,27.28860759493671,3.196851550071955,22.0
-4.247580105014854,29.829468795547008,52.581497789747935,1.0087309897455379,42.928205128205136,29.330128205128204,7.243448309810603,10.0
-4.015113857716159,26.42777413479928,54.58147539024549,0.9736305576787678,30.94105960264901,21.473509933774835,3.176154352261478,22.0
-1.8043374344187622,27.176761577934997,54.821937169217065,0.8767902023436952,42.070253164556966,27.28860759493671,2.859564274619761,24.0
-2.6807128210212303,29.766176373150092,52.39444899879146,0.9952877436796954,31.01180124223602,27.43167701863354,5.673078327513343,12.0
-4.472408845150111,23.772017824576388,53.077742500927414,0.9604859310845315,33.838961038961045,22.674025974025977,2.7716826963096084,25.0
-4.195585371401903,28.018401684528058,61.82827763012385,1.1182253450009079,33.838961038961045,22.674025974025977,5.622521879740866,12.0
-2.5094946926758324,24.345309633044955,52.50793781820902,1.105441743665198,33.838961038961045,22.674025974025977,2.7215717627363714,26.0
-4.484815248461344,28.695336718149797,50.42686087765884,0.8535994724822683,33.838961038961045,22.674025974025977,4.083579352809508,17.0
-4.017575845747504,21.80657541311303,59.440324139434075,0.835407621025227,31.01180124223602,27.43167701863354,3.363658495594234,21.0
-2.8537986319002417,29.476861770642795,64.63974679088675,1.163261577291001,30.94105960264901,21.473509933774835,7.800823288565432,9.0
-2.42431440692192,22.187717084108797,54.96820721934682,1.014203355585799,30.94105960264901,21.473509933774835,3.066190825484282,23.0
-2.5441162214921986,23.262205069809315,51.77983554794378,1.1431203749130363,42.070253164556966,27.28860759493671,2.9156725533195083,24.0
-3.8271920716183208,27.561922341067806,58.55580988051296,0.8232604482265605,42.070253164556966,27.28860759493671,3.789909927429644,18.0
-2.3634623359573923,23.937551415654067,63.59531316643469,1.010606246608652,30.94105960264901,21.473509933774835,2.7651827383560597,25.0
-3.7882527375096,26.082113767664467,61.76092669742718,1.0157706058304945,42.070253164556966,27.28860759493671,3.556706167636826,20.0
-3.523800905522197,24.445735010694285,59.33773802619074,1.14428081301686,42.928205128205136,29.330128205128204,3.504674101443448,20.0
-2.2605257846459277,27.42369937089782,54.72584744911399,0.839043999291883,30.94105960264901,21.473509933774835,2.8160700424957836,25.0
-2.5511013028583562,22.283312523686106,58.1282025991433,0.8961782254703637,31.01180124223602,27.43167701863354,2.7586462570376717,25.0
-1.9523297685174663,20.58457987236877,51.36867261956383,0.9626153255548052,31.01180124223602,27.43167701863354,3.734284086453916,19.0
-2.52716132309897,22.999293974730662,60.18418136421005,1.146336590167977,42.070253164556966,27.28860759493671,3.636572033138629,19.0
-2.795074189993585,24.743086648684304,60.87644028346476,1.1755533260282267,42.928205128205136,29.330128205128204,3.416456362159713,20.0
-4.218975696515723,21.680200521926785,64.47547434364878,1.197089847837451,33.838961038961045,22.674025974025977,5.564090116585814,13.0
-3.3968525908216995,23.547972896563888,53.90596038117607,1.1836773945834085,42.928205128205136,29.330128205128204,3.4262381217010853,20.0
-3.7043928969548237,23.999830182935685,50.27684628564534,0.8023767023377418,42.928205128205136,29.330128205128204,2.2419109427727193,31.0
-3.768031069862749,20.573918436882735,58.18412696640726,0.8190833365815489,33.838961038961045,22.674025974025977,4.192290489928311,17.0
-1.5809683357426634,25.833072481842045,60.601857565952216,0.8590427276630355,33.838961038961045,22.674025974025977,2.3951143549333933,29.0
-3.320706825999719,28.843434279712874,61.85611213824482,0.9395448387081092,31.01180124223602,27.43167701863354,5.423481925552933,13.0
-1.8238603344686601,21.517429129530523,52.90608399537216,1.1319672123947835,42.928205128205136,29.330128205128204,3.892000152691689,18.0
-2.6065841220082113,25.97808013401514,53.926293035555354,1.157062478134192,31.01180124223602,27.43167701863354,3.0943217905906124,23.0
-2.1155660893750547,26.64739204910846,57.688863879009446,0.8747337625178333,33.838961038961045,22.674025974025977,2.5961695663155293,27.0
-2.9920887206844236,24.193346804192885,54.95901214955003,1.0478656606478833,31.01180124223602,27.43167701863354,2.626954881489342,27.0
-2.7692883461209226,27.0109758736427,62.907672298811676,1.1669447940261106,33.838961038961045,22.674025974025977,4.470125812658934,16.0
-3.0224469185434084,24.10731543491012,57.1064023060808,0.9854926943725283,30.94105960264901,21.473509933774835,2.807982375895014,25.0
-3.9142710366058666,25.04637287977435,61.993679661530045,0.8414174287811136,30.94105960264901,21.473509933774835,2.592870931741413,27.0
-2.332643654215484,20.07353044554427,58.70929640723531,0.9831254600338499,31.01180124223602,27.43167701863354,5.056671346346345,14.0
-3.6576829126774326,26.917201141346887,61.59635212425668,0.9503179609152229,42.070253164556966,27.28860759493671,3.8674681513522153,18.0
-4.427052100705638,26.613426789447246,54.99009479795486,1.0310631984264027,33.838961038961045,22.674025974025977,3.6664021146436854,19.0
-2.5635831122784967,20.384008773263446,62.47124932895467,0.9754634737628415,42.070253164556966,27.28860759493671,5.433314962110985,13.0
-3.968667961778853,23.68250107395133,54.11858473326532,0.8069383707414872,31.01180124223602,27.43167701863354,2.3386410620345175,30.0
-1.678624246941257,29.790318407916672,58.19148212004936,1.1975990933654685,31.01180124223602,27.43167701863354,6.718284237309346,10.0
-1.6382142689922379,24.20736562568617,53.21010669760811,1.0174160950922284,30.94105960264901,21.473509933774835,2.157929586422441,32.0
-1.7554068293386544,25.01945405131842,57.1328978243929,0.9894523021938438,42.070253164556966,27.28860759493671,2.61771329118536,27.0
-3.3895238992336667,29.099301581597185,54.772628142630545,1.1818469486016214,31.01180124223602,27.43167701863354,6.380946738566754,11.0
-4.453630150413398,27.172618758657563,54.00055145955821,0.8623441470348309,42.928205128205136,29.330128205128204,3.3713746338666044,21.0
-1.7150443122368237,25.820701311242235,64.50477527042057,0.8756950410180994,30.94105960264901,21.473509933774835,2.439251771447723,29.0
-3.215447555048057,27.978046813410725,52.401111582300956,1.1232058996251133,31.01180124223602,27.43167701863354,4.519142177080757,15.0
-1.6000355428689912,28.643662664559734,61.80988756186093,0.9043324320100036,31.01180124223602,27.43167701863354,4.317594533998124,16.0
-1.6091400687322412,24.568880717372668,64.76247439224822,1.1196908425166108,30.94105960264901,21.473509933774835,2.948496039920782,24.0
-1.9409716335979197,24.751083649318353,50.298522256101165,0.9086133931634011,42.070253164556966,27.28860759493671,2.27779220459202,31.0
-3.616653323791243,23.860509356518357,60.485411210631426,0.8132750520900006,30.94105960264901,21.473509933774835,2.526746615931695,28.0
-3.3447068141942244,29.667061400184608,53.793677083344306,1.0068058895546863,42.928205128205136,29.330128205128204,6.354432087372221,11.0
-1.946589985449429,26.971662542903502,50.60731736492457,0.8786745736507446,42.070253164556966,27.28860759493671,2.4905293597559965,28.0
-3.549233984531167,20.832230662080722,56.04334368434946,1.1031385171729884,30.94105960264901,21.473509933774835,4.909899139792796,14.0
-3.9915217599417225,28.629596233130187,64.02826715256313,1.0564798532928592,42.928205128205136,29.330128205128204,6.700251294547814,10.0
-2.8295962126249496,24.80559940836268,50.176476415504965,1.169441067191167,42.928205128205136,29.330128205128204,2.7954482317976166,25.0
-1.691535677517657,20.687539064224875,58.818285378946726,1.1131953429062944,42.070253164556966,27.28860759493671,5.054582165882166,14.0
-2.411910609975081,25.49717255163311,57.520947178929866,0.8723103819362907,42.928205128205136,29.330128205128204,2.5941923817923134,27.0
-2.789816489731905,24.171642789757023,63.10076246556571,1.1200632946659186,33.838961038961045,22.674025974025977,3.3338221242106814,21.0
-4.208470518687695,28.77749404862625,51.260025717809384,1.0566948179256093,31.01180124223602,27.43167701863354,5.181265923887365,14.0
-2.654978319902491,22.039946036093873,60.22289044829975,1.06758065670425,33.838961038961045,22.674025974025977,3.7413051876639862,19.0
-1.52983844968721,28.26464609492183,60.20164547649916,1.1329051543880595,31.01180124223602,27.43167701863354,4.824453931788739,15.0
-4.079747954290428,25.576886911854526,60.03620025293425,1.029529627675576,30.94105960264901,21.473509933774835,3.24968601205512,22.0
-2.94501104290879,20.546103032134692,64.13501742402555,0.9864014057412052,30.94105960264901,21.473509933774835,5.296511045843264,13.0
-1.8678807842161338,29.718453013254845,62.34631293510321,1.054656414143491,30.94105960264901,21.473509933774835,6.517681285556535,11.0
-2.2776941467373866,25.126152441031998,50.62959089365259,0.9191829715833436,42.070253164556966,27.28860759493671,2.174240175722045,32.0
-2.4089527770141963,22.908768542315826,57.0662427605677,0.8730388524348398,42.070253164556966,27.28860759493671,2.526739434544565,28.0
-2.3925477480386723,24.69406841989258,55.96929584302,1.0466351352284986,30.94105960264901,21.473509933774835,2.5597310013595225,27.0
-3.4215265463407345,28.57857783517489,54.65220831636203,0.8935393476341911,42.070253164556966,27.28860759493671,4.541967141887754,15.0
-3.6192244672065197,23.049031243850635,56.77005087731146,0.8319660437386427,42.928205128205136,29.330128205128204,2.797451976886984,25.0
-2.071916533564459,21.926763964867003,55.76291277388966,0.8002216738341016,31.01180124223602,27.43167701863354,2.435861929642672,29.0
-2.0696598159624577,21.290712469308815,56.48500849817998,1.0433277605600269,33.838961038961045,22.674025974025977,3.8208584804863372,18.0
-1.8987830442596891,22.978593983902112,64.68892798412963,0.9448595133920947,31.01180124223602,27.43167701863354,2.8554471281837275,25.0
-1.760278342330586,27.800480870400435,51.32949462124371,1.1009243882693824,31.01180124223602,27.43167701863354,3.666808405931537,19.0
-2.965972803417187,24.716263651952616,63.83346304758095,0.950070559325241,42.070253164556966,27.28860759493671,2.865391160938806,24.0
-2.995451115938401,22.2748160369354,57.2035507020654,0.9944013792952907,33.838961038961045,22.674025974025977,3.19412365046352,22.0
-2.1051144630996745,21.66184999609749,59.356133682493116,0.9628339891261539,42.928205128205136,29.330128205128204,3.6879696229030436,19.0
-2.5501082076667045,23.32729476510379,62.45274449926541,1.0602299164437383,30.94105960264901,21.473509933774835,2.9908676510304137,23.0
-2.39409936822689,29.399243728857087,55.40694543723883,0.9424556648059873,42.928205128205136,29.330128205128204,5.45850638039304,13.0
-2.1126219916916966,23.430267125900244,56.4563286213195,1.1855070599769235,42.928205128205136,29.330128205128204,3.182319779575376,22.0
-1.829983974547301,29.88124075954635,56.14277720418071,1.174458794639412,42.070253164556966,27.28860759493671,6.917088874413651,10.0
-3.4860145294453924,24.85230455765356,55.6209653380364,1.1392111610629125,42.928205128205136,29.330128205128204,3.2063331075429495,22.0
-3.373251142080168,21.79163918290151,63.88293982470343,1.1681201082290993,31.01180124223602,27.43167701863354,4.906311198101973,14.0
-4.2180541804773934,28.911400917935094,62.433948367895184,0.9796558753837564,42.928205128205136,29.330128205128204,6.482704173237886,11.0
-2.7651595770114783,24.60355373134827,51.63499984794464,1.0145721587157968,42.070253164556966,27.28860759493671,2.506422101627252,28.0
-4.392173178609774,27.096713435045245,51.62185028715644,1.0968370370232978,42.928205128205136,29.330128205128204,4.230661438378626,17.0
-3.1032059456026193,29.83711583209152,56.418042722794866,1.0784583699754164,30.94105960264901,21.473509933774835,6.85796428146773,10.0
-2.87206609587727,20.50175350319974,51.47986065099214,1.1562714382421884,42.928205128205136,29.330128205128204,5.093136050282499,14.0
-3.6403762436151466,20.96694559787567,59.2863964290668,1.0865324109026782,30.94105960264901,21.473509933774835,5.074536451790757,14.0
-2.7275002182929677,27.20456741462756,52.15537410892601,1.1991538832913842,33.838961038961045,22.674025974025977,4.051157123373591,17.0
-4.408499250182851,22.81825003295472,57.835598959502015,0.9394023199326365,31.01180124223602,27.43167701863354,3.386738976408707,21.0
-4.3879554337523565,21.84301396950099,50.108299205055765,1.1331990968957673,42.928205128205136,29.330128205128204,4.014526445467673,17.0
-2.0321983180210252,20.393618798197295,54.748945226189704,1.0790539291330656,33.838961038961045,22.674025974025977,4.784390544791046,15.0
-3.4194280757662114,20.21846711986202,60.15786085508983,1.0765545780860073,33.838961038961045,22.674025974025977,6.056539818576493,12.0
-4.118818462044346,27.74485603119791,57.26058410341773,0.9303342379379995,33.838961038961045,22.674025974025977,4.275655168528781,16.0
-2.933270219835587,21.3443342736955,64.67404228998483,1.114240716969209,42.070253164556966,27.28860759493671,5.179452918515927,14.0
-2.1900193407041675,24.67720615971151,63.11155694099316,1.1601504089390398,42.070253164556966,27.28860759493671,3.148182338509932,22.0
-3.8525369175094704,26.05896815179483,55.38606168564727,0.8874193846082252,31.01180124223602,27.43167701863354,2.795883628455813,25.0
-2.631328572542999,24.283518005688464,50.68229812208412,1.0501987348466817,42.070253164556966,27.28860759493671,2.4247447076629043,29.0
-4.2439576050186965,20.271066523362332,62.68439450172528,0.9568539316411101,42.070253164556966,27.28860759493671,6.002234242477054,12.0
-4.344954836494177,27.835015025879088,63.66851465472007,1.1958192477179508,31.01180124223602,27.43167701863354,5.986257889226556,12.0
-2.905936105295556,20.105132245416534,62.30941090128555,0.9915331263326727,42.928205128205136,29.330128205128204,5.959137111388786,12.0
-2.8780946351696803,27.61889894377484,51.919249113796475,0.8913280695187771,30.94105960264901,21.473509933774835,3.159252316041308,22.0
-2.5877102955053806,28.933044937881228,64.96872701618432,0.9527430500887331,42.070253164556966,27.28860759493671,5.84944010559068,12.0
-2.321725998832015,24.328399210571725,53.87876332329161,1.0615353559266505,33.838961038961045,22.674025974025977,2.593904769242163,27.0
-1.572443761612396,25.355424730977983,60.86307369212555,0.8304357485398306,30.94105960264901,21.473509933774835,2.0787053547577177,34.0
-2.951098955096414,24.76983392617654,63.620523145035826,1.041440768088495,31.01180124223602,27.43167701863354,3.054272542938417,23.0
-3.531130581176262,23.892086186234387,53.53530671496064,1.1724899036715593,33.838961038961045,22.674025974025977,3.084485269198883,23.0
-2.114441415693889,28.874245353703603,63.623878320155995,1.14014511506314,31.01180124223602,27.43167701863354,6.035909833694801,12.0
-3.6875032462137773,28.939335106699907,54.64222368792301,0.8270694146631934,33.838961038961045,22.674025974025977,4.361345285445895,16.0
-3.1830857378830917,23.358163646415345,64.64619833576084,1.1973559514956271,42.070253164556966,27.28860759493671,4.124691883026745,17.0
-4.264630855973202,26.15069754014698,54.218900305707116,1.0794907694815516,30.94105960264901,21.473509933774835,3.519022484143342,20.0
-4.423947769753627,29.26907562145864,64.30153737136753,0.8649123297256095,42.928205128205136,29.330128205128204,6.460147236298825,11.0
-1.6120547559662248,29.620584989413516,50.80316976339012,0.8049664356677695,31.01180124223602,27.43167701863354,3.9701782853214866,18.0
-1.9920596384633824,25.089590404220473,60.6390801750472,0.8685130545168606,30.94105960264901,21.473509933774835,2.270641968417198,31.0
-2.4120773817189063,24.528248052843267,57.98166700755505,1.1352703682742953,30.94105960264901,21.473509933774835,2.9108863014667294,24.0
-3.27314116675719,22.786943159285258,57.16815615684096,0.8086557299780656,42.070253164556966,27.28860759493671,2.4772185799603306,28.0
-3.9801170397874626,29.588718731904102,53.3524147138376,0.8932589214472346,31.01180124223602,27.43167701863354,5.306306897767731,13.0
-4.030688871986742,21.428143044728674,60.583936846647376,1.10292223813395,42.928205128205136,29.330128205128204,5.262411572857352,13.0
-3.749271305506214,25.798295760477252,52.86214237169461,1.034444214359254,30.94105960264901,21.473509933774835,2.9977551934384556,23.0
-2.8523200058816385,22.82550267518639,58.29262693977152,1.1130942841440767,30.94105960264901,21.473509933774835,3.3081341895793983,21.0
-2.356212231899813,22.790082903477966,53.798680445603765,1.0984602015307152,42.070253164556966,27.28860759493671,3.2859058167861623,21.0
-2.5194078698468063,24.049685873761884,64.33432069672034,0.8202405548487219,31.01180124223602,27.43167701863354,2.4349229992976547,29.0
-3.6601983091621717,29.987929358156546,50.42946790753479,1.1570045676376606,42.928205128205136,29.330128205128204,7.4806596701406125,9.0
-1.6354041580104175,20.54966306839822,52.99592420166855,0.8908127337129075,30.94105960264901,21.473509933774835,3.426437288918984,20.0
-2.2863092499126942,25.785418182035315,53.63465909581171,1.0213569760919055,42.070253164556966,27.28860759493671,2.960879993846769,24.0
-2.836937842465798,20.82572158035277,56.21101738651725,1.0577152626111115,33.838961038961045,22.674025974025977,4.478544186732221,16.0
-2.664837761296943,21.54520829990519,53.490953628050804,0.8674512843540382,30.94105960264901,21.473509933774835,3.043673793306033,23.0
-3.2411998127166304,24.395629417728987,57.37023635403178,1.1904925026803896,42.928205128205136,29.330128205128204,3.384571900974305,21.0
-3.7568070314965274,25.104601313464414,63.08698284887809,0.9952623824349236,42.070253164556966,27.28860759493671,3.3944556169955917,21.0
-3.4320819640462155,22.58792408364524,60.68095132113756,0.8230570782389575,30.94105960264901,21.473509933774835,2.959483523064811,24.0
-2.2264616686068925,23.16457130874416,58.69942970802666,1.174904817911136,42.928205128205136,29.330128205128204,3.3926179732767006,21.0
-4.456819534110732,20.86967020255933,51.33504766974019,1.0345071372773071,42.928205128205136,29.330128205128204,4.973121687169814,14.0
-4.151782078479251,23.032197838442507,60.409881625839134,1.0796772791925506,42.070253164556966,27.28860759493671,4.099106437332836,17.0
-4.361992073934742,29.66558439380544,52.4962142646641,1.0100703159736897,31.01180124223602,27.43167701863354,6.406489080809566,11.0
-4.37781359304309,29.447073816724817,61.79551078942547,1.133895181910787,42.070253164556966,27.28860759493671,8.588956394699117,8.0
-1.9336182479669786,23.34878290136985,53.750851377652296,0.8132533848772844,42.070253164556966,27.28860759493671,2.003584784201153,35.0
-2.389026421859929,25.708539362787615,56.25573092481351,0.9073513461108591,42.928205128205136,29.330128205128204,2.541762105544944,28.0
-3.0774785127380246,29.095953911109444,55.257053034768916,0.9878593425610769,42.928205128205136,29.330128205128204,5.515994184995422,13.0
-4.206497518046995,20.061838226408966,62.882208720122854,0.8306414465254841,31.01180124223602,27.43167701863354,5.375712733594075,13.0
-3.025152374649503,28.106835703375918,51.89816688070112,1.0823626677306633,31.01180124223602,27.43167701863354,4.4161176264166615,16.0
-3.079584687658303,29.48369552788919,58.48467323577183,0.9574653656222563,42.070253164556966,27.28860759493671,6.154651856933055,11.0
-3.9803943902699546,20.91325734333557,52.130924141645934,0.9090671961072576,42.928205128205136,29.330128205128204,4.292242788639936,16.0
-3.198445052286081,21.614476860329212,60.5719375419828,0.801351538723365,30.94105960264901,21.473509933774835,3.3850717603097396,21.0
-3.30448579680788,29.607463027713553,63.57617191691722,1.0879321246999814,42.928205128205136,29.330128205128204,8.096799758515191,9.0
-2.6524497058433507,25.375401436403465,56.5191148080088,1.1335237235491447,42.070253164556966,27.28860759493671,3.0949550179737617,23.0
-2.5947190473970685,20.141966344717236,57.321383903974635,0.9580162142725994,42.070253164556966,27.28860759493671,4.976910303870789,14.0
-4.364087970683866,22.57631998763529,63.91134254724143,1.0256871908133463,30.94105960264901,21.473509933774835,3.9348098275796,18.0
-3.3761621561205866,24.499436742688594,57.81487082974036,0.8910746503718394,33.838961038961045,22.674025974025977,2.58920672990454,27.0
-2.6224202528572906,26.929089110247677,57.313976570743414,1.0488790585120533,42.070253164556966,27.28860759493671,3.55141550415684,20.0
-2.990591224259737,27.331603781367996,58.67493654056456,0.8048549833260803,42.070253164556966,27.28860759493671,3.2919375351976554,21.0
-1.9305304764350333,29.95421512925456,60.33844604544428,0.9954575588395034,33.838961038961045,22.674025974025977,6.245053968215371,11.0
-2.523919105143165,22.875111993837592,51.60325062630547,1.057682192736277,33.838961038961045,22.674025974025977,2.8591053563237168,24.0
-4.011196718755711,25.382201018684754,62.31665791612274,1.1672767092918936,33.838961038961045,22.674025974025977,3.8562711241585648,18.0
-4.28829375779871,25.333235478596052,56.53257541179889,0.9525343268489137,33.838961038961045,22.674025974025977,3.038252953878779,23.0
-2.572742165381053,24.056452594472375,51.085227648462286,1.106076081192412,30.94105960264901,21.473509933774835,2.653277940297756,26.0
-4.420466068375134,21.691618938424202,61.792740037973196,1.0390748119774003,31.01180124223602,27.43167701863354,4.793858972894304,15.0
-2.74267325617961,29.774565631838428,55.65424957529408,1.1708048451700321,30.94105960264901,21.473509933774835,7.185555070577069,10.0
-1.6793092757251271,28.53317186666586,51.50551242642581,0.9593510702637722,42.928205128205136,29.330128205128204,3.8984427455189468,18.0
-2.7735774663723634,24.983330282942372,59.50668559314876,0.9276381359491952,42.070253164556966,27.28860759493671,2.554415429849213,27.0
-3.335490221380434,26.032454226840297,63.20197030150462,1.1548567994776575,30.94105960264901,21.473509933774835,3.7741108630596907,19.0
-2.5701353446729405,22.272610535596623,63.316302641209795,0.8196977605633157,42.070253164556966,27.28860759493671,2.8326801968438984,25.0
-3.1252413285254503,25.43787070391747,64.3649521221346,0.8545541571734707,30.94105960264901,21.473509933774835,2.574393968769754,27.0
-2.8631496320521954,26.949701331214758,63.01558189650032,0.8329617738336178,42.070253164556966,27.28860759493671,3.2957179707476487,21.0
-1.6756055736704245,25.15167028386589,50.03211379018213,1.1372439826305611,42.928205128205136,29.330128205128204,2.462007726324962,28.0
-3.341692086597677,29.902851705849415,55.703617496200856,0.8042429693481278,30.94105960264901,21.473509933774835,5.225677162158855,13.0
-1.6164283085282571,26.113416562477262,62.278138698582545,1.1446628621988193,30.94105960264901,21.473509933774835,3.324769775492241,21.0
-1.7839480741318088,23.70973712592169,55.49379508997711,0.9805071181485068,42.928205128205136,29.330128205128204,2.426971659683781,29.0
-3.9126265956321107,27.72152027615838,59.023227595695595,0.8016101115415883,31.01180124223602,27.43167701863354,3.474007347985909,20.0
-4.291916097374504,21.70462511581642,59.09475421061798,0.9606580708848167,33.838961038961045,22.674025974025977,4.111913959221712,17.0
-4.19766599586772,23.845158137062665,55.47537956058235,0.8747203364180143,42.070253164556966,27.28860759493671,2.579567793624377,27.0
-4.445334523045351,23.469589503775858,63.567108909219314,1.049760194988865,42.070253164556966,27.28860759493671,3.831345435939619,18.0
-4.216671117732215,24.31807095107777,57.54842518079177,1.0717435159686586,42.928205128205136,29.330128205128204,3.479916561801091,20.0
-2.4509796797509296,27.817798259287265,56.97176308906251,0.9950110281619999,33.838961038961045,22.674025974025977,3.89667366208785,18.0
-4.286434054619313,24.841730321634074,64.96270618492844,0.8162078101758681,30.94105960264901,21.473509933774835,2.917669190034723,24.0
-3.543073109118716,27.940144502659628,57.40250546108925,1.0624515217468806,42.070253164556966,27.28860759493671,5.101732671297888,14.0
-1.9653740670916364,25.76488903139866,52.675973778928714,1.1368155134422084,31.01180124223602,27.43167701863354,2.663088041771002,26.0
-4.430184192792522,23.42069434657555,57.696041342951574,1.0881297109305605,33.838961038961045,22.674025974025977,3.391038311111147,21.0
-2.0565945522331925,28.099787436834724,62.21025103279895,1.1319831675821275,31.01180124223602,27.43167701863354,4.9198366945954195,14.0
-3.6544356756798004,22.382896705530918,61.65290490347422,0.880203809420355,42.928205128205136,29.330128205128204,3.553713123434793,20.0
-4.145505517135032,22.243829797997954,61.82872647662707,1.155555175862593,30.94105960264901,21.473509933774835,4.506016711109056,16.0
-2.409788503907548,25.04502924054836,60.62035675996867,0.9288773802591851,42.928205128205136,29.330128205128204,2.7457781150788785,25.0
-2.613171459660348,22.60849245962089,53.813267436000324,0.8053619257007965,31.01180124223602,27.43167701863354,2.4035149931471538,29.0
-1.867583959418841,20.090870349512162,62.93126128760347,1.1373566585316284,31.01180124223602,27.43167701863354,5.805664579160912,12.0
-2.294786868588343,26.482975272988014,63.401651980643976,1.1767285075858906,42.928205128205136,29.330128205128204,4.036387529939747,17.0
-2.0895572088454544,25.11093821472398,52.91229044927824,1.0622232789669395,31.01180124223602,27.43167701863354,2.50869507520844,28.0
-3.6538962822860803,24.45517814493161,51.95683454827091,0.8925746521853699,42.070253164556966,27.28860759493671,2.4060556893322103,29.0
-3.9676813686608314,29.669685146183156,64.63407452883668,0.9006977857130122,31.01180124223602,27.43167701863354,6.748549030235339,10.0
-2.248155745077425,25.711991839629135,63.024859454755514,0.9866371493742478,42.928205128205136,29.330128205128204,3.020032124011935,23.0
-2.079495782198208,28.634315777893846,63.3985422081492,1.1591324318405678,42.928205128205136,29.330128205128204,6.133358200924115,11.0
-1.52848457399798,21.3945023620516,63.295645769365926,0.8598390624590234,30.94105960264901,21.473509933774835,3.0946383248769846,23.0
-3.2621469692657206,25.692064631294276,58.12530236050593,1.1303894678333948,33.838961038961045,22.674025974025977,3.451047228847679,20.0
-3.3839457426216506,28.67979626730903,59.696026049987,0.9165211234820602,42.928205128205136,29.330128205128204,5.139814893612917,14.0
-2.1707611177740094,25.83105757279898,58.180442782004626,1.1234344677716392,30.94105960264901,21.473509933774835,2.772904270968304,25.0
-3.4775893792409462,27.180141781270017,50.768095237854936,1.1681084790406153,42.928205128205136,29.330128205128204,4.10888859358155,17.0
-1.707728023189306,23.720435678122072,61.18254628029159,0.970997548797728,33.838961038961045,22.674025974025977,2.4732122544628243,28.0
-1.9247617444709646,20.924495170370665,57.579980500038204,0.9460202616422123,31.01180124223602,27.43167701863354,3.9110624159542793,18.0
-3.2130179178749447,24.579002951270716,59.71563612185345,1.1208885275885208,42.070253164556966,27.28860759493671,3.267779547894212,21.0
-2.247386796625508,23.944793908388576,57.53959707463303,1.0117931529517576,30.94105960264901,21.473509933774835,2.4435407024133786,29.0
-2.236371377745953,28.670601823789475,57.37716983483684,1.0737796193852789,42.070253164556966,27.28860759493671,5.2963616053895795,13.0
-4.190628393492203,22.439953023524723,52.576836642166505,1.0491316947844718,42.070253164556966,27.28860759493671,3.5330055870999915,20.0
-1.7923412799612999,29.667342275351082,54.180705727117235,0.8611555382579186,42.928205128205136,29.330128205128204,4.697388587992356,15.0
-2.9842428826564285,29.581381198044962,52.38279037915934,1.1379161441158248,42.928205128205136,29.330128205128204,6.729676606786527,10.0
-2.0206276016767752,22.476316430714387,52.93499443438014,0.8783100445652545,42.070253164556966,27.28860759493671,2.3954028203803004,29.0
-3.539851196908165,23.480519554773206,64.59466070630458,1.1729128576283123,31.01180124223602,27.43167701863354,3.7120500197998165,19.0
-1.8134303145113986,28.955557408738848,52.29670168658298,0.9002285165688592,42.070253164556966,27.28860759493671,4.276152270769717,16.0
-3.3323949637975105,29.666222208961074,54.039056364578116,1.0935523893094967,42.928205128205136,29.330128205128204,7.009404592837806,10.0
-4.467487045559105,24.43439102836044,58.858844866078776,0.9138621573974368,31.01180124223602,27.43167701863354,2.778323305521457,25.0
-1.7838540707422093,23.20997045640898,59.15267864354963,0.9271141634347455,30.94105960264901,21.473509933774835,2.454781779151166,29.0
-4.226139969641599,25.260940132515422,52.30961194615744,0.9240007411129221,30.94105960264901,21.473509933774835,2.5941588090449175,27.0
-3.5420590872287554,26.87769206365735,61.90576138677818,1.0991569016104332,33.838961038961045,22.674025974025977,4.382068827161626,16.0
-1.6498140988475853,22.7347451537498,61.77804301869237,1.0227260471877573,42.070253164556966,27.28860759493671,3.0681403970804633,23.0
-1.6481785591873317,27.364731746190728,53.55976556305836,1.153180982338999,42.070253164556966,27.28860759493671,3.7859655578442752,18.0
-2.779686335630142,20.51657357114641,54.329994540131906,0.922949087681618,42.070253164556966,27.28860759493671,4.251598417372268,16.0
-2.604488363490602,20.492944927644164,64.06981798189246,1.0767970088226977,31.01180124223602,27.43167701863354,5.533631580019698,13.0
-3.1546634340650406,23.862877051455452,62.38507168969217,1.1011794398652444,33.838961038961045,22.674025974025977,3.346358924100609,21.0
-3.6203676849058066,23.534731920607207,60.46695549593785,0.8605928452119833,30.94105960264901,21.473509933774835,2.652139413794379,26.0
-3.5140063638902523,23.15633215367152,51.23349832265901,0.9602357429279245,30.94105960264901,21.473509933774835,2.6632798730996856,26.0
-2.482444631768885,24.9101976266891,56.273961213538634,0.9931269977401644,42.070253164556966,27.28860759493671,2.673891327233822,26.0
-2.24287641168696,23.207335823115713,58.389528081152406,0.9422749559577497,30.94105960264901,21.473509933774835,2.423016560768536,29.0
-2.125262868822454,21.92257918468092,52.81116931975665,0.9288450383876552,42.070253164556966,27.28860759493671,2.809135705600035,25.0
-2.1311455716163383,23.09469549088601,56.72339873162337,1.0745679575990568,33.838961038961045,22.674025974025977,2.865646573918439,24.0
-4.226381690853929,29.74904272810235,59.01538816233035,0.8863465590637954,42.928205128205136,29.330128205128204,6.9231723908629705,10.0
-3.0167390858922554,24.111134169948485,54.91065020173099,1.0837562981004516,30.94105960264901,21.473509933774835,2.6899987802934633,26.0
-4.327323719950067,24.447127768583357,61.71417228425731,1.1740176785562921,42.928205128205136,29.330128205128204,3.93757599639678,18.0
-2.8514133530287933,25.7654498995114,62.60674372458208,1.0260790084711005,42.928205128205136,29.330128205128204,3.3003897742415145,21.0
-3.1754084958798687,29.833407684142266,54.85414204151106,1.0445736946957895,31.01180124223602,27.43167701863354,6.4592778544883735,11.0
-1.8368874517251008,22.41601276435763,62.57985731738685,0.8275730808496357,42.928205128205136,29.330128205128204,2.79266466309234,25.0
-3.447254962343764,26.81282110532434,51.553648491545225,1.1457907614471312,33.838961038961045,22.674025974025977,3.786637245145558,18.0
-4.1487989507171825,27.159846935417242,62.56593647933985,0.9141791148799462,31.01180124223602,27.43167701863354,3.9829567745184633,18.0
-4.071024953841492,26.07324416793066,52.29125647501425,1.0460204662114259,33.838961038961045,22.674025974025977,3.06977869560939,23.0
-2.2154681048475835,20.885783396366442,51.24390728764589,1.1916448678979208,31.01180124223602,27.43167701863354,4.624011313573718,15.0
-2.645345810051217,26.768722758275764,59.62663106661517,1.038201040229123,30.94105960264901,21.473509933774835,3.494214894705877,20.0
-4.196631971631629,20.640947110361754,57.07906048632942,1.089883794985751,42.928205128205136,29.330128205128204,5.810522388955167,12.0
-4.2476795816550075,25.96142649549897,63.61835900619249,0.9781278472895008,42.928205128205136,29.330128205128204,3.8800506735544587,18.0
-2.39709260562264,27.395811772217428,55.447837941362735,0.8241463374060229,42.928205128205136,29.330128205128204,2.9628593264513117,24.0
-4.28171098090742,22.109698906199505,54.30728395156443,1.1190397397959153,42.070253164556966,27.28860759493671,4.402079208554467,16.0
-2.0344198221289314,28.41622007542774,57.51102359216298,0.8139995365055943,30.94105960264901,21.473509933774835,3.414656665228521,20.0
-2.3812733185305115,20.303538055330044,56.83919278652992,1.0802631315551416,42.928205128205136,29.330128205128204,5.493536486515975,13.0
-4.255953658074301,28.43812863658306,55.16642069325783,0.8091686292598548,30.94105960264901,21.473509933774835,4.082967596242509,17.0
-4.2454868577444245,24.60329050642765,60.40611948047493,1.1449220946306682,31.01180124223602,27.43167701863354,3.6747601394532015,19.0
-1.5400812644964734,22.175879399316443,61.393427508708626,0.8630544143331923,42.928205128205136,29.330128205128204,3.067511831991637,23.0
-3.377187612731639,21.33778144993968,62.79475953545205,1.0057085981770204,33.838961038961045,22.674025974025977,4.473564803129071,16.0
-3.388073558799327,29.533071675823727,64.59284907065515,1.0388602817932588,30.94105960264901,21.473509933774835,7.394069514264541,9.0
-2.061601298227492,20.726655875811566,53.99984288198757,0.9830181629493648,33.838961038961045,22.674025974025977,3.7718495957329434,19.0
-1.6582542678484238,21.990934199359256,60.74140223734942,0.9363053957395548,42.070253164556966,27.28860759493671,3.1169522119020074,22.0
-1.5419968085313873,23.47822347433046,55.91387353243618,0.9871257184723887,42.928205128205136,29.330128205128204,2.4032163007676006,29.0
-2.239865444223175,26.202348489611204,60.15622957926662,0.9245663015524634,30.94105960264901,21.473509933774835,2.798786607016896,25.0
-3.371221243407253,25.448010852760984,57.139725355238305,0.9752489388323453,30.94105960264901,21.473509933774835,2.781335253946313,25.0
-4.249497849903994,21.25643492412314,64.90659654151898,0.9435651963992122,31.01180124223602,27.43167701863354,4.773667662435153,15.0
-2.1685592522176895,22.897279837382147,60.93353203686125,1.0264819294028582,30.94105960264901,21.473509933774835,3.0407626893497675,23.0
-2.8247872507925846,22.38751771086024,64.28736950651486,0.8951696648979934,33.838961038961045,22.674025974025977,3.308883398105065,21.0
-3.2273339722590713,22.135428544903412,62.52454324221779,1.1954626219656048,33.838961038961045,22.674025974025977,4.639429314687054,15.0
-1.780936844715792,24.11144336479987,63.543515167450565,1.0003479813528662,42.928205128205136,29.330128205128204,2.9134573763287013,24.0
-4.166407553081546,27.04031452591657,62.21628795822012,0.8776648309658039,30.94105960264901,21.473509933774835,3.858491192210409,18.0
-3.0221246871274223,22.17452932217236,56.88738695563867,0.990826699826909,42.070253164556966,27.28860759493671,3.497261537391148,20.0
-4.465939065697743,23.666788797029813,53.77682680020327,1.1465660518099297,42.928205128205136,29.330128205128204,3.4706337838956434,20.0
-3.094018074017621,23.909174268411622,55.55480263175783,0.8087227172497583,33.838961038961045,22.674025974025977,2.222016913114486,32.0
-4.331090172954488,29.7645652943541,50.30354348959926,1.0718216476429154,30.94105960264901,21.473509933774835,6.518638277576054,11.0
-4.143546251195784,29.546663568790688,57.859897511970004,1.0191871187175712,33.838961038961045,22.674025974025977,6.842499617013452,10.0
-4.147421259668685,28.00137582752076,57.57586700405613,0.8678231977480543,42.070253164556966,27.28860759493671,4.4232134652445305,16.0
-2.5523690936518095,22.41658920819185,57.878756972457325,1.1269905757219683,31.01180124223602,27.43167701863354,3.514930251949301,20.0
-2.2618653622037304,20.680373140916696,64.61046837458096,0.9475538489496023,42.070253164556966,27.28860759493671,4.7122053177302625,15.0
-2.749893704708521,23.16904137720625,63.67181005182259,0.917520811526203,31.01180124223602,27.43167701863354,2.7272288577800055,26.0
-1.6134823545763743,22.66794549433831,52.42569167495162,1.1312500767427605,42.070253164556966,27.28860759493671,2.9757824630477283,24.0
-3.375388261428888,25.059258001463938,55.53323782333834,1.0554100184766657,42.928205128205136,29.330128205128204,3.1245907212163186,22.0
-3.642863741154418,27.77727910067793,56.35934269194893,1.1593036334699298,30.94105960264901,21.473509933774835,5.013628595050329,14.0
-1.8942026154316194,28.58322938878858,55.40799376777471,1.0519534814684797,42.928205128205136,29.330128205128204,4.7419138329361,15.0
-3.829212484441642,28.448640854105086,61.9774394540587,1.0963270631728461,42.070253164556966,27.28860759493671,6.524112179334659,11.0
-1.610332381678166,23.596755612230677,57.860565048013804,1.1345783585038451,30.94105960264901,21.473509933774835,2.765684058306074,25.0
-4.463536575930551,26.87234343460683,58.58149725457437,0.8218958543639748,31.01180124223602,27.43167701863354,3.2015598544512094,22.0
-1.5903635198770827,23.1283419752422,62.79520338481888,1.1104195835477522,30.94105960264901,21.473509933774835,2.836863094164218,25.0
-4.370520264148272,20.609055432351827,62.08892230123038,1.0454825927398308,33.838961038961045,22.674025974025977,5.939506186251685,12.0
-1.8265706589057866,27.015652656029424,51.9831728423045,0.8278031186060774,30.94105960264901,21.473509933774835,2.4361380343600767,29.0
-2.9168966727411005,20.09827552569788,60.70871876125452,1.003431168747486,42.928205128205136,29.330128205128204,5.987388220484853,12.0
-1.5211056116420991,24.091825874584885,56.531541933530534,0.8329832311935816,42.070253164556966,27.28860759493671,1.9351351692177605,36.0
-4.278610305793803,23.293792693020755,54.419733545937504,1.094378880689289,42.070253164556966,27.28860759493671,3.5089240629705025,20.0
-2.8384371467960374,26.933775385188525,50.75028231353279,1.0186006855591532,31.01180124223602,27.43167701863354,3.1589537685190625,22.0
-1.5920923931427033,27.662454727603787,57.308743405181765,1.181429414964919,42.070253164556966,27.28860759493671,4.348495828104533,16.0
-2.9307064674895535,23.040946359712837,55.331550210867974,0.873254148628708,30.94105960264901,21.473509933774835,2.2275899201765954,31.0
-2.6118040855942124,28.116270144448535,53.77269559514601,1.0424133810081513,42.070253164556966,27.28860759493671,4.393885582574955,16.0
-2.4127539330461483,22.939167605049338,60.42007594395436,0.8846328538281966,42.928205128205136,29.330128205128204,2.862656530270659,24.0
-3.1363768056966803,24.463263599865613,61.5422808097338,1.0456259938909593,42.928205128205136,29.330128205128204,3.094299629493419,23.0
-2.6173257597478097,27.27018527014134,53.67184278544137,1.0890598809443426,42.070253164556966,27.28860759493671,3.7883074492650586,18.0
-2.7470570642306993,26.929202292247886,50.74171155019021,1.0889217317318154,42.070253164556966,27.28860759493671,3.2979303857812017,21.0
-1.7965259685270332,29.873684723122,62.73129050847852,1.126029596273044,33.838961038961045,22.674025974025977,6.989212190173732,10.0
-4.363660858975626,22.25161024215932,50.14939611806455,1.1414200911833268,30.94105960264901,21.473509933774835,3.809877623735746,18.0
-3.657110431223309,26.623179135395823,64.05668740882209,0.8309086905068709,33.838961038961045,22.674025974025977,3.2321453815831984,22.0
-1.6487655477703238,26.096819082757776,59.414298109740585,0.9373068628289616,30.94105960264901,21.473509933774835,2.720699049688118,26.0
-1.829208648327251,29.150984544900297,54.82769952801981,1.0748490081439224,31.01180124223602,27.43167701863354,5.179742167384367,14.0
-3.1330297416428614,21.56362141644875,53.69716864365104,0.9994345149564848,33.838961038961045,22.674025974025977,3.6070037565526856,19.0
-2.6396022065953897,27.51798163586933,50.13508496396713,0.8762703787019166,30.94105960264901,21.473509933774835,2.8541048723403923,25.0
-3.667856451056602,25.682686162687684,53.53207125516316,1.0210838280666792,42.928205128205136,29.330128205128204,3.0870951499863892,23.0
-3.935636520828716,22.746658697879056,52.065924522757115,0.9629742611064576,31.01180124223602,27.43167701863354,2.988597182243782,23.0
-3.1089047851800533,24.74434914147174,59.182493310847185,0.956015311061722,42.070253164556966,27.28860759493671,2.826442586434785,25.0
-3.4399433159218415,23.33776597069798,52.49818382890702,1.1239014869742654,33.838961038961045,22.674025974025977,3.1765857441921432,22.0
-2.749031664447384,25.79313402788461,57.92944756304929,0.9630393335328725,42.070253164556966,27.28860759493671,2.8546383629205385,25.0
-4.266796089105045,28.890006108146657,58.851746335167064,0.8105818021921697,31.01180124223602,27.43167701863354,4.708063570066047,15.0
-1.5768155770015007,25.693049844122022,54.47062547520372,0.8232253355564365,33.838961038961045,22.674025974025977,1.9667565001335439,36.0
-1.5413677665611916,26.31722418326584,50.52597423528078,1.142497616676648,42.070253164556966,27.28860759493671,2.884970073401843,24.0
-2.405514857940765,25.187478471147095,50.55880820921294,1.1842403240050086,42.928205128205136,29.330128205128204,2.726205010989889,26.0
-2.891710900967639,20.511655064454757,50.39520998290877,1.075363734582283,31.01180124223602,27.43167701863354,4.3222029156764945,16.0
-3.571417151141017,22.328585568760943,61.08687000704819,0.9457473176400321,33.838961038961045,22.674025974025977,3.558156252152528,20.0
-2.058614940879154,24.92001729432083,54.770145572214474,1.1754401263178909,42.928205128205136,29.330128205128204,2.8796715518327614,24.0
-2.4458064823383623,23.102352837447047,61.94450278951496,1.0651212345502943,42.928205128205136,29.330128205128204,3.3592796719059144,21.0
-4.012149181965326,21.817635977611943,56.47599235764274,1.137733419679735,42.070253164556966,27.28860759493671,4.60070239843422,15.0
-1.7672184465184726,25.04132841918438,56.79497151244946,1.1063409216148037,33.838961038961045,22.674025974025977,2.8206749341176507,25.0
-2.0323882712304933,23.228097934478505,57.69323903764361,0.9516557263090369,31.01180124223602,27.43167701863354,2.639007741238881,27.0
-1.6506002601242278,22.581076431734147,60.69547184562656,0.9914808803403142,42.070253164556966,27.28860759493671,2.944123670520081,24.0
-2.32284147483492,24.63985417440381,54.1025429874456,0.8744528617472398,30.94105960264901,21.473509933774835,2.006489964996148,35.0
-2.6597544121926306,21.332842580821733,51.8238102430029,0.9168056401762936,30.94105960264901,21.473509933774835,3.2846181176968123,21.0
-3.2452708911281434,29.277457330754075,58.340860027871926,1.1112502645146087,30.94105960264901,21.473509933774835,6.612657869802315,11.0
-1.7018145499379602,28.677020979192392,54.90466434864109,1.1575913567532432,42.928205128205136,29.330128205128204,5.165943129263245,14.0
-1.901808331498775,27.076205857405355,56.63736970502056,1.0897841693005648,42.070253164556966,27.28860759493671,3.5129665968555273,20.0
-4.364343989681432,21.06213827588456,59.704200625059585,0.9860694786626554,33.838961038961045,22.674025974025977,4.843903859167022,14.0
-4.420899076508244,27.75877254469693,57.41188611711906,0.8346037075758991,42.070253164556966,27.28860759493671,3.968582912561336,18.0
-3.370609899365851,28.07957328109019,59.30418225651265,0.8227791794793793,42.070253164556966,27.28860759493671,4.058319902522736,17.0
-2.068340007654501,27.677646177143377,58.163000031704414,0.9497302258451416,42.928205128205136,29.330128205128204,3.911620890244223,18.0
-1.5381716120551667,21.139658871192413,61.09694557904149,0.9855286875070652,42.070253164556966,27.28860759493671,3.9423332945913487,18.0
-4.048749326689416,26.43907957067765,60.5890492656743,1.0436482488853187,42.928205128205136,29.330128205128204,3.9118727974746474,18.0
-2.7176078539435946,28.343247957493986,58.01284837712929,0.802595808554799,33.838961038961045,22.674025974025977,3.6910027045333456,19.0
-3.3573274301069356,25.773534012196677,60.1835453128956,1.1958891561865226,42.070253164556966,27.28860759493671,4.016345509745375,17.0
-1.5902568065561904,26.46407375228089,63.10339403408919,0.9455755533616171,30.94105960264901,21.473509933774835,2.7416441688538353,26.0
-1.9736432305928737,24.583634794263062,56.48406931682253,1.1392378655204485,30.94105960264901,21.473509933774835,2.8548606479367247,25.0
-1.9850138858665867,25.287073198840524,56.1914460912319,1.0139866822661618,31.01180124223602,27.43167701863354,2.4589119295847714,28.0
-3.093920520615089,20.343768583517253,61.4636843127857,0.8521757818133386,33.838961038961045,22.674025974025977,4.540533242604623,15.0
-3.2555414929870046,26.389630219732844,58.73830755562991,1.1190262210138087,42.070253164556966,27.28860759493671,3.7023753888784334,19.0
-3.6797787842078815,20.814472128911593,51.065101703338826,1.0839308299679504,30.94105960264901,21.473509933774835,4.620059629862376,15.0
-4.330873510047219,24.350145943402232,63.38168023536622,1.0109744339716913,42.070253164556966,27.28860759493671,3.473942395919682,20.0
-1.9058328712348405,22.92655097667408,50.4617465335646,1.005821236533512,30.94105960264901,21.473509933774835,2.4023685702559097,29.0
-2.0612969726097674,25.45427950211713,61.22594534314615,0.8349918423003713,42.928205128205136,29.330128205128204,2.3139256698602497,30.0
-1.500846980141608,21.33416335523207,61.381912140564694,1.0623395794295496,30.94105960264901,21.473509933774835,3.9022902030386666,18.0
-1.5100894887782839,26.91643401973318,64.29666627922896,1.1644980623017198,30.94105960264901,21.473509933774835,3.84279813953576,18.0
-2.8337048831921177,27.950115369284703,50.81201612603481,0.8372979676885434,42.070253164556966,27.28860759493671,3.252314133118899,22.0
-2.1930377544584685,21.633544497431565,58.952852911767366,0.9054045802595619,33.838961038961045,22.674025974025977,3.21581122480493,22.0
-1.665702810352716,21.043130873518823,56.41760855940579,1.1609231893768395,31.01180124223602,27.43167701863354,4.122675744211668,17.0
-1.9510578279677655,21.455154827873592,54.95949432289313,0.9137375639279174,33.838961038961045,22.674025974025977,3.4043356786654946,21.0
-3.757955694770407,28.771275618985015,51.3547784044861,1.0615774688719706,42.928205128205136,29.330128205128204,5.305487172722534,13.0
-3.1483675940697196,25.281892617563564,58.43981179506964,1.0139272659772576,33.838961038961045,22.674025974025977,2.9179886042783174,24.0
-4.112521754545515,24.672609960075025,57.1856108851192,1.0385310420015448,33.838961038961045,22.674025974025977,2.8810392958544035,24.0
-1.6378469182238327,21.067118191023543,51.56831687226536,0.9663155606309013,30.94105960264901,21.473509933774835,3.0268137330334772,23.0
-2.68147609664736,26.495560067569617,59.187342606456255,0.9199965882214844,30.94105960264901,21.473509933774835,2.9438696865855456,24.0
-3.814071583489612,28.6799959189509,61.069296803794074,0.8194133802918676,33.838961038961045,22.674025974025977,4.724239041482043,15.0
-2.48489794678243,28.28185869323453,61.50917451580472,1.0977123757176657,31.01180124223602,27.43167701863354,5.240273810050167,13.0
-2.6456152786263125,26.260547089808014,63.580597823936415,1.0984373848776907,33.838961038961045,22.674025974025977,3.705125561982877,19.0
-3.4255118459014784,20.752787166516736,56.14206112833166,1.0682902960314893,42.928205128205136,29.330128205128204,5.1694114215290075,14.0
-4.159327223401113,21.12397027176013,64.29609152933206,1.0574535152478481,42.070253164556966,27.28860759493671,5.636065858691751,12.0
-2.4852804132216013,20.493089871098245,62.98144107624029,0.8974868528670105,30.94105960264901,21.473509933774835,4.648631781563827,15.0
-2.9390768972886203,22.574792164924695,54.447523565359084,0.8089379735065165,30.94105960264901,21.473509933774835,2.4929285051828707,28.0
-2.183044824793082,21.35661467160378,52.389245560241875,1.1234861587541758,30.94105960264901,21.473509933774835,3.6508009140762345,19.0
-2.93950949666402,22.60048040252434,56.530840941920204,0.9964554142783307,31.01180124223602,27.43167701863354,3.0617766916952007,23.0
-1.9434554990443798,23.850580557189616,56.0284806193395,0.9227352522810474,42.928205128205136,29.330128205128204,2.3621789266108633,30.0
-2.8442794836765435,29.429827840711354,58.63578957996806,0.8407727627122281,31.01180124223602,27.43167701863354,4.945958271652399,14.0
-2.8171860853938413,26.103760597816922,58.75079348491622,0.8250886363605554,33.838961038961045,22.674025974025977,2.6013106544195357,27.0
-1.870039192024965,28.349737856829623,61.24980476569963,0.9395466887180709,30.94105960264901,21.473509933774835,4.25865837192973,16.0
-3.289551401362809,27.10351500712332,57.64834922308415,1.1218948259067762,33.838961038961045,22.674025974025977,4.142992342824235,17.0
-4.097954314648078,21.12503130526632,51.572339614111485,1.167489499733532,30.94105960264901,21.473509933774835,4.756402220109596,15.0
-4.413651971059983,27.35920406373949,62.87437003329659,1.158700545845226,30.94105960264901,21.473509933774835,5.476216237993192,13.0
-2.234588232979143,22.750988815591246,54.6464687477778,1.168000333899862,31.01180124223602,27.43167701863354,3.269084590763871,21.0
-2.6390713459396062,26.391078469947065,64.56946190459888,1.163090137251737,33.838961038961045,22.674025974025977,4.027458823672993,17.0
-2.387760695702329,23.409619736429885,51.767901630196555,1.0108899006401584,42.928205128205136,29.330128205128204,2.407742337809082,29.0
-3.8611075154732677,29.97672263264659,64.37376758348755,0.8877662554227616,30.94105960264901,21.473509933774835,7.131089153060377,10.0
-4.0908855732396905,22.63551479496778,51.365177103237755,1.1192186331347282,42.928205128205136,29.330128205128204,3.688094719902472,19.0
-4.456366002996354,22.791304707742697,53.465542069205895,0.8854851899410316,31.01180124223602,27.43167701863354,2.550519636209539,27.0
-3.448237323580209,29.306722555623985,50.69869913129813,0.9068829107026276,42.928205128205136,29.330128205128204,5.067252672850434,14.0
-2.7302469394361006,20.246444046363226,60.57669719958493,0.8933017287290194,31.01180124223602,27.43167701863354,4.6115854400142045,15.0
-3.323267864700803,26.96688987873197,62.75448104857688,1.0059929614783223,33.838961038961045,22.674025974025977,3.946761385630604,18.0
-3.187575233928813,27.253263907358782,56.51106622723971,0.9287310032676319,31.01180124223602,27.43167701863354,3.3099825566030003,21.0
-1.7875239165187549,28.363785774103995,63.927831125636445,0.8616624198501366,42.928205128205136,29.330128205128204,4.199771172904204,17.0
-3.455233598930099,29.744393106384756,58.854486076334,0.981269364757553,33.838961038961045,22.674025974025977,6.8247953042053116,10.0
-2.9580315325205677,29.756019191566523,59.45010703169785,1.1495628955140669,42.928205128205136,29.330128205128204,7.896270644585588,9.0
-2.1490409617765707,20.65276757566464,62.68128802551155,1.028221141979989,42.928205128205136,29.330128205128204,5.182392966581412,14.0
-3.3103716530361895,28.218393227529027,54.45200307577758,1.1513342423550348,31.01180124223602,27.43167701863354,4.9538721538002015,14.0
-2.6337398993163794,26.463099336573812,55.313985819914386,0.878348874031655,42.070253164556966,27.28860759493671,2.812276089270011,25.0
-1.9129088737597644,26.473421343730912,63.58927878791967,0.8667895494690216,42.070253164556966,27.28860759493671,2.9085068761305632,24.0
-1.6514381290270737,21.283499266146947,63.51445244058146,1.030230850279368,42.070253164556966,27.28860759493671,4.309986025032136,16.0
-4.058779557212886,26.501871664456534,64.64724164301306,0.9853315606185092,30.94105960264901,21.473509933774835,3.8598974799388306,18.0
-1.720237124515517,29.824825806012477,63.52757474662506,1.0640690566587827,42.070253164556966,27.28860759493671,7.148563855479345,10.0
-3.0236511207613854,29.11818569539447,51.91058054050041,1.1178507164107125,31.01180124223602,27.43167701863354,5.298342348641069,13.0
-3.725266835103125,24.391306608048506,62.35586429205481,1.1005229182608707,33.838961038961045,22.674025974025977,3.280241223894663,21.0
-3.122592731285216,20.399479732860943,56.14757717164391,1.1769044694634245,42.070253164556966,27.28860759493671,6.037839692176796,12.0
-1.5599022741435689,23.622934900002047,64.86202033918907,0.9593025636628046,42.070253164556966,27.28860759493671,2.552668378946846,27.0
-3.0221457180213913,28.26390311600555,57.08421446493202,0.8825546968992724,31.01180124223602,27.43167701863354,3.933691958585045,18.0
-3.5137451691374753,27.01499101465166,58.30754123753331,1.0203650559791544,30.94105960264901,21.473509933774835,3.775496943974735,19.0
-2.5997974370498227,24.593436555939565,57.946623728851975,0.8442972480764743,30.94105960264901,21.473509933774835,2.100553198431888,33.0
-3.779563143665421,20.551015351588312,54.82605544787417,0.9155404493326526,31.01180124223602,27.43167701863354,4.34097657636313,16.0
-4.272410015674009,24.26894727823303,51.125331333393774,0.8831552221052578,30.94105960264901,21.473509933774835,2.3509778510697275,30.0
-4.113360834268052,24.690249397178835,63.43476845602878,0.9586254867188324,42.928205128205136,29.330128205128204,3.373248160694505,21.0
-4.115862483126683,29.28555532894136,62.0401371878943,0.8444866300008862,42.070253164556966,27.28860759493671,5.917762977436356,12.0
-4.044291919463117,26.410861035821593,52.09290170839504,0.8127366978192392,42.928205128205136,29.330128205128204,2.617128618964384,27.0
-4.08351848205177,23.11652916654649,61.65152407025109,1.0627176018520128,30.94105960264901,21.473509933774835,3.5572695695838554,20.0
-2.5773757655903564,25.253182644507213,59.38769999075915,1.044099591315922,42.928205128205136,29.330128205128204,2.765914858815069,25.0
-3.9543597468025657,20.6605530782216,56.13715681876433,1.0833435744154645,30.94105960264901,21.473509933774835,5.301708466458314,13.0
-3.4629981500284104,29.725682356497366,53.81031723643344,1.0641545761085376,42.070253164556966,27.28860759493671,6.966092995591036,10.0
-1.8096347702819644,23.60059901930726,62.895931752533485,0.8457178724569534,33.838961038961045,22.674025974025977,2.4277629533162863,29.0
-3.0781150792113827,24.77867354913136,60.50282388941079,0.9164315525502585,33.838961038961045,22.674025974025977,2.5402484352330377,28.0
-2.4973267844369182,23.552839742369226,58.21609864203705,0.851810643960141,33.838961038961045,22.674025974025977,2.1978171426451354,32.0
-3.9830403863951105,26.825117301162003,59.14352800847696,1.1371889608194252,42.070253164556966,27.28860759493671,4.52570852942113,15.0
-3.9231329435739877,26.62232158329593,51.365992731232716,1.0987614621422093,42.928205128205136,29.330128205128204,3.7412737719107394,19.0
-4.377394151200564,27.153223105291357,57.108796413667875,0.8806108011672971,31.01180124223602,27.43167701863354,3.535436769424088,20.0
-3.9931948107835065,22.68143229611921,52.90550439178553,0.9365236961959573,30.94105960264901,21.473509933774835,2.9279538471220654,24.0
-3.664228982904124,23.15668481164066,53.12575518513238,1.1866459969056855,31.01180124223602,27.43167701863354,3.4752602613449524,20.0
-3.9689685471697596,21.25251231096208,59.919559434303,1.0376637431518605,42.928205128205136,29.330128205128204,4.968585456276614,14.0
-4.233892398728833,26.555099718461125,63.66884227751432,1.1204622389204628,42.070253164556966,27.28860759493671,4.644605755281936,15.0
-4.138092386698197,20.397971273356525,56.0563491571752,0.9058364139074917,31.01180124223602,27.43167701863354,4.9139653174022895,14.0
-3.1176636959018227,25.97682335523459,53.116239095182856,0.8840211680717222,30.94105960264901,21.473509933774835,2.4117318818970723,29.0
-3.8809988447826225,28.69695884851634,59.731204058549814,1.1135667715386193,31.01180124223602,27.43167701863354,6.099847324725543,11.0
-3.407190416855774,28.908321482896334,63.06780569525476,1.074348982092576,30.94105960264901,21.473509933774835,6.32590959362835,11.0
-2.9897481874354295,24.490377603699617,61.224782016837366,1.0723911716847054,33.838961038961045,22.674025974025977,2.9816427846726272,23.0
-2.4288155141119043,24.59303688213074,63.03135845804881,1.0210538327316776,42.928205128205136,29.330128205128204,3.032321327227963,23.0
-4.382063580476704,20.769691830080173,58.04832006516199,1.0254313371106196,30.94105960264901,21.473509933774835,5.136108472294031,14.0
-2.101768803272872,26.707650254430355,61.27814366553786,1.0942790021225015,42.928205128205136,29.330128205128204,3.7922849905145575,18.0
-2.616298831527277,28.212594203728457,52.10096839038405,0.9080009924484781,31.01180124223602,27.43167701863354,3.4976140378527805,20.0
-4.254722904153384,22.44655054604713,55.22411923044787,0.9411073863427823,30.94105960264901,21.473509933774835,3.0133463294652536,23.0
-1.8792641276796682,24.213008816333648,55.843237467222835,1.148654708208022,42.070253164556966,27.28860759493671,2.866107041663902,24.0
-1.7373827984045604,28.388393367652704,57.669436193690515,0.9235460804048631,30.94105960264901,21.473509933774835,3.8626376257765336,18.0
-4.316766120435409,28.77120467662288,63.93614540385236,1.0185238285517195,33.838961038961045,22.674025974025977,6.558125521043804,11.0
-3.669367055558389,22.43179980264226,63.11444840333262,1.0810557856026737,31.01180124223602,27.43167701863354,3.984702310774707,18.0
-2.081396160620816,25.505706345413643,52.01788238433777,1.1999699307332705,42.928205128205136,29.330128205128204,2.8770294964014345,24.0
-2.255220928849025,21.92493150635827,52.59184477823695,0.9741165325981328,42.070253164556966,27.28860759493671,3.1519742369146764,22.0
-3.946436941930868,21.018787641395566,55.36460824383367,0.9712371506499775,42.070253164556966,27.28860759493671,4.7106140015626154,15.0
-3.871952029989869,29.111205013919573,54.361157988360105,1.137035351773467,42.928205128205136,29.330128205128204,6.7200003733766,10.0
-3.388583691625854,28.20507504232109,59.22156429734393,1.1222012445039453,30.94105960264901,21.473509933774835,5.397152083999841,13.0
-3.046431044426936,27.60034901803174,63.54164071646817,1.0924303526938193,42.928205128205136,29.330128205128204,5.021469449857704,14.0
-2.645235685409112,20.487663188131403,64.4343731250888,0.9852918549636116,33.838961038961045,22.674025974025977,5.05221377636473,14.0
-3.3932590812906827,28.437287927102574,59.80404428802839,0.9295756480642863,33.838961038961045,22.674025974025977,4.881491040235879,14.0
-3.1123958516005565,24.380440759053837,62.5723880210163,1.0434921930339394,42.928205128205136,29.330128205128204,3.3220667427688504,21.0
-2.25758718559873,23.423951232958597,57.87803300346196,1.1504893172526565,33.838961038961045,22.674025974025977,3.1604521639811813,22.0
-4.389950391328206,25.464763610253765,53.124904202900595,1.1535109832834345,31.01180124223602,27.43167701863354,3.3051691888665893,21.0
-3.7426891669679376,20.91353242723556,57.87032618140216,0.8433993380281755,42.070253164556966,27.28860759493671,4.224078997440551,17.0
-2.3599512423463427,27.56646549352399,58.32623902156477,0.9713401135252603,42.928205128205136,29.330128205128204,3.9414191313603455,18.0
-1.8143794869384022,25.824350768882958,61.13686346320335,0.9858887824794997,42.070253164556966,27.28860759493671,3.030095246833796,23.0
-2.9649676736530015,21.865900968731676,53.298244845610235,1.1910461470095013,42.070253164556966,27.28860759493671,4.256686507950388,16.0
-2.903659544204053,21.882321997690457,55.524655731300975,1.0711992060970337,31.01180124223602,27.43167701863354,3.667404678867006,19.0
-4.178483965980671,21.84248651572674,55.46041203821849,0.9628985669048282,33.838961038961045,22.674025974025977,3.604118802839962,19.0
-3.157762899529636,20.57002387551934,64.39159393611747,0.8104231543942373,42.070253164556966,27.28860759493671,4.588420985613234,15.0
-2.9021482006349304,25.87798449371685,56.65917440490078,1.0261540640396785,30.94105960264901,21.473509933774835,2.9428114708779396,24.0
-3.772588489095811,28.403481775885083,61.3264095094722,0.8384303902553425,42.928205128205136,29.330128205128204,4.805520893029762,15.0
-3.692270307151857,20.174982139873887,61.26217072061659,1.1337799829391053,42.928205128205136,29.330128205128204,7.114735689924107,10.0
-3.368147510686132,20.490046449712736,53.98316277204862,1.1010074642281449,42.070253164556966,27.28860759493671,5.387759712343725,13.0
-4.439786406666821,25.727702766869456,58.57804534057598,0.9842036639632715,42.928205128205136,29.330128205128204,3.6264704531628613,19.0
-3.533762503250465,28.194956853860525,63.41454339977972,0.9716843118166799,33.838961038961045,22.674025974025977,4.910613911338964,14.0
-3.865655979010366,23.267388905686335,57.127965791854244,1.1589355862275075,33.838961038961045,22.674025974025977,3.633147177133697,19.0
-3.517507943466256,23.496143988077222,64.17676261013818,0.9153833401672514,33.838961038961045,22.674025974025977,2.943310428369892,24.0
-4.140713604542246,25.96346497496776,53.216873439862425,0.8996079848427083,30.94105960264901,21.473509933774835,2.501770176867087,28.0
-1.8284181577803151,22.74212889124147,51.11238658661046,1.1756789731303048,30.94105960264901,21.473509933774835,2.8594972504578235,24.0
-2.719222639337854,20.266083660776843,63.37180809717124,1.123698334701393,33.838961038961045,22.674025974025977,6.03065386428402,12.0
-2.4626930425665314,27.35228518101596,62.71521796943325,1.128250237226878,31.01180124223602,27.43167701863354,4.370904247835226,16.0
-2.1324862841779852,26.256499129414532,64.88884813900768,0.8780775257103702,42.070253164556966,27.28860759493671,2.9693518469677382,24.0
-3.004673403212828,25.80755999055659,60.190902321686394,0.8573183965723739,30.94105960264901,21.473509933774835,2.701677025130334,26.0
-4.239239135737729,27.41684128991823,64.05031890000724,0.810411819926854,31.01180124223602,27.43167701863354,3.6385354368323632,19.0
-2.8886803745443568,26.752308375620373,62.40423537626166,0.8948166035674721,42.070253164556966,27.28860759493671,3.4723158282291147,20.0
-2.7394766459373625,22.05881988178321,62.6663949968013,1.1096761966857298,42.070253164556966,27.28860759493671,4.312604612433514,16.0
-2.2636815774470103,23.52481046943351,58.537123556814024,0.8960153675056599,31.01180124223602,27.43167701863354,2.4804580145243396,28.0
-3.205021361310962,21.26110141678625,55.735468968750666,1.0916413134379503,42.070253164556966,27.28860759493671,4.561803546679784,15.0
-4.117259091613309,21.29857013417881,64.01837108814922,0.9007633061469686,42.928205128205136,29.330128205128204,4.5530394410873365,15.0
-3.6486722826038265,26.76195746356539,56.48175763423842,0.9581169991802687,30.94105960264901,21.473509933774835,3.1962970868418488,22.0
-3.4107531108040945,28.58600106982498,58.08229050874503,1.1932649159645634,42.070253164556966,27.28860759493671,6.2949040693627305,11.0
-2.5622482760051963,29.62732583861139,56.69171460687782,0.8979246925136543,42.070253164556966,27.28860759493671,5.575741183493078,13.0
-2.7876650859932646,26.283471175494444,58.47227470940295,0.9505482509193071,42.070253164556966,27.28860759493671,3.23184491047621,22.0
-3.4317098223064613,21.84101323360957,57.05757618488491,0.9204348721860854,31.01180124223602,27.43167701863354,3.353252633171193,21.0
-1.540454253621061,21.056503454489306,50.71951337869214,0.8438499945320009,42.070253164556966,27.28860759493671,2.9661835860103394,24.0
-2.6826755419293384,28.128509715367578,63.23072279011548,0.99595765685233,31.01180124223602,27.43167701863354,4.542600487670221,15.0
-3.788319624792017,25.787564763599992,56.665907283736544,0.951476265333201,33.838961038961045,22.674025974025977,2.942954215603404,24.0
-4.194652582138788,26.182850210137197,58.834154727610226,1.077954834322912,30.94105960264901,21.473509933774835,3.7605701983323,19.0
-4.041422582447004,27.814620887547093,52.0878170413698,1.1270378187806185,42.070253164556966,27.28860759493671,4.693308160578543,15.0
-3.7621268148464755,27.032772277324515,50.050817719739584,1.0176998857982553,30.94105960264901,21.473509933774835,3.2948514525847616,21.0
-4.017955880221333,28.344582528560966,53.679351404654646,0.8128785688349348,42.928205128205136,29.330128205128204,4.116785163841103,17.0
-3.940298927846083,20.562139054598784,60.56879048200025,1.0475689424938885,30.94105960264901,21.473509933774835,5.338354261079529,13.0
-3.6447144939184586,27.47520636746505,51.48791795169318,0.8221562920083757,42.070253164556966,27.28860759493671,3.279123527635837,21.0
-3.9798792141157353,28.508527573220952,63.63331160579702,1.04654252943961,31.01180124223602,27.43167701863354,6.060949053847662,12.0
-1.8097037261207243,22.861350424583144,53.22533854034277,1.0740119797076755,33.838961038961045,22.674025974025977,2.7969019093650402,25.0
-4.259298763015074,26.40447273993253,53.06890421437664,0.8791070510470074,31.01180124223602,27.43167701863354,2.785814779937055,25.0
-2.926465831289236,23.141620638369723,52.72261942432243,1.1277384594887083,42.928205128205136,29.330128205128204,2.9878683472263727,23.0
-3.2688095190310156,29.57971066482454,50.20972569457047,1.1644340526296193,33.838961038961045,22.674025974025977,6.477631649731874,11.0
-1.552864149274181,20.334235724355036,61.57708202717352,1.1252347856455278,42.928205128205136,29.330128205128204,5.531841329724434,13.0
-4.163883293495843,25.79792843832955,63.12551796867888,0.9220436760848328,33.838961038961045,22.674025974025977,3.2612959080285218,21.0
-3.306433202862775,21.66503547049515,59.212440539242984,1.0346572049782539,42.928205128205136,29.330128205128204,4.42686638106278,16.0
-1.5915887001738933,27.122202051771588,52.82299972519793,1.165926059676491,30.94105960264901,21.473509933774835,3.4327015114829633,20.0
-1.903478622318059,21.75890283418662,54.27916995411319,0.92826589048914,42.070253164556966,27.28860759493671,3.250645391446152,22.0
-2.04878378715216,22.353832618983574,57.138900460474446,1.12801112890617,42.070253164556966,27.28860759493671,3.5632663548158865,20.0
-3.7262915188651804,24.94370811045758,64.3151892743495,0.8037900525046786,30.94105960264901,21.473509933774835,2.4959759892526856,28.0
-3.9873372378298026,29.14834949996878,53.710270577266144,0.8014586811138705,31.01180124223602,27.43167701863354,4.476864021847001,16.0
-2.494070340226707,22.117143721479707,60.97468855879832,1.1038846641355868,42.928205128205136,29.330128205128204,4.087569873853683,17.0
-1.7118720326172427,21.442400211181035,56.5917233493938,1.1045790328508485,31.01180124223602,27.43167701863354,3.867484978956878,18.0
-2.8297113209582108,27.589768318540308,54.467710225400324,1.1155908751409176,33.838961038961045,22.674025974025977,3.9995766264119945,18.0
-2.7851619315903005,25.00619532333931,56.83873905533171,1.1720107351552649,42.928205128205136,29.330128205128204,3.243321859349037,22.0
-3.6600627190191473,29.117851123817715,51.06810076311849,0.8471625247281137,31.01180124223602,27.43167701863354,4.530959180635921,15.0
-2.191521200424189,21.466145571598425,61.980310563955435,0.8927939939934754,42.070253164556966,27.28860759493671,3.6401073046099635,19.0
-3.93886875432743,26.459278930230393,53.649528919744505,1.161489968149523,33.838961038961045,22.674025974025977,3.859561307703932,18.0
-3.528962290787269,22.32879146151815,60.88118184789455,0.8708944791089415,42.070253164556966,27.28860759493671,3.392048281473556,21.0
-3.2236906841507498,21.567604286516392,51.02522557172292,1.0728917070306336,33.838961038961045,22.674025974025977,3.837057006856541,18.0
-2.977168863946635,26.834294151572706,64.32647834248529,1.012185200016326,30.94105960264901,21.473509933774835,3.740425989510376,19.0
-3.772770802754759,25.936846199087334,52.89522478108548,0.833277470740603,42.070253164556966,27.28860759493671,2.450640282755237,29.0
-4.155489525782389,27.54827458362331,63.24113114310621,0.9141054647766131,42.928205128205136,29.330128205128204,4.565093445219482,15.0
-2.668139872675102,23.094625764461824,62.14209814423152,1.0081488865763872,30.94105960264901,21.473509933774835,2.9362943309670064,24.0
-3.6341083402792327,24.4797165638219,64.51789886122124,1.1409400466735335,30.94105960264901,21.473509933774835,3.5627289980692365,20.0
-2.756285335732163,24.054716763304185,57.16835991418624,1.0830153958458695,42.070253164556966,27.28860759493671,3.0105296381743973,23.0
-4.036911854177393,29.840894639665144,60.910959407689276,1.0487532645819733,30.94105960264901,21.473509933774835,7.987455283934315,9.0
-3.0565796944355474,22.922489567393878,55.56065985556676,0.9984131559765659,42.928205128205136,29.330128205128204,3.110010782846773,23.0
-2.9022317023452424,22.948172383467668,52.76552357029541,0.9194735935256537,33.838961038961045,22.674025974025977,2.5893349147199154,27.0
-4.3445293895327195,23.545482088286075,56.64613899400173,0.8476979645277045,42.070253164556966,27.28860759493671,2.8516305108505215,25.0
-3.4901871654182384,25.645940812903216,52.48623523082682,0.9636304138264382,42.070253164556966,27.28860759493671,2.6445396859962558,26.0
-4.096755969183077,22.523227442637452,64.73066934179576,0.8114073975645171,30.94105960264901,21.473509933774835,3.1619241845825266,22.0
-4.3098750885816965,29.152899403792738,51.443697367110744,0.8844223557067402,31.01180124223602,27.43167701863354,5.121957256753701,14.0
-1.5301193028301645,22.656855648662635,58.8381758517893,0.972993350349064,42.928205128205136,29.330128205128204,2.8527850426004546,25.0
-3.532938465075831,28.958157315601945,59.39695782881084,0.967442074268766,42.070253164556966,27.28860759493671,5.958778259758792,12.0
-2.0703766624360953,21.034750636465848,58.07119314311081,0.817718172398797,30.94105960264901,21.473509933774835,3.3247300320801676,21.0
-3.7360780357087084,26.565627023996523,59.9327882856775,1.0356240614101164,42.070253164556966,27.28860759493671,3.7606100725757585,19.0
-2.455491833328212,29.069855184382437,51.742711625178366,1.0198737023412945,31.01180124223602,27.43167701863354,4.782188638465455,15.0
-2.2193164203309403,21.687494383982294,58.325277863079364,0.8312417216083652,42.070253164556966,27.28860759493671,3.090727327335631,23.0
-2.7130837781764674,29.68326960099255,54.308188566910424,1.1772652209841756,42.070253164556966,27.28860759493671,7.158325682665241,10.0
-3.085271434349525,24.528833604155118,64.10264094951584,0.839753111580344,33.838961038961045,22.674025974025977,2.4671358290697922,28.0
-3.2644772575581946,29.457151084410246,61.431074801595884,1.1419336604949344,31.01180124223602,27.43167701863354,7.282631148958772,10.0
-3.453395200371014,26.768200436300468,64.58771723239614,0.8001238927660024,42.070253164556966,27.28860759493671,3.246411476486625,22.0
-1.7114125672565224,23.015868698735517,50.56334104610284,1.1529124380181532,42.928205128205136,29.330128205128204,2.8044261648372597,25.0
-2.008141776636813,21.883025249171062,54.27699762771063,0.807887892881725,42.070253164556966,27.28860759493671,2.7420737915039557,26.0
-1.6049192680004625,23.037350462250995,52.93133879957524,1.1031248127568465,31.01180124223602,27.43167701863354,2.807501053649288,25.0
-4.127108329543366,20.93017409262675,50.16731880967746,0.9446763245201012,42.070253164556966,27.28860759493671,4.295078252637146,16.0
-2.3073975743890673,21.438679663433298,53.63488595369482,1.095286720054528,42.070253164556966,27.28860759493671,4.040639693699173,17.0
-1.6849786295368867,21.046604403464812,60.18163975280643,0.9606980821699914,42.070253164556966,27.28860759493671,3.8864584759599454,18.0
-3.9563008015030197,24.229435437415578,53.46633383201853,0.8283631689327368,30.94105960264901,21.473509933774835,2.1843443757763024,32.0
-4.3005111978996675,27.955783762575862,57.63505168223927,1.1070026781581457,42.928205128205136,29.330128205128204,5.575735633120055,13.0
-2.276638052129823,21.4138355421634,63.31727172447498,0.828501074128546,31.01180124223602,27.43167701863354,3.2918243862870544,21.0
-2.7765806604602643,21.303204331723357,60.40636880523613,1.1688481743844872,31.01180124223602,27.43167701863354,4.894175324269881,14.0
-1.9745136697251837,26.434289495173307,55.91943604859048,0.8203896143166646,42.928205128205136,29.330128205128204,2.5012175003913404,28.0
-4.080682870121132,21.971829819680664,55.58703408368162,0.9917301111086062,31.01180124223602,27.43167701863354,3.732878374575746,19.0
-2.1141980644203295,20.976100381089918,56.83603721012727,1.0892137723403184,33.838961038961045,22.674025974025977,4.444572807378531,16.0
-3.8951180398567664,21.668485782055775,52.655621615898596,0.957298585916815,42.928205128205136,29.330128205128204,3.6369321181561824,19.0
-4.009032171402886,29.23731395876776,59.510011511239824,0.8868933898369739,33.838961038961045,22.674025974025977,5.805039161541541,12.0
-4.007202606207021,28.214712527761908,55.46229228656908,1.1036363845584107,30.94105960264901,21.473509933774835,5.129888912982115,14.0
-2.0562758393058536,23.54064562355094,62.78548023893065,1.1137178819154905,33.838961038961045,22.674025974025977,3.0536656701598974,23.0
-2.5044083379113995,26.558207673273927,61.34828990086724,1.1690779935817468,42.070253164556966,27.28860759493671,4.109765634600366,17.0
-2.930803725692642,25.37275673668038,59.1576974613824,0.9504660441724311,42.928205128205136,29.330128205128204,2.962911821193437,24.0
-3.4235085476294924,26.77124263482564,55.46303333974274,1.0025006937989307,33.838961038961045,22.674025974025977,3.448692807270961,20.0
-1.8683983775606752,26.826711524627594,53.148977475102264,0.9452513771384288,33.838961038961045,22.674025974025977,2.7004849774721595,26.0
-3.322664677732094,26.28734015059993,61.64227796158434,0.9028327287405473,42.928205128205136,29.330128205128204,3.280549807201255,21.0
-2.0502016815852686,22.661013685373085,57.296136484866295,1.1004131846150433,31.01180124223602,27.43167701863354,3.14002939160387,22.0
-3.1825952742893446,20.390064207628182,53.371250572660365,0.9358607380067822,30.94105960264901,21.473509933774835,4.213078953488011,17.0
-3.3691667117252773,24.55566781990109,52.9276192256001,0.9712597767969409,42.928205128205136,29.330128205128204,2.4745117159782897,28.0
-3.1119606429911806,28.90973884690704,52.481013567520385,0.9614694630496111,33.838961038961045,22.674025974025977,4.703313640098578,15.0
-3.5958663775075737,25.69497258518576,61.65741794308393,1.0850644902586983,33.838961038961045,22.674025974025977,3.542631306184332,20.0
-2.2571718594712467,28.32391041701908,53.43480777950467,1.1671182504442719,42.070253164556966,27.28860759493671,4.926887869482324,14.0
-2.9918388297225627,29.91624342961228,57.89963395287796,1.0667024245229508,30.94105960264901,21.473509933774835,7.10381617643941,10.0
-3.803361914559548,21.63616204138276,56.77319541459585,0.988633038437693,31.01180124223602,27.43167701863354,3.8931395339597312,18.0
-1.8012762801762947,26.91777639141982,58.69416348842426,1.1116820458955534,33.838961038961045,22.674025974025977,3.5974214480426143,19.0
-3.348326335880366,26.742935737000245,63.157323505567916,1.056388529648855,31.01180124223602,27.43167701863354,3.9629480628605416,18.0
-2.869341416658034,29.799554473582784,63.01621085122596,0.8242441428471254,42.070253164556966,27.28860759493671,6.204260951254102,11.0
-1.780583667106359,29.856007339528006,56.76614107737289,0.8382654345675367,31.01180124223602,27.43167701863354,4.795712833631986,15.0
-2.6272860122580237,26.866786117241297,50.23049376102085,0.8151667776294533,30.94105960264901,21.473509933774835,2.5779786565990834,27.0
-4.149305877874908,22.43614791982194,56.39665708571455,0.9827265304825279,33.838961038961045,22.674025974025977,3.5019431326508452,20.0
-1.6805036291595745,27.985558381305992,59.09290306136211,1.1303413737355859,42.070253164556966,27.28860759493671,4.614841442302934,15.0
-2.616875840785746,21.07029134211038,58.36647138647093,0.9252332677405408,33.838961038961045,22.674025974025977,3.7969680058405144,18.0
-3.4952831560287416,27.806993041716286,59.770041587003085,0.9536640732369926,33.838961038961045,22.674025974025977,4.1673630322078905,17.0
-4.082183782009838,29.101961241446965,52.31113598709625,1.1637908433471562,31.01180124223602,27.43167701863354,6.24119383128298,11.0
-2.117924432189112,23.828333947684353,59.69802648171099,1.134761378126662,31.01180124223602,27.43167701863354,2.868983557322229,24.0
-2.6397817322144594,26.306352949830803,52.739774281156585,1.066019244953024,42.070253164556966,27.28860759493671,3.1292353181259704,22.0
-2.8996167240710355,24.301427320968262,61.257859710451235,0.9067215128369005,42.928205128205136,29.330128205128204,2.649129793045265,26.0
-1.8183222508471273,24.377650549881285,55.0863141989402,0.8468165930753775,42.070253164556966,27.28860759493671,2.0617325959250485,34.0
-2.1342083663264075,23.1037088910812,60.648431500721806,0.8064235290720455,30.94105960264901,21.473509933774835,2.4221470526878077,29.0
-4.044975360801747,27.621296204503246,50.71798398359161,0.8428042690417684,42.928205128205136,29.330128205128204,3.387229779900255,21.0
-3.5648337966133554,29.361765641665052,56.1179003838637,0.9170385774495772,33.838961038961045,22.674025974025977,5.730598578784152,12.0
-3.754532580556603,29.407508592344612,60.57551783394999,1.0207160254317982,42.070253164556966,27.28860759493671,6.9660514908598765,10.0
-2.268161122281969,21.747812848749337,53.403057744972415,0.8256000331009548,42.070253164556966,27.28860759493671,2.7612347201824226,25.0
-4.399402695792662,28.747436496565662,61.92930567195834,0.8544911113273796,30.94105960264901,21.473509933774835,5.1639085047324995,14.0
-2.7903309453860503,27.374314414271222,59.46169599657398,0.8724322809231765,42.928205128205136,29.330128205128204,3.6182269108225484,19.0
-2.2126239427779284,22.528374006902894,58.813426582246976,1.0527928371933224,30.94105960264901,21.473509933774835,2.959860441383978,24.0
-1.8697030897147515,20.672846129215145,55.30323281306506,1.0463159195920497,42.070253164556966,27.28860759493671,4.264549431678268,16.0
-3.4737547538522775,22.67997266884378,57.23677205571676,1.0203062905488611,42.070253164556966,27.28860759493671,3.4463072750584303,20.0
-2.0362280859839617,29.122082367815256,58.9602395146678,0.9002005698783758,30.94105960264901,21.473509933774835,4.803191941599983,15.0
-4.168104789134379,26.33178674895772,57.086931708723355,0.9484478764874928,31.01180124223602,27.43167701863354,3.242699879434239,22.0
-1.9606431247964453,27.210546608978717,60.4746998591084,0.8386758865350973,30.94105960264901,21.473509933774835,2.780295551534254,25.0
-4.117534013004053,22.57152351109096,56.505453996604395,0.890584241503222,33.838961038961045,22.674025974025977,2.950180493617919,24.0
-3.308138128318898,27.193881555748202,53.034097726130454,1.1590820905890322,33.838961038961045,22.674025974025977,4.2001856742890435,17.0
-2.108113902661339,20.28121506277924,53.20900674201571,1.1918766985743314,31.01180124223602,27.43167701863354,5.049367074841991,14.0
-4.050247717953678,23.753213457730137,50.08705653264412,1.0590638342561178,33.838961038961045,22.674025974025977,2.69542907669853,26.0
-3.8122458143020754,26.267533485423314,54.51436573338009,1.166729316809368,33.838961038961045,22.674025974025977,3.8389730550137533,18.0
-2.333242294820801,21.4609656554132,61.23376460717779,1.05709676016057,42.070253164556966,27.28860759493671,4.44879251176909,16.0
-2.339890390361777,28.230035744469347,61.91244063256414,0.813278594442188,33.838961038961045,22.674025974025977,3.9005006006986673,18.0
-2.576557101344108,22.350312988119185,53.037013131436254,1.1987050339945635,42.928205128205136,29.330128205128204,3.596792536233583,19.0
-2.4181546665987,26.522811128184465,64.38565995307111,0.839580920674614,31.01180124223602,27.43167701863354,2.705679634167835,26.0
-2.8718266699572115,24.051971425753297,57.5360419022019,1.0730567205780241,30.94105960264901,21.473509933774835,2.8632101824418212,24.0
-3.7446028232791417,25.96043595477647,63.75468123527754,0.901134481229916,33.838961038961045,22.674025974025977,3.2072528782967056,22.0
-3.4629120194882415,21.07450552628908,60.601479227924465,0.956792445162784,42.928205128205136,29.330128205128204,4.7234720295097015,15.0
-3.955206849595723,20.169127999216073,60.836501345336195,1.0583736739203753,31.01180124223602,27.43167701863354,6.395512732240836,11.0
-1.7746483159991149,29.09564427380301,51.27565431959107,0.9745949397230829,42.070253164556966,27.28860759493671,4.304113268019191,16.0
-2.7498246157016384,22.69630008767183,53.29986690345396,0.9002184235724513,31.01180124223602,27.43167701863354,2.609023509631669,27.0
-3.2974457497090803,28.19677002780459,50.13222249941709,0.9337784747513299,42.928205128205136,29.330128205128204,3.8492410310829497,18.0
-3.113982589067602,29.993503004722,60.74191460715106,0.9366192467692706,42.070253164556966,27.28860759493671,7.116795468516954,10.0
-1.658149981164554,22.11431257998911,55.16657432642765,1.1837295618032855,31.01180124223602,27.43167701863354,3.3782429425232436,21.0
-4.0399457906517595,22.651707411833556,61.7997877411452,1.1194452063693805,30.94105960264901,21.473509933774835,4.000577638950944,17.0
-2.741310503949608,26.628597876346657,55.084043299055395,0.9834195085917601,33.838961038961045,22.674025974025977,2.983977957087921,23.0
-2.982333963346602,29.654486346006212,62.290006284482914,0.8799283681365457,33.838961038961045,22.674025974025977,5.829607301042604,12.0
-2.6656372936960566,29.158143481907437,51.9604738062247,1.1244064441050623,42.070253164556966,27.28860759493671,5.772744249780767,12.0
-4.445669448537479,25.028755200655848,52.60059735136262,0.8628729886433495,42.928205128205136,29.330128205128204,2.4599300604984156,28.0
-1.8836282731675453,27.95110282526725,55.11314809375905,0.8841848868568014,30.94105960264901,21.473509933774835,3.3231048636859337,21.0
-1.703645152549163,21.35745853099901,56.1273108332341,0.9464053567360604,31.01180124223602,27.43167701863354,3.3189568061273875,21.0
-2.8046004492323733,29.77438184204012,55.230542162644674,1.152139278340796,33.838961038961045,22.674025974025977,7.180593360832252,10.0
-2.410047528369323,29.643532340359865,61.4547054878483,0.8527146674536441,42.928205128205136,29.330128205128204,5.691987101070303,12.0
-1.732501856468113,21.63728957879171,51.45427088940072,0.8488936771418105,33.838961038961045,22.674025974025977,2.6207924934449576,27.0
-2.378284097059804,22.994231248031067,55.26825529457732,0.9975899953221063,33.838961038961045,22.674025974025977,2.86235876131886,24.0
-4.042382871257216,21.001549975067668,62.55859999273189,0.9105642164374699,33.838961038961045,22.674025974025977,4.632372891600531,15.0
-2.7711349194995605,22.717175988981797,51.00195615893258,1.027491176659264,42.070253164556966,27.28860759493671,2.754507797227369,25.0
-2.6798548608514325,28.159557894152066,64.13515261507037,0.9806546738732894,33.838961038961045,22.674025974025977,4.806120368916156,15.0
-3.227607986092842,23.783156071652595,64.7947526340802,0.9739836425404867,30.94105960264901,21.473509933774835,2.908560453427298,24.0
-2.2906672931258316,20.883969671467582,51.3285226073762,0.8447891881947973,30.94105960264901,21.473509933774835,3.3551964631728994,21.0
-1.6968989556929555,23.422255247789046,54.369087833836055,0.8564198760999361,42.070253164556966,27.28860759493671,2.276306205679299,31.0
-1.723294461279671,29.8138333424128,55.58600999053034,1.12843143097874,30.94105960264901,21.473509933774835,6.431938782008727,11.0
-3.1474818857876037,26.29683595259203,61.64587052979089,1.1543530950286978,42.070253164556966,27.28860759493671,4.08923039856031,17.0
-4.160285862477735,24.161609464061577,58.938902181751004,0.8938734131541001,31.01180124223602,27.43167701863354,2.751881002870262,25.0
-1.5454764031129962,21.6653851349727,59.66548550738851,0.8453842006099077,33.838961038961045,22.674025974025977,2.8496369563156168,25.0
-1.983305740662198,29.861767972836947,61.36264734227759,0.8213666687738043,31.01180124223602,27.43167701863354,5.26582367588045,13.0
-4.126011956390199,28.208490092631287,51.76968499155539,1.0433190454967587,42.928205128205136,29.330128205128204,4.779653570469514,15.0
-1.737474352147883,22.814773024509194,62.498141853653934,1.0861412850000822,31.01180124223602,27.43167701863354,2.936227185172667,24.0
-1.8903109138136154,20.700686957211893,60.58429706270216,0.9491239956812823,30.94105960264901,21.473509933774835,4.0549964590839505,17.0
-2.9434858286217835,20.56625557377558,58.66012587794555,1.0718703469962558,33.838961038961045,22.674025974025977,5.057348931200245,14.0
-2.7261736927652125,21.20378149505534,63.34603002174585,1.0851835262238105,30.94105960264901,21.473509933774835,4.933984660571112,14.0
-3.3029918883896094,25.807685836144216,60.50459530825711,1.1741369125587622,30.94105960264901,21.473509933774835,3.8394402780342065,18.0
-4.335715083533906,29.287634212054925,53.02549943946538,0.8259494551340429,42.070253164556966,27.28860759493671,4.976671070559183,14.0
-3.4944082750622973,24.967434280059845,56.446180716135004,0.8769166892924319,42.928205128205136,29.330128205128204,2.685129713325654,26.0
-2.0914396542059657,28.429454824561972,57.410643004036,0.8274103950387953,42.070253164556966,27.28860759493671,3.876510350091965,18.0
-4.486103930986191,24.458866198598077,50.828264401256085,1.1471975733344442,42.928205128205136,29.330128205128204,3.067967260772347,23.0
-3.4995024849265675,27.08583545767825,64.31956270040084,1.1170348640134273,31.01180124223602,27.43167701863354,4.585709368370357,15.0
-3.30549391922717,27.31872737286501,51.92865891195318,1.0298568282487357,42.928205128205136,29.330128205128204,3.6987043454647686,19.0
-2.8878131911862313,21.739637059033388,60.461919008400905,0.8334653640204733,42.928205128205136,29.330128205128204,3.4496959894835135,20.0
-1.7404331507617186,23.61216058975812,57.5934655413632,0.9093249434614878,31.01180124223602,27.43167701863354,2.118165704136895,33.0
-3.4609620169021165,26.37302156538024,50.38448374826634,0.9190879392234068,31.01180124223602,27.43167701863354,2.607458534233594,27.0
-3.459140394311317,20.70696608184366,63.87121213796543,1.0242972784061668,42.928205128205136,29.330128205128204,5.66015780948635,12.0
-2.2874962556707548,23.615401877629566,62.777552132284,0.9032175576146863,33.838961038961045,22.674025974025977,2.6385445418059628,27.0
-3.1433461773305784,25.347994662811924,57.86386891855753,0.8291839455651819,33.838961038961045,22.674025974025977,2.3376804086895095,30.0
-3.8261855311800543,29.96224493044639,53.43413504209168,1.0923049207413198,31.01180124223602,27.43167701863354,7.153519031880459,10.0
-3.14268145160192,24.745335626224406,51.82434336020141,0.9196320846621645,31.01180124223602,27.43167701863354,2.2161419140839107,32.0
-4.0774289388606,28.160567571143236,55.4508871914819,0.9809496708093203,42.070253164556966,27.28860759493671,5.049456131253099,14.0
-3.97083904048133,24.320672850666178,53.83142421569136,0.8510666539929221,30.94105960264901,21.473509933774835,2.258117867441424,31.0
-3.0048966817815606,27.963907226197087,57.60036801509448,1.1210193213578319,42.928205128205136,29.330128205128204,4.95747793280853,14.0
-3.2432236514863564,25.954148016201085,64.49613944185144,1.026212750769623,30.94105960264901,21.473509933774835,3.512206964231234,20.0
-1.7554622967956997,28.865954415023985,58.62430239844462,1.160634250483945,30.94105960264901,21.473509933774835,5.462695717836748,13.0
-3.4128183026501007,24.1094255235011,63.34896583835147,0.9981886252261334,42.070253164556966,27.28860759493671,3.0778873734202046,23.0
-2.7582349491658698,26.043044198214787,59.763182562436654,1.176570268727152,42.070253164556966,27.28860759493671,3.9804927237088585,18.0
-2.6032071362414086,26.30018680618827,57.12869789880801,1.1567472817525304,42.928205128205136,29.330128205128204,3.595726111087998,19.0
-4.460716630234999,24.173829418004733,62.81911344100057,1.0305839425836936,42.070253164556966,27.28860759493671,3.540028935918619,20.0
-2.5093878839498682,21.443120436874814,57.07052165259496,1.1735573752599453,31.01180124223602,27.43167701863354,4.365368001924312,16.0
-3.9658920993907456,20.935594069123354,63.029422557655415,0.9292354989178209,31.01180124223602,27.43167701863354,4.972865987266389,14.0
-1.6167890475916344,20.16671550599633,54.37365154363648,0.9462568650816845,42.070253164556966,27.28860759493671,4.112561617883003,17.0
-4.054011816740661,28.735342642452146,51.93219610644482,0.8181911805224148,30.94105960264901,21.473509933774835,4.0940781370645745,17.0
-3.2561276288189287,22.364749122386947,62.82971696544408,1.0356803627055413,31.01180124223602,27.43167701863354,3.985254368936917,18.0
-4.243950995764068,22.11506749281768,58.81122745689,1.0887695879715733,42.928205128205136,29.330128205128204,4.476235415632031,16.0
-1.5093772444621578,27.360354004260657,63.3363859737344,1.1094076760968412,33.838961038961045,22.674025974025977,3.916683976428446,18.0
-2.993414969006272,23.200161130873916,64.06740810488574,0.8599265144184414,42.928205128205136,29.330128205128204,2.862527749539301,24.0
-2.7138449480398688,25.060446924118366,50.804425855571736,0.9776636289250001,42.070253164556966,27.28860759493671,2.420200166051728,29.0
-4.298770567834717,21.625110652974563,57.514539527883024,0.8707452848375663,30.94105960264901,21.473509933774835,3.7735259232475595,19.0
-2.250118588802467,29.597457214619695,55.62446823611794,1.0648509395416994,30.94105960264901,21.473509933774835,5.849678643712591,12.0
-3.870283220713243,28.515814000172373,59.38787595605176,0.8631785489687073,33.838961038961045,22.674025974025977,4.752422492985392,15.0
-1.8058371316778588,28.637896229650032,61.90386795803485,1.1616654735824299,33.838961038961045,22.674025974025977,5.464396845816105,13.0
-3.8845810785539783,24.067737485720052,54.208853239615536,0.8922538582645654,33.838961038961045,22.674025974025977,2.3205079725599407,30.0
-3.9279368380090003,27.623612137071728,58.35197576559757,0.916560906515298,30.94105960264901,21.473509933774835,3.9261336798856554,18.0
-4.390350996455715,21.438761553897802,60.63092869857349,1.1403625288603998,42.070253164556966,27.28860759493671,5.695209810074741,12.0
-3.083799164670002,20.0861900259178,52.01646624253601,0.9833870440582895,31.01180124223602,27.43167701863354,4.709443174397498,15.0
-2.8054766002121507,20.199729325780282,62.211003589269005,0.8095983783200292,30.94105960264901,21.473509933774835,4.433196780607144,16.0
-4.302874081714943,25.866017374045605,59.0916439977946,0.9978345004810583,33.838961038961045,22.674025974025977,3.3925259660314224,21.0
-2.173417149914968,24.553949052479407,64.24306155670477,0.8338173341520493,42.070253164556966,27.28860759493671,2.5362660997184716,28.0
-3.1401334957559173,25.1801534890852,55.0929337869604,1.1941378874749242,31.01180124223602,27.43167701863354,3.0888353453756996,23.0
-2.92682919201726,20.074631404172194,51.62218913505798,1.035244628182241,30.94105960264901,21.473509933774835,4.926098759852167,14.0
-3.1777117591853155,24.226866196574257,57.59751801555388,0.9026130470443914,30.94105960264901,21.473509933774835,2.365855206987464,30.0
-3.297710817374022,27.18068161200861,51.28716157564158,1.0254870718190472,42.928205128205136,29.330128205128204,3.7901588698600923,18.0
-2.8210790060753466,24.42693701967436,64.5428978498601,0.8307468413527019,31.01180124223602,27.43167701863354,2.360987047590719,30.0
-4.034279262207862,27.322192063122223,50.580274373857876,1.1199565217075267,42.928205128205136,29.330128205128204,4.139674877614088,17.0
-3.9542156085141866,22.330189643968346,61.30255851660962,1.1701312215456654,42.070253164556966,27.28860759493671,4.7360705350610335,15.0
-1.914643136959448,28.131420044817254,57.87653597213366,1.1497777552824637,30.94105960264901,21.473509933774835,4.629663149932895,15.0
-1.6616536135991016,25.884312404534523,55.52930978747433,0.9367030409194251,30.94105960264901,21.473509933774835,2.360374109420974,30.0
-3.380072051160741,22.10763099429906,50.98763246762982,0.9303072478573474,30.94105960264901,21.473509933774835,2.9355127093679703,24.0
-3.687765980569339,22.36720475853833,59.33250386260411,0.8140350444865201,30.94105960264901,21.473509933774835,2.7947100617345515,25.0
-2.5680013702829525,26.28030464569537,58.77830494086433,1.0605601434803666,42.070253164556966,27.28860759493671,3.551476354713614,20.0
-3.273797486705711,28.299395932124433,54.213249096013996,1.013961913675918,30.94105960264901,21.473509933774835,4.567699549349217,15.0
-4.423840933018965,24.15627782029155,63.653325521154684,0.9837385485309366,42.928205128205136,29.330128205128204,3.6025731019463483,19.0
-4.031542207901429,22.583004291275923,54.56165011014255,1.1630523813338827,31.01180124223602,27.43167701863354,3.731597090902781,19.0
-2.3520833134578076,28.670116069106005,56.745881158881595,0.8671515604331386,42.070253164556966,27.28860759493671,4.275899081608891,16.0
-2.523228174269546,26.69268291750835,58.15643683877984,0.803866506676073,31.01180124223602,27.43167701863354,2.589548832415561,27.0
-4.418712022489549,24.480854872830765,51.50347817264429,0.8293265808483062,42.928205128205136,29.330128205128204,2.462717190136277,28.0
-3.8340835142011516,24.87900195279302,63.98242578820449,0.8893485751309476,42.928205128205136,29.330128205128204,3.1263318785448684,22.0
-3.806775610235786,22.042564679363963,55.618042286765615,0.8133142197053829,30.94105960264901,21.473509933774835,2.93210826645803,24.0
-2.484321769203815,26.26802630064844,51.211688208115156,1.0011374842572542,33.838961038961045,22.674025974025977,2.502946278350208,28.0
-4.440868386736907,23.587425105428885,55.80936760512995,0.9256361820934312,42.928205128205136,29.330128205128204,3.143422530606454,22.0
-4.187674254046279,29.95645176674349,59.00303820638871,0.8721932032272531,42.070253164556966,27.28860759493671,6.947538866528297,10.0
-2.100251743880432,24.801835152618878,57.70479007731994,1.1000336299794649,31.01180124223602,27.43167701863354,2.6565926071304915,26.0
-3.964366013836999,24.858856061896134,60.418129610559106,0.8817805304930121,42.928205128205136,29.330128205128204,2.8867438360743307,24.0
-2.541761676444376,25.65851787410672,50.83225913101866,1.0750420403975172,31.01180124223602,27.43167701863354,2.4374804112768835,29.0
-3.7854516568598204,29.167560031187467,54.26810915408084,0.9397059623390556,30.94105960264901,21.473509933774835,5.36605317265858,13.0
-4.201675821721965,28.008180998597503,62.288458652601534,1.0047311042650218,30.94105960264901,21.473509933774835,5.0133370219783595,14.0
-3.7704834270016376,24.511300697978413,51.198405316870414,1.173546815940528,31.01180124223602,27.43167701863354,2.9418800483512086,24.0
-2.3331992044330225,27.18699265972796,62.832289320439365,0.8149406539263252,42.070253164556966,27.28860759493671,3.22652669852881,22.0
-1.9329105956811428,25.862354987807617,51.37844138115659,1.0001058029909848,33.838961038961045,22.674025974025977,2.4921926576658917,28.0
-2.0093404062990254,24.92367048701249,62.51681322337544,1.1417691841310473,42.928205128205136,29.330128205128204,3.2339055099523932,22.0
-3.3084494111446356,21.923157727843506,55.411826016180896,1.0351896993481393,33.838961038961045,22.674025974025977,3.7417237904361738,19.0
-2.4957445902880613,24.63936263454891,59.18313594885824,0.9107482067860627,42.070253164556966,27.28860759493671,2.5134242816109285,28.0
-3.8850471137525373,22.458185870225748,52.29330673471997,0.9590724540580138,42.070253164556966,27.28860759493671,3.1804929402123543,22.0
-3.62055680921696,29.148421498516548,50.992530825877715,1.0721062514914297,30.94105960264901,21.473509933774835,5.548558919870488,13.0
-1.8109925444366408,23.35406813496347,53.239073060302026,1.1563247577255211,42.070253164556966,27.28860759493671,2.8501459415301533,25.0
-4.460994229467792,29.522640145333725,51.91780726863043,0.8164265494986447,30.94105960264901,21.473509933774835,4.824065402572323,15.0
-4.2434744074365955,25.33055290094711,54.68608846519447,0.8286155287561506,42.928205128205136,29.330128205128204,2.46711223042158,28.0
-3.876341234561918,26.315443786761605,57.715748697665305,0.930020609443835,42.070253164556966,27.28860759493671,3.3064673767991404,21.0
-4.420403388378541,25.42940444489328,58.83139195347514,0.8931118737749916,42.070253164556966,27.28860759493671,2.978839895638328,23.0
-3.9556936947306083,21.293806169667008,61.848021610696144,0.9059723544889624,33.838961038961045,22.674025974025977,4.292135846012776,16.0
-2.7508753170909235,23.75821219007941,59.843598398725376,0.8885079994503524,33.838961038961045,22.674025974025977,2.4735987140758406,28.0
-3.235726348222506,20.99146112277624,59.1313748769433,0.8783300195420631,31.01180124223602,27.43167701863354,3.87224460586628,18.0
-1.8219848667690757,26.22954044183382,56.17673041228662,0.8522495867477168,31.01180124223602,27.43167701863354,2.2345620074651187,31.0
-2.0476693147846774,24.46874195200439,57.10712652440208,1.1735816527180951,42.070253164556966,27.28860759493671,2.9677273372920148,24.0
-3.474547944906372,27.779849715709368,56.21781244085272,0.8576757855624613,30.94105960264901,21.473509933774835,3.568924144060266,20.0
-3.7217296997061227,22.2047048099937,62.63249045092075,0.8817615099062145,31.01180124223602,27.43167701863354,3.4676664805132753,20.0
-3.3609227754981994,21.64566058429335,53.450006788226,0.8985062895923143,42.928205128205136,29.330128205128204,3.395890458897423,21.0
-2.7291151724555767,24.063322309637677,50.08581397312947,1.1732059492521683,42.928205128205136,29.330128205128204,2.733769867321731,26.0
-3.6958090775313712,29.26585383218381,59.76979845839359,1.102285653440434,31.01180124223602,27.43167701863354,6.758965235510065,10.0
-2.627553276452598,27.10421815012412,53.03693275458247,1.115879772126206,31.01180124223602,27.43167701863354,3.805095003081137,18.0
-3.271765043426279,24.189236247929188,63.35172704464714,0.8419033038153992,42.070253164556966,27.28860759493671,2.5628825269921673,27.0
-2.8438584574440595,25.172721697543103,62.88569494559984,1.1345239500062687,42.070253164556966,27.28860759493671,3.458513567299789,20.0
-3.19162041259405,20.842130111770985,51.15091057892309,0.9632772327269672,30.94105960264901,21.473509933774835,3.9156771847949705,18.0
-3.616602721374247,29.84575896376113,51.59582608121116,0.9051292104849555,42.070253164556966,27.28860759493671,5.865403508180299,12.0
-1.65464007911353,26.66407304694919,57.42757388369999,1.0303000334081243,30.94105960264901,21.473509933774835,3.0321059055979758,23.0
-2.2091826175207174,22.854040684634224,59.13833994154032,1.1288731623266934,33.838961038961045,22.674025974025977,3.265204715310871,21.0
-4.079660472700643,25.858083942152444,54.123625062233614,1.1114608604299638,42.928205128205136,29.330128205128204,3.543697447359547,20.0
-1.8945960723062614,21.09482366068994,60.751965750490555,1.1559989930324528,42.928205128205136,29.330128205128204,4.917248943540539,14.0
-3.037706405251459,29.658366688075837,58.92374031378307,1.1712528744061776,42.070253164556966,27.28860759493671,7.839383245704577,9.0
-1.8163433193177259,21.74784987883366,54.87236164622832,0.8952488285710999,31.01180124223602,27.43167701863354,2.833527971091425,25.0
-2.1004342321580545,26.48030318055214,50.380572320634734,0.9695431576677087,42.928205128205136,29.330128205128204,2.742944609862919,26.0
-3.2243594865922995,22.454544625389303,61.25225421947776,0.805851415682028,31.01180124223602,27.43167701863354,2.811065739190963,25.0
-4.432592075039648,27.175613826485357,53.22130498737624,1.151728663706024,33.838961038961045,22.674025974025977,4.386992714553026,16.0
-3.6939679218451618,27.76821367240281,62.51710615193943,0.861828860589907,42.070253164556966,27.28860759493671,4.381631222557519,16.0
-2.8750973560173994,26.734197289114327,56.30435390081383,1.1445899249370777,31.01180124223602,27.43167701863354,3.7788101487236605,19.0
-2.599565340521558,26.144994602551925,58.65616163947648,0.9317549287946385,42.928205128205136,29.330128205128204,3.0912802773718218,23.0
-3.7263369437003933,28.92469093952012,63.09423095613503,0.9472534359924553,31.01180124223602,27.43167701863354,5.637725920908675,12.0
-4.081931777781527,20.78626710989758,62.9543450137993,0.8156529017935438,30.94105960264901,21.473509933774835,4.477420553097551,16.0
-1.9952092896021028,23.30914765780195,55.5727936286536,0.9307515159061278,30.94105960264901,21.473509933774835,2.3965048070263677,29.0
-1.5467934578893434,22.482874796308458,53.13333339072265,1.1553454731205055,42.070253164556966,27.28860759493671,3.059476559764061,23.0
-2.9229294530919425,29.880139620654216,61.62719116592892,0.8102189604486417,42.928205128205136,29.330128205128204,5.969473626570682,12.0
-3.9849621424550894,23.893897796668735,56.496203054031966,0.9625309892186902,42.928205128205136,29.330128205128204,3.0494601956226077,23.0
-3.683078020441893,27.326126992403985,52.88062990338506,0.8125598519250965,42.070253164556966,27.28860759493671,3.0241109951514984,23.0
-4.4448279703576,26.847251638810047,63.56638013475725,0.948369370043626,42.070253164556966,27.28860759493671,4.265928559130195,16.0
-1.7571035803185029,22.120812374773777,52.97156291361631,0.8690562563121165,33.838961038961045,22.674025974025977,2.556972418268363,27.0
-4.146746751329577,22.389976802115513,50.38710752286847,0.9008873573073488,30.94105960264901,21.473509933774835,2.7135878730281138,26.0
-2.7704505734572393,22.81284563553034,50.3041996065113,1.1510393492645676,42.928205128205136,29.330128205128204,3.160366739432002,22.0
-3.677834337938382,24.111272782593794,59.33473034681396,0.9744196882487564,30.94105960264901,21.473509933774835,2.881067328513602,24.0
-2.8374659924526195,22.34325065650527,59.92512591076296,0.9095191965607649,31.01180124223602,27.43167701863354,2.9823708801604867,23.0
-2.5457388349444074,20.196514827468476,54.66562557585476,1.0357353511802192,30.94105960264901,21.473509933774835,4.752835033005212,15.0
-2.010774588878395,28.793930568071957,54.80016483870595,0.856842783933033,30.94105960264901,21.473509933774835,3.7984296961931614,18.0
-3.8807361847181903,29.65609831380884,55.09240872589914,0.9037566429683423,30.94105960264901,21.473509933774835,5.850588722826062,12.0
-4.4670125140245585,23.41570387031568,60.20237820138318,1.0184991870411555,33.838961038961045,22.674025974025977,3.4963095396768473,20.0
-4.089343109793578,23.385068794254728,50.872006865402426,0.8950092167392275,33.838961038961045,22.674025974025977,2.395928342113722,29.0
-1.7999440744556847,20.07091812774371,63.936745290369885,1.0716510949603493,30.94105960264901,21.473509933774835,5.683278613933177,12.0
-1.8783297673124544,26.802506883303742,53.3378156626617,0.996596520903809,42.928205128205136,29.330128205128204,2.8884975017496926,24.0
-2.707760693489075,28.254398957486288,64.99509807863139,1.1087956281018763,42.928205128205136,29.330128205128204,5.702812890621351,12.0
-2.69844941869904,21.466083003600033,52.572840406807806,1.1792978142889874,30.94105960264901,21.473509933774835,4.037684644741051,17.0
-2.5048899763612336,21.596663493671507,61.573196859685666,0.8463219557389632,42.070253164556966,27.28860759493671,3.569778691384585,20.0
-3.9738861641296515,27.900832499714376,53.35118817394437,0.9338660039938179,42.070253164556966,27.28860759493671,4.225900287528206,17.0
-1.7567641622251209,26.162907483541446,51.21270202464881,0.9278196251513626,31.01180124223602,27.43167701863354,2.230053077412886,31.0
-3.2436884253237808,20.44860557627717,63.123999865259734,0.8604731677349018,31.01180124223602,27.43167701863354,4.627329539961916,15.0
-3.3505844152515074,26.225469904622816,62.88126888786338,1.1241212549333883,42.070253164556966,27.28860759493671,4.042826036526902,17.0
-2.9432468841514874,23.08917722843766,56.05355588674402,1.103951481615516,42.070253164556966,27.28860759493671,3.313172368068335,21.0
-4.359102099674835,23.68725155470846,60.53594213810641,0.9937701883337596,42.070253164556966,27.28860759493671,3.2826259771227115,21.0
-4.001149893731762,27.697314182968803,58.35598899025876,1.0151083111178438,33.838961038961045,22.674025974025977,4.52734317387047,15.0
-2.285899150720889,28.109351926726106,62.794341705106234,0.8238176552009986,33.838961038961045,22.674025974025977,3.734825705330516,19.0
-4.25160399622462,24.003566268398306,54.72583953977981,1.0222029409308182,33.838961038961045,22.674025974025977,2.808842232422023,25.0
-2.6905436716008353,29.47152936006355,57.85508599998478,1.1165366096078546,42.928205128205136,29.330128205128204,6.798918722930834,10.0
-3.763952670956037,24.064627179520723,57.280585568068254,1.029531029433543,31.01180124223602,27.43167701863354,2.976168497234163,24.0
-3.3321131578740704,27.718360352301097,55.30858739385288,0.9061225480481676,42.070253164556966,27.28860759493671,3.818569354688317,18.0
-3.6339187896879004,24.838772645642592,63.37182596834558,1.0670193089337348,33.838961038961045,22.674025974025977,3.333246189417944,21.0
-3.4329818506051524,28.97532326522084,52.48816886993803,0.9445953719860991,30.94105960264901,21.473509933774835,4.667624005499899,15.0
-2.3428622844472633,29.077612436501788,52.242629592810445,1.017949313714294,31.01180124223602,27.43167701863354,4.904679012593273,14.0
-3.608634853130475,20.874168078710838,58.65364302984127,0.9950261453115699,33.838961038961045,22.674025974025977,4.690962660576686,15.0
-2.8007860791093084,29.364933313102256,59.86241344977413,0.952470000386072,30.94105960264901,21.473509933774835,5.678978997454595,12.0
-3.071848793402701,28.255348415204157,52.91928881486848,1.087551192157654,33.838961038961045,22.674025974025977,4.580793989958326,15.0
-2.5089865039120554,27.91310714312667,55.860761633819365,1.1535504447943528,30.94105960264901,21.473509933774835,4.515155182798035,16.0
-1.6895107820257262,22.009113396855223,64.19845764468116,0.80208500739077,31.01180124223602,27.43167701863354,2.809493598511529,25.0
-2.302283708369249,28.05119208754665,53.69926134036011,1.1734466076921468,33.838961038961045,22.674025974025977,4.387760669147387,16.0
-3.85517886422773,28.501327346850367,60.02541053176091,1.00460605443329,33.838961038961045,22.674025974025977,5.468210510859323,13.0
-4.406450594816146,22.89150334454151,61.10224090546386,1.080292752145306,33.838961038961045,22.674025974025977,4.0415118845568365,17.0
-3.713207867100525,29.52260078362324,56.721930491977396,1.142249826470351,31.01180124223602,27.43167701863354,7.369920494277605,9.0
-2.7147662078992356,20.498601463991644,64.06288980139374,0.986841476925708,42.070253164556966,27.28860759493671,5.401536216125826,13.0
-4.345722559547249,21.499092532471398,61.04985102828186,1.1339896293459562,31.01180124223602,27.43167701863354,5.189222634221679,13.0
-3.010901258396291,25.375811380515145,56.86886869791347,0.871047927782081,42.070253164556966,27.28860759493671,2.7323283150239392,26.0
-2.7094714532493325,25.757924711223097,58.54002802664141,0.8636670137919258,30.94105960264901,21.473509933774835,2.571325071767351,27.0
-3.4972683275491177,26.451500833009035,60.38920165137651,1.0629885475424614,31.01180124223602,27.43167701863354,3.6239818745223835,19.0
-2.1872633887625343,20.169691293154663,58.88285270643827,1.148057202220695,31.01180124223602,27.43167701863354,5.565786637437343,13.0
-4.180205240598685,29.603667746221305,63.18046375739114,1.1569704710144157,42.070253164556966,27.28860759493671,9.147069711774101,8.0
-4.274586654792573,20.44588092734144,55.353329934206016,1.0574961833508987,33.838961038961045,22.674025974025977,5.452640771621136,13.0
-2.3154337313891897,21.430619527234025,54.49828610083708,1.010195692083727,42.070253164556966,27.28860759493671,3.8238760813800234,18.0
-3.0135260513814046,20.14014517526057,53.20758334242896,0.9325572350786064,30.94105960264901,21.473509933774835,4.5114236047632295,16.0
-2.4347928107167918,25.668584332940945,50.566744520968925,1.1920001662397324,42.070253164556966,27.28860759493671,3.03816192655516,23.0
-3.1955179841887613,29.322668839209722,50.64520946570083,0.9278782746665002,33.838961038961045,22.674025974025977,4.8205544255396715,15.0
-3.7607939002826796,26.65947166080464,63.05082789663924,1.0976744428926373,30.94105960264901,21.473509933774835,4.14237700515862,17.0
-2.042693046977401,28.226574684804273,60.17589719608861,1.0127927199620004,42.070253164556966,27.28860759493671,4.763755420840815,15.0
-2.101752363093062,20.1328120345858,59.90798623154729,1.0434049370101386,33.838961038961045,22.674025974025977,5.25335536470041,13.0
-2.41591058743672,25.420152984797262,59.219642284023294,0.9573922202354505,42.070253164556966,27.28860759493671,2.6950087840171575,26.0
-3.683564588310112,24.59562977505522,62.738287170411574,1.1859292501888992,33.838961038961045,22.674025974025977,3.6892594541422237,19.0
-2.7293079993927387,24.98967944220793,57.20400388498441,1.0286729304397084,42.070253164556966,27.28860759493671,2.855538460779883,25.0
-3.4170783091799195,20.72213185335188,63.056162428374506,1.175115052183516,30.94105960264901,21.473509933774835,5.97812050007686,12.0
-4.225253780020098,26.844353610693076,55.39167539273359,0.8030365664695657,30.94105960264901,21.473509933774835,2.8434388028424196,25.0
-1.7480592736132716,25.032204148586345,63.90061256508636,1.0290682332764485,30.94105960264901,21.473509933774835,2.6848059674605538,26.0
-4.089544107243116,27.65148849861264,60.4798547012186,1.0868747558901086,42.070253164556966,27.28860759493671,5.337607747232113,13.0
-1.6492879385375927,24.852906340617153,53.85765704036641,1.0980320684648872,42.070253164556966,27.28860759493671,2.472959618204101,28.0
-3.161982681126133,21.493816362264322,58.46127382532938,1.1619907527126725,33.838961038961045,22.674025974025977,4.513467933412578,16.0
-3.944601213484141,26.482569540778222,57.995458422323836,0.8017606436015146,42.070253164556966,27.28860759493671,2.7399441306411414,26.0
-2.8742971578649255,21.723863621051663,52.06848232595501,0.8001320637037906,31.01180124223602,27.43167701863354,2.4921551431991773,28.0
-1.881162492370775,28.723945633548148,58.86864358625921,0.9889053843180862,42.928205128205136,29.330128205128204,5.005703300506979,14.0
-2.3033253407713166,26.131162390692417,54.721784355754366,0.8117174820021483,30.94105960264901,21.473509933774835,2.1866860431802344,32.0
-2.0803165564156507,21.572038835569543,50.785231502144036,1.1898130214649498,33.838961038961045,22.674025974025977,3.773674944421338,19.0
-2.523649899867848,29.623380574812067,64.22984236559847,0.8888260698165568,33.838961038961045,22.674025974025977,5.986573851501122,12.0
-2.4231703064464427,25.183654633353207,59.62235553596432,0.9890658917459378,31.01180124223602,27.43167701863354,2.655746972899326,26.0
-1.9524130453040422,20.72898451871655,63.153783978062705,0.8244550520048894,42.070253164556966,27.28860759493671,3.942091391417026,18.0
-3.7509959734224423,26.268329044150672,60.140840075198795,1.0088193664685035,42.928205128205136,29.330128205128204,3.7646673284097756,19.0
-3.0317251090705786,22.531989070128102,55.35475538210169,0.9519824500589634,42.070253164556966,27.28860759493671,3.0911648488800054,23.0
-3.8363716745411933,28.036934518773023,57.69032108493217,0.8178640115508895,42.928205128205136,29.330128205128204,4.169124396018601,17.0
-1.536995976010059,28.178220735661906,60.13620140520766,0.9340497066784899,42.070253164556966,27.28860759493671,4.070880065691892,17.0
-1.6678219809401602,29.789473558546618,64.40378487802157,0.9565744080891423,31.01180124223602,27.43167701863354,5.979467198874673,12.0
-4.381719565894482,25.018695310245036,53.80504188682545,1.195968596509976,33.838961038961045,22.674025974025977,3.3751012319186904,21.0
-2.3832744824529346,24.54956879727737,63.12465587936177,0.8831543487677502,30.94105960264901,21.473509933774835,2.365891047179673,30.0
-1.7242550477530028,27.534756054464808,63.861167079414045,1.0179118461480399,42.928205128205136,29.330128205128204,4.25546135094123,16.0
-3.9582739646179994,21.324706563419266,60.05623271988435,1.1949262196794515,42.928205128205136,29.330128205128204,5.686189262730976,12.0
-2.7961643083421115,25.469155137931242,63.968999411020064,1.116807683176054,31.01180124223602,27.43167701863354,3.3168893227017184,21.0
-1.7535351072358747,25.46247600130851,55.96817881216053,1.1973470003528355,33.838961038961045,22.674025974025977,2.9629771334475383,24.0
-4.398162064242603,20.894731228103872,64.29524264060665,1.1873193258640677,30.94105960264901,21.473509933774835,6.519033068529741,11.0
-2.4077391982594802,24.179840855069138,60.54174315748962,0.9958158168376617,33.838961038961045,22.674025974025977,2.72412938218857,26.0
-3.6079529778823476,28.53284798567202,50.63008651128218,1.0785503399482264,31.01180124223602,27.43167701863354,5.008630648010537,14.0
-1.7268114138704087,28.561536219946603,63.60309247728579,0.8441772507764604,33.838961038961045,22.674025974025977,4.176245360222329,17.0
-1.5868252645038967,20.99237664919681,57.26709213549789,0.9764595300187208,42.070253164556966,27.28860759493671,3.8667458936696315,18.0
-1.6672005326596984,20.907208827478307,56.90490477166749,1.123607416906679,33.838961038961045,22.674025974025977,4.219858887570853,17.0
-3.077357350027609,22.626954770019353,58.49699908969451,1.0021341283908574,42.070253164556966,27.28860759493671,3.333532169404209,21.0
-1.9138720470320596,28.747660625539936,52.24076820156842,1.0810796131268927,33.838961038961045,22.674025974025977,4.631863305119698,15.0
-1.966351804394789,21.28902585073499,57.03749072851098,1.0983005319937107,31.01180124223602,27.43167701863354,3.8776450338606825,18.0
-3.5426985802702333,27.199968026274462,62.46690825076618,0.9013876564971576,31.01180124223602,27.43167701863354,3.9337958558834574,18.0
-2.013253577547968,21.01165619613103,50.23223688706273,1.1502797491770262,33.838961038961045,22.674025974025977,3.984729702914552,18.0
-4.388977095853522,26.231378537478253,54.09375740486557,0.9839289723636716,42.070253164556966,27.28860759493671,3.3506308856404723,21.0
-2.7111903645538407,23.56067299119145,50.03681879665766,0.8840740414486176,42.928205128205136,29.330128205128204,2.138506686091119,33.0
-3.8099734881368907,27.889139629658672,56.235669637247724,1.1461663527153774,33.838961038961045,22.674025974025977,5.142103218672519,14.0
-4.138299342668164,22.336904488253637,60.92473265740602,0.9671275224425014,42.928205128205136,29.330128205128204,3.797349408783868,18.0
-4.269140395112372,26.392018293899596,61.98157743671943,1.1001249753518878,31.01180124223602,27.43167701863354,4.343415943887714,16.0
-2.4111336723655805,22.35682534575885,64.1778464169051,1.019213228888637,31.01180124223602,27.43167701863354,3.6599629694754485,19.0
-3.4803751086958017,27.136602831121536,59.1275691945618,0.9527487008938001,42.928205128205136,29.330128205128204,3.971521102706272,18.0
-2.3256996854137157,28.736780345607485,53.81940299979343,1.1239505660154276,33.838961038961045,22.674025974025977,4.926716512218557,14.0
-4.303930977603173,21.2680179912676,63.86221923705048,1.0337879726578452,31.01180124223602,27.43167701863354,5.19382668498197,13.0
-3.554128986508169,28.665956885955033,61.62973630820564,0.9562248409708127,42.070253164556966,27.28860759493671,5.748427366906857,12.0
-2.8815261228739883,25.93575254414298,58.61642724504717,0.8438391481340508,31.01180124223602,27.43167701863354,2.5558236408668114,27.0
-2.1278305054831095,21.27110490867024,60.43460323578404,1.1581781255066832,42.928205128205136,29.330128205128204,4.719048804741504,15.0
-3.5437424912037905,24.27541855359712,63.864745325111436,0.8141878341366666,30.94105960264901,21.473509933774835,2.458121519455692,28.0
-2.6223258706889725,21.60860293485098,60.68591042709382,1.1452749393472224,42.928205128205136,29.330128205128204,4.622855048547196,15.0
-1.8420667552914387,27.003478888665697,55.52561761377101,0.9439846099532622,33.838961038961045,22.674025974025977,2.842141600453037,25.0
-2.652410435453086,27.5886813441795,60.69542303433645,1.0557355054005624,42.928205128205136,29.330128205128204,4.6478065033397815,15.0
-3.801121575739099,21.05796520272799,50.60417244103082,1.168879889534274,30.94105960264901,21.473509933774835,4.464256767086746,16.0
-4.426797655330386,25.061398526946444,55.796233427458716,0.8606826462015594,33.838961038961045,22.674025974025977,2.6362629333084966,27.0
-1.8897033782972104,28.146250560259173,56.09484547768369,1.026780190255524,42.928205128205136,29.330128205128204,4.113228777817782,17.0
-4.436191767448839,29.361630415509964,52.50257351631252,1.1057731449480768,33.838961038961045,22.674025974025977,6.583925174174445,11.0
-1.8758949819474018,25.1351786674177,50.346282208276556,1.1030335330876229,33.838961038961045,22.674025974025977,2.195499635299568,32.0
-2.913188597918364,29.502792236114068,52.000718549566145,1.0102527658398015,31.01180124223602,27.43167701863354,5.371970899261551,13.0
-1.6827969044613114,25.3568897045603,59.81932243695583,1.049895783962583,30.94105960264901,21.473509933774835,2.815550256491785,25.0
-2.1036502926790037,23.94190494599908,62.03433224545532,1.1030107976531378,30.94105960264901,21.473509933774835,2.9877477239578325,23.0
-1.5061976683999876,28.482031285528954,64.8230523909046,1.1364110551029647,42.070253164556966,27.28860759493671,5.485253211845538,13.0
-3.4478645536448695,24.92982710458089,55.195452546627415,1.1047252387503455,30.94105960264901,21.473509933774835,3.056595504247879,23.0
-2.1984351332066194,24.71902510564523,58.99068833391652,0.9416019772724971,42.070253164556966,27.28860759493671,2.6496419605479495,26.0
-3.2942072591722735,24.903124894098283,64.05717450222683,1.1986905604230933,42.928205128205136,29.330128205128204,3.8983611842824946,18.0
-3.0603731390882736,28.467850018697455,52.505626720072286,0.9738010774877217,42.070253164556966,27.28860759493671,4.683999207187126,15.0
-2.6174836103448897,28.31941541688052,60.76468379514114,0.8097858811035734,42.070253164556966,27.28860759493671,4.094816004679652,17.0
-1.8789686574409838,24.03519992440211,61.32468099723745,0.9450467806341848,42.928205128205136,29.330128205128204,2.6575038194376956,26.0
-1.5477495924021145,23.33299859870525,51.334633038040074,0.8511131818295373,42.928205128205136,29.330128205128204,1.9164847855463516,37.0
-2.1951797584064456,24.919280240391295,62.918740777745974,0.84857704629135,42.070253164556966,27.28860759493671,2.506000618763415,28.0
-3.246699653497999,25.727725097371092,62.19657570666266,0.9126140160427577,42.070253164556966,27.28860759493671,3.062811342598326,23.0
-3.2359289931687893,22.38337210627997,50.501045098661514,0.8213501976709043,31.01180124223602,27.43167701863354,2.4474002443133736,29.0
-2.2872530952333254,27.939550847155907,51.366266223200775,1.0754048753638252,42.070253164556966,27.28860759493671,3.9539318440697326,18.0
-3.7836685626950928,24.864827657324227,50.736903408377785,0.8295955536807621,42.070253164556966,27.28860759493671,2.2203512622840975,32.0
-4.168577660605816,23.340455484199595,55.021152976990436,0.8813158221743825,31.01180124223602,27.43167701863354,2.5540233248964457,27.0
-3.4361335270776703,21.068209929639906,57.63933486019889,0.8371598857976478,42.070253164556966,27.28860759493671,3.6666670266891708,19.0
-3.638283025037755,22.38845160403607,57.98521591931943,0.8252670923612124,42.928205128205136,29.330128205128204,3.124894018834616,22.0
-3.6110756386320295,29.49281171755984,54.01500139654164,0.9071006662158166,31.01180124223602,27.43167701863354,5.208873522760672,13.0
-3.79917674685027,23.050996868195266,63.673953298404115,1.028759587064148,42.928205128205136,29.330128205128204,3.80185632918424,18.0
-4.373720431090915,21.688592893670354,55.5239418480787,1.1858742225787366,42.070253164556966,27.28860759493671,5.049436939129203,14.0
-4.446378195799759,24.606727916549932,50.68325233948029,1.1502226617398426,31.01180124223602,27.43167701863354,3.0685986129852867,23.0
-1.5368328307919055,23.070877433602487,54.50340667312079,1.15037357017813,42.070253164556966,27.28860759493671,2.913387463275557,24.0
-3.216680598792413,20.35159250271194,57.96664133816233,0.8704268144150631,33.838961038961045,22.674025974025977,4.510996273775369,16.0
-3.347020058520955,23.23145217279417,56.12332733882348,0.9059628773991281,42.928205128205136,29.330128205128204,2.818725679221912,25.0
-2.4610581519207906,25.441086239394686,54.10763778648889,0.8305573267181223,42.070253164556966,27.28860759493671,2.2552630422360322,31.0
-3.8452383364048073,25.51712372019967,51.96984874646476,1.111387335966074,33.838961038961045,22.674025974025977,3.2306339182302164,22.0
-1.650116448149324,23.565589211768888,62.287467501443444,0.8279265205942248,30.94105960264901,21.473509933774835,2.218849564198335,32.0
-2.140964956753344,24.473027562526006,64.94217863186287,1.0226782683283413,42.928205128205136,29.330128205128204,3.016123404153019,23.0
-4.231766993063221,29.655179182347666,54.943132002858235,0.8991502289295803,42.928205128205136,29.330128205128204,6.147085437968249,11.0
-3.247257672645215,23.773484772303117,55.72431566264906,0.8973782536114979,42.070253164556966,27.28860759493671,2.6008815562418106,27.0
-1.862645077313506,22.58226813259983,59.27056287015436,1.196290022099042,42.928205128205136,29.330128205128204,3.7711460287255028,19.0
-1.665803933125769,22.434670440667603,60.77662212103312,1.102711922791415,42.928205128205136,29.330128205128204,3.500945366963354,20.0
-3.097795466250391,24.57764612704134,55.88044302205387,1.13477574331642,31.01180124223602,27.43167701863354,3.011981844308068,23.0
-2.659765832367877,27.59520148716944,63.57394275472723,1.028793074137605,42.928205128205136,29.330128205128204,4.567993074839861,15.0
-3.9988981617237744,22.05988184188473,58.400059838433776,1.1484057149574998,33.838961038961045,22.674025974025977,4.501907237653189,16.0
-1.5264941215890704,27.09296127140768,56.755851146088965,1.0581962156665412,31.01180124223602,27.43167701863354,3.326004847936873,21.0
-3.8049848958496697,20.21149823349416,59.70009129739858,1.1784694819185382,42.070253164556966,27.28860759493671,7.1381955360665374,10.0
-1.671804677594623,24.18932977983946,64.2920577237376,0.9125354344182547,30.94105960264901,21.473509933774835,2.421659544084155,29.0
-2.5510600530228946,27.758650652027868,61.918284416325584,1.038127818313158,33.838961038961045,22.674025974025977,4.329527588671221,16.0
-2.6767896153634227,23.387329557744316,50.600196958026864,1.0760525391747569,30.94105960264901,21.473509933774835,2.5358914636795564,28.0
-2.961934466950474,25.637371014453993,54.98464866109939,0.9571749220111226,42.928205128205136,29.330128205128204,2.79461588276371,25.0
-3.807990564846724,22.04979232825911,57.05817027426834,1.1518831929616213,31.01180124223602,27.43167701863354,4.473193890485442,16.0
-3.970415903983475,27.41995391126172,54.71776358313658,1.1919212652416618,42.070253164556966,27.28860759493671,4.886090682484518,14.0
-3.838541372789474,20.522791032687596,60.502813412456845,0.9975077965490646,42.070253164556966,27.28860759493671,5.701970506928439,12.0
-3.9406852135672366,28.525426448755006,62.39403724793871,0.9562562619217356,30.94105960264901,21.473509933774835,5.344318432127225,13.0
-2.16124657929974,21.98196386421668,60.97017642777907,0.9887751714225834,33.838961038961045,22.674025974025977,3.3535186162536443,21.0
-3.4496242224998097,28.743980317083306,64.83999930242413,1.1410946982927725,42.070253164556966,27.28860759493671,7.059457751339506,10.0
-4.326471970309811,23.525292413005175,54.088214718395434,1.058187370207267,42.928205128205136,29.330128205128204,3.0665981489129592,23.0
-1.5926921095775661,27.226835744744868,63.124842425366325,0.8179089490072381,30.94105960264901,21.473509933774835,3.0080811637247775,23.0
-1.848642345109723,23.192252977861884,61.499339977617296,1.0168679641782858,31.01180124223602,27.43167701863354,2.601241433174691,27.0
-1.716743150414361,29.059116712346476,55.43268136337219,0.8069200490963879,31.01180124223602,27.43167701863354,3.720211713801893,19.0
-1.5152765320606942,21.266371255183742,61.01186815485453,1.1114141484013622,30.94105960264901,21.473509933774835,4.038419397393218,17.0
-3.978314252341538,21.785197892725986,51.561139346273706,0.9313249094169855,33.838961038961045,22.674025974025977,3.2546208539813164,22.0
-3.311273943292024,24.930301251588023,61.84000223510829,0.9888029928469317,30.94105960264901,21.473509933774835,3.067040127241836,23.0
-2.225284572887726,20.81938439038146,57.98495903880654,1.1194712423630528,31.01180124223602,27.43167701863354,4.7148459316969005,15.0
-2.411938145838623,21.95980184701762,54.3843525906388,0.8185795269143047,30.94105960264901,21.473509933774835,2.4855653869886054,28.0
-4.038312280980435,29.437663822120143,59.8366595267627,0.8634166142366442,30.94105960264901,21.473509933774835,5.717856344785181,12.0
-2.052500625028147,29.76489661147887,59.62429998071613,0.959184150578046,31.01180124223602,27.43167701863354,5.712335300061806,12.0
-3.826678284490018,23.76259329330422,53.142293340794,0.8919700654182242,42.070253164556966,27.28860759493671,2.541282604472649,28.0
-3.8285471555321307,29.232860210139357,50.455961222172895,0.9351605703100252,42.070253164556966,27.28860759493671,5.247941238449257,13.0
-2.889076731319759,25.448246756734317,56.50433880352511,1.199269895156986,30.94105960264901,21.473509933774835,3.4306021307114474,20.0
-2.7211801954748904,22.69742465873767,58.54267804016632,1.1301657750295242,42.070253164556966,27.28860759493671,3.46888749612219,20.0
-2.7597413764865664,27.023987210805984,63.149079175558974,1.1535607259840435,42.928205128205136,29.330128205128204,4.6021339203124505,15.0
-4.225539487806735,26.589018065748572,63.92325193471392,1.1748218534263102,33.838961038961045,22.674025974025977,4.714607932039601,15.0
-1.8676174121088591,29.891253191087333,57.9320782723515,0.9363743521256782,33.838961038961045,22.674025974025977,5.7195183679873525,12.0
-3.7031998722338817,22.650472874092834,61.30705225652817,0.9188307831185891,42.070253164556966,27.28860759493671,3.4497706660627188,20.0
-4.1114552361515875,26.720595026617353,56.58954908491995,0.89362499702883,42.928205128205136,29.330128205128204,3.4445951152392382,20.0
-1.8337557603930685,20.520237550294468,61.191232348593395,1.132046764523249,42.928205128205136,29.330128205128204,5.497051869500856,13.0
-1.63304550531074,21.136460386967194,53.0720228740875,1.071820744914074,31.01180124223602,27.43167701863354,3.534903454920402,20.0
-1.913617148203648,20.039183749510933,55.56597102205297,0.894468792993151,42.928205128205136,29.330128205128204,4.518259772158342,15.0
-2.071451775825366,29.994606810596732,59.513419982204226,0.9507975316841819,33.838961038961045,22.674025974025977,6.199803268247042,11.0
-2.534274058082935,28.022736971474778,50.272369484106186,1.0026847055731194,33.838961038961045,22.674025974025977,3.7660626565345483,19.0
-2.8474278881725823,27.86723014733541,60.83691965508431,1.0112560229095016,30.94105960264901,21.473509933774835,4.522520005648228,15.0
-4.23903972026577,25.097260752881798,62.5330325190225,1.1554910914206857,30.94105960264901,21.473509933774835,3.806978201867841,18.0
-3.2746403607879038,23.0006708290544,55.98712491640927,0.9522264531788865,30.94105960264901,21.473509933774835,2.954408234285044,24.0
-3.381934448963058,21.51264284462676,56.71913625765747,1.163409612200205,42.928205128205136,29.330128205128204,4.866633811147714,14.0
-3.7207386487190215,22.846747388464635,62.76923318324796,0.9765470241279158,33.838961038961045,22.674025974025977,3.449345435265061,20.0
-2.329739658934245,23.75971221929139,61.6348195298905,1.0985490699169416,42.928205128205136,29.330128205128204,3.207580026176656,22.0
-3.012372794763688,27.56310096980294,54.322242335500626,1.1721017279940225,42.070253164556966,27.28860759493671,4.565105916578445,15.0
-4.256861352277056,25.396617889031525,54.85964159842308,1.1630302815853066,42.070253164556966,27.28860759493671,3.539039573577217,20.0
-3.8394503941505658,20.77483626555483,60.18317348585895,0.8227811469182725,42.070253164556966,27.28860759493671,4.552920237975297,15.0
-2.4502237090212122,20.18029008958912,58.447971386722415,0.8822817179906279,42.928205128205136,29.330128205128204,4.677923259721937,15.0
-4.271607421529099,21.02332179534063,52.43344356644745,0.99076217021291,31.01180124223602,27.43167701863354,4.28882544358184,16.0
-1.9463792578536938,24.104987136973794,54.648948638437496,0.9726217159812429,30.94105960264901,21.473509933774835,2.287702637194095,31.0
-3.014560418958077,29.331929170490184,63.49974915317981,1.0563566659348829,30.94105960264901,21.473509933774835,7.0256307946849565,10.0
-3.058240268020056,26.374024812092216,60.32261655083395,1.1778836203301648,31.01180124223602,27.43167701863354,3.7681956395528955,19.0
-2.722776646021447,28.01825899875515,64.78961476528279,0.8449618845111796,42.070253164556966,27.28860759493671,4.134156615583538,17.0
-2.0259571022245524,24.663745945045484,61.50518794971154,0.9807434660536962,42.928205128205136,29.330128205128204,2.5694761517055973,27.0
-3.456572376293421,23.616660831950426,64.12961648215385,0.8769644151548558,33.838961038961045,22.674025974025977,2.8250423210278655,25.0
-2.4659515423228093,21.084003727166227,53.24282860805713,1.157643039359179,42.070253164556966,27.28860759493671,4.563932795298378,15.0
-2.802804108012627,28.75933022186205,61.57227312225389,1.1858320743206612,42.928205128205136,29.330128205128204,6.655862891078819,11.0
-3.698915189491736,27.831600290279027,50.30326280221696,0.99148067275614,42.928205128205136,29.330128205128204,3.974951226176636,18.0
-1.8641100409345261,21.681180975977252,60.061400325673006,0.8416041190912563,42.070253164556966,27.28860759493671,3.119019549760002,22.0
-2.1077219351792156,25.122605638762607,57.03923417180362,1.1141178666890692,33.838961038961045,22.674025974025977,2.7512274914579242,25.0
-2.5246444960247234,24.873748079212447,55.20140107880103,1.0788565401969596,42.070253164556966,27.28860759493671,2.8352298090333306,25.0
-1.9482548127172743,26.250915526865285,62.936065284396335,0.9418683306441242,42.070253164556966,27.28860759493671,3.140986722109821,22.0
-1.898117397120593,29.461868939912613,62.81401538986296,1.1549629895875855,42.070253164556966,27.28860759493671,7.20592515302902,10.0
-2.3749110698548956,25.797714417624796,50.33452557347965,1.190332755913083,30.94105960264901,21.473509933774835,2.9271276700700954,24.0
-1.9889600149089839,25.402172667786186,59.14257683674147,1.0231415396520782,33.838961038961045,22.674025974025977,2.801424554877162,25.0
-2.407585614992149,20.503229329346638,55.517483364814346,1.0262911645377168,30.94105960264901,21.473509933774835,4.5207874346623305,15.0
-2.4595776847190987,20.629074760180238,56.23491502250674,0.9190054020455112,30.94105960264901,21.473509933774835,3.965728781386133,18.0
-2.644165865354447,21.873467913267888,62.48061108828164,1.0338024143933258,42.928205128205136,29.330128205128204,4.045594853104592,17.0
-2.241850081327076,20.324707716917484,54.64759657291518,0.9758569282099386,33.838961038961045,22.674025974025977,4.331862953928671,16.0
-4.024184684120779,27.433528955700126,64.1457321595643,0.9208764107712207,30.94105960264901,21.473509933774835,4.200071577987429,17.0
-1.8573877224032147,27.23330303993963,52.694507395582114,0.8268740786095605,42.928205128205136,29.330128205128204,2.7129109280685597,26.0
-1.8844694167643041,21.360562344316428,59.940836350522666,0.90108314388365,42.070253164556966,27.28860759493671,3.585953657266277,20.0
-4.412258150896323,28.36078900795281,60.08157600520647,0.8791418598710659,42.928205128205136,29.330128205128204,5.138788151049616,14.0
-2.022549748305712,21.54786034846112,53.782927421418776,1.0168167938215795,42.928205128205136,29.330128205128204,3.402422061289903,21.0
-4.113390397579664,23.011755869973587,54.87125913450803,1.0406680087054374,42.928205128205136,29.330128205128204,3.550126430439004,20.0
-3.4946434372225745,22.48976899161365,62.521977388699106,1.0434286897224065,31.01180124223602,27.43167701863354,3.738743787153289,19.0
-2.2694752311251767,23.723070985730477,61.42707882432428,0.9552724004182717,30.94105960264901,21.473509933774835,2.5063362027490843,28.0
-4.017720311855076,22.54663765889962,54.93643820472139,0.9684918934741984,42.070253164556966,27.28860759493671,3.3198262817109865,21.0
-2.0460989276428134,24.88950926438452,58.00934820402401,1.133695371856256,42.928205128205136,29.330128205128204,3.224366541951542,22.0
-2.003597466126774,24.074078813546855,50.92520444379643,0.990493125406865,42.928205128205136,29.330128205128204,2.2379345158551955,31.0
-2.9775967987174914,29.865694907793266,53.13118823597944,1.195109332854849,42.070253164556966,27.28860759493671,7.508417983407189,9.0
-4.480842384849499,20.559263501282256,57.287308382905984,0.9758468920035459,31.01180124223602,27.43167701863354,5.163446410338739,14.0
-3.6388856004752617,21.421813763873516,51.28960602918817,1.0598323778471355,42.070253164556966,27.28860759493671,4.109742636422811,17.0
-2.649219244872773,20.528258939086026,62.64998532337906,0.8201451995973583,33.838961038961045,22.674025974025977,4.099383598747663,17.0
-1.5564414659177297,26.25841194982376,60.77009315161472,1.0613359697675242,31.01180124223602,27.43167701863354,3.025041922120437,23.0
-2.6045594189499948,20.545092774137196,64.15450505972743,1.1405705577660024,31.01180124223602,27.43167701863354,5.928935231795057,12.0
-3.7205892568075205,28.364397373761236,60.402003589460406,1.1769831354133184,33.838961038961045,22.674025974025977,6.217912488458176,11.0
-2.597982890701166,25.11938630681928,64.10602058393279,1.1989282446559082,30.94105960264901,21.473509933774835,3.3825904448429296,21.0
-2.8800438608524335,25.27007624581534,58.31768833536448,0.9128714582596933,42.070253164556966,27.28860759493671,2.611344664852626,27.0
-2.1604638145465693,25.615945077121943,59.00327916592954,1.0301480259302866,31.01180124223602,27.43167701863354,2.712024583138621,26.0
-4.1790580835191244,21.708137063062107,64.65456581939391,0.9802871942128589,42.928205128205136,29.330128205128204,4.761181288859749,15.0
-2.216916292493916,21.976903031144875,59.631937202963904,1.0255269922300685,42.928205128205136,29.330128205128204,3.8124162847457455,18.0
-2.8762002639716693,23.188173228730047,50.461798532911196,0.8629811828759387,42.070253164556966,27.28860759493671,2.267127487525955,31.0
-1.6110239884230162,25.934964158218513,60.85704164945785,1.1424598290383765,30.94105960264901,21.473509933774835,3.1072302914812546,23.0
-3.474383501883942,22.101177759402145,63.582030382061234,1.163827577337835,42.928205128205136,29.330128205128204,5.036910551213179,14.0
-2.6021343205981555,21.163317271332613,61.9337037469149,0.979864665245169,42.928205128205136,29.330128205128204,4.554046071326342,15.0
-1.7039156834699476,29.70116886418432,58.75749908938134,0.9121719446294307,31.01180124223602,27.43167701863354,5.229997133161737,13.0
-4.192470816027962,20.21981814809623,60.069552696402745,0.856333371061205,33.838961038961045,22.674025974025977,5.295642543892132,13.0
-1.6883145382906468,28.026974053360217,64.85287683877507,1.0735059299111218,33.838961038961045,22.674025974025977,4.739252833211644,15.0
-2.43634283309756,27.88035149575022,51.359931327640076,0.9248927358482941,33.838961038961045,22.674025974025977,3.12928315985847,22.0
-4.296488822684484,22.972141138450958,60.00867242949859,1.1638154279653554,42.070253164556966,27.28860759493671,4.316206216429265,16.0
-3.597109299159551,21.356266160073133,54.250965418558906,1.068404989937948,42.928205128205136,29.330128205128204,4.302323622025904,16.0
-2.3754837340641553,21.456286467054234,59.60135594879255,1.0582741300696963,42.070253164556966,27.28860759493671,4.302352926356478,16.0
-4.297948195593685,26.974316172371925,59.11435363825908,1.0237608463592964,42.928205128205136,29.330128205128204,4.1366229811945585,17.0
-2.75348861947118,26.428065910861736,52.30185248162243,0.8183105357714903,31.01180124223602,27.43167701863354,2.249525084917527,31.0
-3.46235082914113,27.827456742513867,53.101199686103584,1.1727689742742347,30.94105960264901,21.473509933774835,4.6148834079172945,15.0
-2.6372534466975686,29.374811723991044,59.3244436706482,1.051174997319784,42.928205128205136,29.330128205128204,6.3949344866266715,11.0
-4.362773898562462,26.91927363266592,51.92344920955661,1.1976247933532442,31.01180124223602,27.43167701863354,4.1218227915570935,17.0
-1.8853895815428712,21.558515365514435,53.97771312695484,1.0149425619091548,30.94105960264901,21.473509933774835,3.3789809009134686,21.0
-1.579533092467809,22.434426167654106,62.528683216070036,1.0840443567624853,33.838961038961045,22.674025974025977,3.308185201752729,21.0
-1.5933664341429257,28.421937308731145,54.90637259002458,0.8224838231464889,30.94105960264901,21.473509933774835,3.2951647665568005,21.0
-2.251044504771226,22.093060758342084,57.320902344044946,1.0526944707293644,30.94105960264901,21.473509933774835,3.265782326764265,21.0
-4.109741279608104,20.725223169544815,64.1171050271876,1.105859844636143,31.01180124223602,27.43167701863354,6.136344890131001,11.0
-2.2252104122129324,27.032800540422507,53.40723633255419,1.1114057179410228,33.838961038961045,22.674025974025977,3.4602011534189057,20.0
-4.4262392506235955,24.02526355490142,55.844390260370155,1.1080446608921142,42.070253164556966,27.28860759493671,3.331067674842989,21.0
-4.433629345413008,29.200400525459038,59.096866633153184,0.8905130509174671,31.01180124223602,27.43167701863354,5.628058749613133,12.0
-3.529169342551376,26.502550710936617,61.33008394255958,1.1901593910420902,42.928205128205136,29.330128205128204,4.538124353573775,15.0
-3.034070428786003,20.904189777916606,63.52480080069058,1.1980728482499754,42.070253164556966,27.28860759493671,6.242564719854793,11.0
-2.1887777465766205,29.478565672536607,63.73209481360273,0.8302383500646405,33.838961038961045,22.674025974025977,5.155301603800257,14.0
-2.4501138701804845,22.58557263640246,61.64960111558935,1.1745785691247028,31.01180124223602,27.43167701863354,3.7261640407000356,19.0
-3.162291880869755,23.372124904062858,53.42496254889966,0.9157796777217477,31.01180124223602,27.43167701863354,2.455349980752518,29.0
-3.6791200011550025,24.02260413683542,50.372139950638484,1.0757136327003858,31.01180124223602,27.43167701863354,2.688886621726777,26.0
-1.5086264995268666,20.512242964043132,55.75660895533436,0.9352443682944529,30.94105960264901,21.473509933774835,3.7894704149882985,18.0
-3.221456093292081,24.965154222306047,52.12323276481735,1.1871017293492485,42.928205128205136,29.330128205128204,2.869206293028453,24.0
-3.1458389270109737,21.23318491075292,60.65581471157447,0.8406015433214142,30.94105960264901,21.473509933774835,3.552788261125529,20.0
-4.009128536424992,24.00970326688352,59.91695880238575,0.9990987267825504,30.94105960264901,21.473509933774835,2.961076583522736,24.0
-2.115571353750212,23.507097879920842,50.65957462432182,0.9712191167768298,42.070253164556966,27.28860759493671,2.339581405460539,30.0
-2.418953322655534,27.728400834265035,62.548906686964266,0.930409380911194,31.01180124223602,27.43167701863354,3.9044938257346886,18.0
-3.837691161633719,28.03170511632731,53.731148994367736,1.0582135963520594,42.928205128205136,29.330128205128204,4.9141366761342695,14.0
-4.252856863152472,21.53412882389088,56.48340613236563,0.852422297368667,42.070253164556966,27.28860759493671,3.7754967793848877,19.0
-2.4585020937758606,23.665511873792262,60.019006031836135,1.0866649672534787,42.928205128205136,29.330128205128204,3.0195819032071913,23.0
-2.5364663571565944,23.733531610318316,56.4412818027838,1.1922368495219149,31.01180124223602,27.43167701863354,3.218064939462286,22.0
-3.680221419005372,21.51410443936085,56.61931704199915,1.121823485787452,30.94105960264901,21.473509933774835,4.6223483463215995,15.0
-1.6474093132487688,27.984535050511905,50.984419930036104,1.1440067011638182,42.070253164556966,27.28860759493671,3.9085311938816547,18.0
-4.0468263246572995,27.07228328335423,56.02165323890006,0.943854697271601,42.928205128205136,29.330128205128204,3.7932146787592016,18.0
-3.2029955968721944,21.903817862970346,61.472718398299754,0.9299546425924875,42.070253164556966,27.28860759493671,3.734349973269625,19.0
-1.6691522394972034,23.66721908593799,63.727645057798966,1.0068193418760534,42.070253164556966,27.28860759493671,2.8772623980333356,24.0
-3.240818049221633,21.05805024856514,56.202457055950575,0.8182906459049091,42.070253164556966,27.28860759493671,3.752112807529031,19.0
-2.5844221570077432,26.28206597093044,56.35378740318618,1.178143253782613,30.94105960264901,21.473509933774835,3.6401905018812397,19.0
-3.307216806111617,21.213719245486196,60.53940659485478,0.8575140692064769,42.070253164556966,27.28860759493671,4.0787432880234356,17.0
-3.67735439295399,29.859341686249177,64.14158001657916,1.161205215667237,31.01180124223602,27.43167701863354,8.91235889742121,8.0
-1.5480670561205154,27.80682074687862,54.005914103590406,0.8334328888001423,31.01180124223602,27.43167701863354,2.778352851990297,25.0
-3.271997981054871,23.90238549583995,56.602163098069056,1.129049971071424,42.070253164556966,27.28860759493671,3.2660409933311985,21.0
-1.817702388962597,25.785639322793543,61.93959865328452,0.8607850103512861,42.070253164556966,27.28860759493671,2.6620232874253817,26.0
-3.8101361823267412,29.113418162164088,59.14540354061058,0.8152526456365892,30.94105960264901,21.473509933774835,4.919580874034381,14.0
-3.86068588792475,25.54099280395826,51.65879515945932,1.0877957801037634,33.838961038961045,22.674025974025977,2.8965482144678574,24.0
-4.406597751346466,21.744984863979553,59.41599103343398,0.9121061200697713,42.928205128205136,29.330128205128204,3.9471346058728445,18.0
-2.544999523872345,23.787033555811593,52.801194268959904,1.0857984611137397,33.838961038961045,22.674025974025977,2.698439088183834,26.0
-3.3944209688287166,28.431448650297455,57.65323901117606,1.022034100189128,31.01180124223602,27.43167701863354,5.0198638150769845,14.0
-1.906925250481089,26.44213015989618,57.936549014906575,0.8435229560920263,42.928205128205136,29.330128205128204,2.509764542856908,28.0
-3.0803702799253285,26.507243843338003,63.143050433374775,1.1728520293204654,31.01180124223602,27.43167701863354,4.244972334029393,16.0
-1.5954197162558348,28.66821485688489,56.93741411018657,0.980925669905391,33.838961038961045,22.674025974025977,4.253336642407173,16.0
-3.9434234528906367,28.939730574625045,54.19163633353841,1.0937789111194751,42.070253164556966,27.28860759493671,6.1980077004268885,11.0
-1.8941304961331675,29.197925717794362,53.464495223240476,1.0004082288062501,31.01180124223602,27.43167701863354,4.699765840617083,15.0
-2.170209441624775,20.94849193253156,63.11377815026504,1.041744589984482,42.070253164556966,27.28860759493671,4.817026284788174,15.0
-2.187234466067844,25.44126001963101,52.56516281627343,0.921109436942677,42.070253164556966,27.28860759493671,2.315556864805435,30.0
-1.965650315649337,27.405095212183184,56.388028413247156,0.8801441216013801,33.838961038961045,22.674025974025977,3.1261966818382008,22.0
-2.2169280271710035,27.569268451270137,52.807596723904204,1.017028081363227,42.928205128205136,29.330128205128204,3.4913851296001748,20.0
-2.6213390351057537,26.06716201970004,61.59956060171563,0.9760875891884008,42.070253164556966,27.28860759493671,3.233310400551716,22.0
-4.1062653669528375,21.667873351836743,57.115589599619284,0.9560452853735733,42.070253164556966,27.28860759493671,4.107769105921797,17.0
-4.402421461526244,27.974205539416644,55.267155358352184,1.0690268780378491,42.928205128205136,29.330128205128204,5.220853285110556,13.0
-1.7374564565529393,27.201113335149458,55.416494609397006,1.0762026528044544,42.928205128205136,29.330128205128204,3.6357888854727136,19.0
-2.650049056437786,20.861357715490364,62.78321310084469,0.8183680224365053,31.01180124223602,27.43167701863354,3.832717499073322,18.0
-2.110388127071471,24.638098246743763,58.30660931441657,0.9354977976974689,42.928205128205136,29.330128205128204,2.5150217513700697,28.0
-3.05543294546235,21.739773995218037,60.76801776696895,0.964705820090551,30.94105960264901,21.473509933774835,3.831089431372288,18.0
-4.148075433112816,23.37477045712972,63.455577743760266,0.8387568644656673,30.94105960264901,21.473509933774835,2.8262181174974828,25.0
-4.124442623392349,20.180810922056853,63.52612514060963,0.8943603466793154,42.070253164556966,27.28860759493671,5.909778224010261,12.0
-2.443304138313086,24.003298684107584,54.927635815067944,0.8206567188891027,31.01180124223602,27.43167701863354,1.9825202372346409,35.0
-3.209082315301612,25.498769211562106,64.28676894719578,1.198496839446808,33.838961038961045,22.674025974025977,3.8480622195342344,18.0
-3.89842581989899,26.195825928270867,50.373138230219084,1.0946228811879377,31.01180124223602,27.43167701863354,3.1114020385352132,22.0
-3.0252163597756896,26.6349034512871,55.65253341524249,0.8349800626011015,42.070253164556966,27.28860759493671,2.8363074855521204,25.0
-4.307373188774598,28.362913131024598,63.436982862632625,0.8080997519160369,42.928205128205136,29.330128205128204,4.890201569896636,14.0
-2.7540857942568038,22.154629072757302,54.119553197254746,1.087715120060912,30.94105960264901,21.473509933774835,3.4341550506126177,20.0
-3.693019786694707,21.20481822438468,54.09622175481977,0.9756768662730668,31.01180124223602,27.43167701863354,3.9901210034552115,18.0
-2.1073226980884354,28.515371718979257,54.53933427622833,1.1147186836258305,33.838961038961045,22.674025974025977,4.588065869158095,15.0
-3.5689141232292787,21.5661281489265,59.184700772703835,1.1693904151273535,42.070253164556966,27.28860759493671,5.070691293850849,14.0
-3.1343395527545965,29.747600813361952,56.57499163421531,1.039720155606549,33.838961038961045,22.674025974025977,6.6377432628827755,11.0
-4.4651383802756985,28.42538229398637,60.90102254530014,0.8748433691669013,42.928205128205136,29.330128205128204,5.232299644139963,13.0
-4.282659336616323,25.008766058895993,63.423659638469985,1.112877614418581,31.01180124223602,27.43167701863354,3.6147705550562206,19.0
-3.3225193307799454,29.814214249220253,60.11299062414291,1.1823246972697499,31.01180124223602,27.43167701863354,8.028468473021846,9.0
-3.0601834958486296,20.97376729108004,53.06700080296363,1.0320925148239823,30.94105960264901,21.473509933774835,4.18895588068351,17.0
-2.6999383556420886,23.030657611751018,63.99022853540753,1.0727989789122934,42.928205128205136,29.330128205128204,3.6003308661951046,19.0
-3.6250122638720903,26.382244150406116,53.96739310021218,0.9349898780146693,33.838961038961045,22.674025974025977,2.953195990469876,24.0
-2.4150543416203725,23.500068684731787,52.24841442992237,0.9526110778641245,33.838961038961045,22.674025974025977,2.297364447151469,30.0
-1.9196328084323864,29.283725519807916,51.34950918291441,1.0938617991412256,42.070253164556966,27.28860759493671,5.3220266866932535,13.0
-2.160447033319951,20.656260881778177,58.45075610999248,1.1711084393627276,42.070253164556966,27.28860759493671,5.3365447907732575,13.0
-4.381143523954929,25.494118320609644,51.70643693720978,1.051595354889741,42.070253164556966,27.28860759493671,3.02067477807012,23.0
-3.058479158226513,25.908662673951145,52.08163826168946,1.115939163394139,33.838961038961045,22.674025974025977,3.057787632235961,23.0
-4.185209464745475,26.527281237772243,54.50045720893245,0.8686540069661493,42.070253164556966,27.28860759493671,3.010259566391554,23.0
-3.7738649524124175,22.556662233318143,54.22479514526696,0.8847836361031894,33.838961038961045,22.674025974025977,2.870386093677047,24.0
-1.5400122201985607,23.645664275198644,59.06359265498213,1.012813874733356,30.94105960264901,21.473509933774835,2.542827769452568,28.0
-4.07251337129546,28.436805296649776,62.25117919209022,0.8706216768971362,42.928205128205136,29.330128205128204,5.0917260474847446,14.0
-3.003335539645932,21.949427689701597,61.420244843043385,1.0539980280883694,31.01180124223602,27.43167701863354,3.8472432202834175,18.0
-2.6455327970456426,28.268678471733622,53.937266820747155,0.9166612741578796,42.928205128205136,29.330128205128204,4.255849677854359,16.0
-2.392605088367688,25.626554229027423,53.679657469789696,1.1166130474667568,31.01180124223602,27.43167701863354,2.7385796577529407,26.0
-2.821053949539258,27.62187511194082,64.48687295160451,1.1232441386457372,42.070253164556966,27.28860759493671,5.235338268137597,13.0
-4.470687457742449,27.136073662634715,50.1235436238794,0.9855149823021412,33.838961038961045,22.674025974025977,3.7135680057745546,19.0
-3.5206160752680242,22.07511495384879,63.19580799590324,0.8723242540150542,31.01180124223602,27.43167701863354,3.5262973276024336,20.0
-2.946865069845866,25.68812736433873,52.99592778683608,1.058709984432773,33.838961038961045,22.674025974025977,2.773086346261394,25.0
-4.2364005025655,28.677231528050925,64.20926484634651,1.1971148073054345,42.928205128205136,29.330128205128204,7.79979401725796,9.0
-3.448119206372458,24.321162368019294,55.134609272412796,1.0490363591770093,31.01180124223602,27.43167701863354,2.6993976110151867,26.0
-4.400390673625901,29.665907702233167,56.60527660839878,0.8143098762856031,33.838961038961045,22.674025974025977,5.747029623076745,12.0
-4.2642645085349375,24.52215100101718,60.60680920916572,0.8069175903068331,42.928205128205136,29.330128205128204,2.715026541774491,26.0
-3.3092301713952117,21.427856366678846,58.81503577209891,0.9281447881969225,31.01180124223602,27.43167701863354,3.763223436413231,19.0
-4.101852737870819,23.89434680077673,54.769089945602346,0.878313522744162,33.838961038961045,22.674025974025977,2.412473118434822,29.0
-2.7973774552153254,29.51702406390537,58.307463738017354,1.1252204828573231,42.928205128205136,29.330128205128204,6.996863304646975,10.0
-2.4316050925882027,23.19720849339854,60.9606032654433,1.1379222668144002,31.01180124223602,27.43167701863354,3.4059419424766855,21.0
-2.098239902672751,28.680981598670627,50.63502418853738,0.9034475085241905,31.01180124223602,27.43167701863354,3.664752958054364,19.0
-3.8995492672655696,28.812506816818896,50.16798957883556,0.9302579107799571,33.838961038961045,22.674025974025977,4.57436332394259,15.0
-3.997552253222791,23.50186524331961,56.87100408609337,0.8944987870860459,30.94105960264901,21.473509933774835,2.599999964995964,27.0
-4.186296478996799,20.83257658050632,51.977549267052716,1.1633530189485055,33.838961038961045,22.674025974025977,5.084176407499509,14.0
-2.59070925136909,27.245579091588183,59.965164371970715,1.001059733848913,42.928205128205136,29.330128205128204,4.000057730483813,17.0
-2.3805728205392964,23.11512299013986,53.21078684341151,1.062454817632808,31.01180124223602,27.43167701863354,2.7142838151831157,26.0
-4.405241565523074,27.829236142575724,56.49276660193507,0.9661928346798413,42.928205128205136,29.330128205128204,4.752916803517614,15.0
-1.6913632612689304,24.426548482604332,52.965064053114034,1.0524056774018125,42.928205128205136,29.330128205128204,2.381239117527384,29.0
-4.344086149045583,24.852667423426215,58.227253786236865,0.9543421506886944,42.928205128205136,29.330128205128204,3.034682428299892,23.0
-2.8761109940967886,27.779094067485367,51.74080189076853,0.9358713750916902,42.070253164556966,27.28860759493671,3.6638790418352745,19.0
-2.372818441647251,23.82363331061628,50.3466027918122,1.053792029269392,31.01180124223602,27.43167701863354,2.4453770929234198,29.0
-1.887092628761743,24.431273453229146,50.76697457160046,1.0364248312195956,31.01180124223602,27.43167701863354,2.2774504558763926,31.0
-2.3577392036027165,23.761904687696223,64.31387662272965,0.9174111816671798,42.928205128205136,29.330128205128204,2.7729623834525223,25.0
-2.0948157507906244,23.6734051527728,52.13429327916404,0.8597393801277894,42.070253164556966,27.28860759493671,2.1444219904829285,33.0
-3.4816494223715817,25.259465769014593,60.62717379705253,0.947430677535255,42.928205128205136,29.330128205128204,3.126290685784773,22.0
-2.055524658760463,28.087994445011507,51.0188930633424,0.9660790556567637,30.94105960264901,21.473509933774835,3.4262167092655873,20.0
-4.259655460845974,23.61768311922566,51.62240528352773,1.0514737333698418,42.928205128205136,29.330128205128204,3.0128902222843594,23.0
-1.8155500318184172,25.242547205377367,57.63314377114002,1.1658115054547455,31.01180124223602,27.43167701863354,2.9974999401631277,23.0
-2.8572228715387915,26.707273254426006,56.97306395231516,0.8144739190131701,42.928205128205136,29.330128205128204,2.725580723327624,26.0
-2.048106690112519,22.694394463036552,64.27370464159804,0.897464405016738,42.070253164556966,27.28860759493671,3.064310417719345,23.0
-3.1430451464450995,22.775228049023927,64.17253179531106,0.8774863769118242,31.01180124223602,27.43167701863354,3.021978487207335,23.0
-2.569266914410425,29.33413127023455,61.69412963813698,1.0009177634775135,30.94105960264901,21.473509933774835,5.7725669683919305,12.0
-2.92079201719166,27.235345733310886,59.03152745191025,0.9718803228172639,33.838961038961045,22.674025974025977,3.78340313843701,19.0
-2.3052314347340044,25.77186676223309,56.82440476089516,1.0916150495280754,42.928205128205136,29.330128205128204,2.8093914457172997,25.0
-4.255110053908231,26.47720054420612,55.342678014926314,0.8969663650179456,42.070253164556966,27.28860759493671,3.012049345156554,23.0
-4.318943748028309,20.292994431034185,64.20631320463333,1.0377993462999033,30.94105960264901,21.473509933774835,6.523275389977159,11.0
-3.7586902979695607,26.181029655616967,59.043632171370284,1.1535429054399837,30.94105960264901,21.473509933774835,3.8822482863017096,18.0
-4.021365959660435,25.09508873224202,58.68608791528992,1.164271095967322,42.070253164556966,27.28860759493671,3.629190895950679,19.0
-1.884649300223395,25.457496797794356,53.47851682653372,1.1835138418900124,30.94105960264901,21.473509933774835,2.777321506032471,25.0
-3.842358037925867,23.59423826830817,50.7004672682767,1.1093044608319955,33.838961038961045,22.674025974025977,2.692887354385707,26.0
-1.5724042325426062,20.81473897712942,64.17782869639316,1.162395162503566,31.01180124223602,27.43167701863354,5.14281223313555,14.0
-3.4893126246866792,21.933392336120523,54.70602888266981,0.8938123487941098,30.94105960264901,21.473509933774835,3.156971490263469,22.0
-3.9536462529339023,29.507447132126718,56.63883534986688,0.8790323777401908,33.838961038961045,22.674025974025977,5.692276536388305,12.0
-2.1309044785725626,24.08699562270934,51.7195991537856,0.8025952335122106,30.94105960264901,21.473509933774835,1.7906661568903566,39.0
-2.5238766734973717,24.666831558308644,62.55386494863938,1.0827377429716394,42.070253164556966,27.28860759493671,3.220538916545362,22.0
-3.005412850640583,20.52709789853439,50.41447749283896,1.1749868751254977,42.928205128205136,29.330128205128204,5.190033984442893,13.0
-2.8339093471871064,20.375662295439806,62.50986143148645,0.8747741380166706,33.838961038961045,22.674025974025977,4.488140977537889,16.0
-2.3423946651832086,27.171814470467577,52.104275191819504,1.0547774301707515,31.01180124223602,27.43167701863354,3.470268731786872,20.0
-3.814635776006104,25.38094664121111,63.29846168946728,1.098583903688711,42.070253164556966,27.28860759493671,3.8931169623754114,18.0
-1.5109982518297742,25.087059842162667,60.94658956004236,1.1710456940592227,33.838961038961045,22.674025974025977,2.834547661022447,25.0
-1.5756205135596506,22.431245304226685,52.47005393760958,1.0587440896068887,33.838961038961045,22.674025974025977,2.7356513387988057,26.0
-2.5490229409591896,27.447507316299223,58.48726989289202,1.1881174930995009,30.94105960264901,21.473509933774835,4.402387700624327,16.0
-3.9013726472125647,21.68236579108492,54.68984471532829,0.9378692564050191,42.928205128205136,29.330128205128204,3.8919951170807052,18.0
-2.4593152727061263,21.8993474366102,52.67349648367375,0.9399714135085631,42.070253164556966,27.28860759493671,2.863792537346672,24.0
-4.283404773062473,24.607121713482755,62.88773299116663,1.0172050040057383,42.070253164556966,27.28860759493671,3.4205014916090852,20.0
-4.408042493382582,22.86279862111941,56.05284149760844,0.9534007524463628,31.01180124223602,27.43167701863354,2.9688325713310153,24.0
-3.726951334466359,22.474629812331465,55.97815571548074,0.8005702913150131,42.928205128205136,29.330128205128204,2.783551569852691,25.0
-3.112131129782051,26.452376445533318,52.5483001220993,1.0927088100347948,42.070253164556966,27.28860759493671,3.3197765355925397,21.0
-1.8951824837748585,26.509717452185445,55.74598514128668,1.1006868165913932,31.01180124223602,27.43167701863354,3.0900698200561387,23.0
-2.318492790701076,28.245170697999292,63.07425269493275,1.0987898418747082,30.94105960264901,21.473509933774835,5.065965437494701,14.0
-2.271880436400057,24.17708566972976,55.44693065734454,0.9380082666441867,30.94105960264901,21.473509933774835,2.1881489461198074,32.0
-3.223519996655774,20.730850910261502,64.27405343749682,1.0089157893244687,42.070253164556966,27.28860759493671,5.576855472642388,13.0
-3.4621950223591114,22.736663849214576,64.19463348812582,0.9439894072706678,33.838961038961045,22.674025974025977,3.460160812716357,20.0
-3.386883711046192,29.80005463196817,52.17347988961019,0.8064145600122583,33.838961038961045,22.674025974025977,4.95770508775299,14.0
-1.5370513087918267,25.962585752327023,52.659668802839676,1.0249795765085674,42.928205128205136,29.330128205128204,2.5361503993531866,28.0
-4.379672425762553,27.0973708480102,62.94011105497834,0.8495042664336044,42.928205128205136,29.330128205128204,3.86471574980175,18.0
-1.8989055116326545,20.073578296254144,55.89141378387079,0.8320165296365762,30.94105960264901,21.473509933774835,3.8353972197085695,18.0
-2.7639737742828197,25.18205732182521,50.06560973424514,1.102199627478715,42.928205128205136,29.330128205128204,2.7586897571817035,25.0
-3.1841537424312287,20.375286575318032,54.108077295580564,0.8038024809672423,42.070253164556966,27.28860759493671,3.771154620262879,19.0
-2.3242270187545904,25.69230212091448,58.9644348979334,1.1836033774434904,31.01180124223602,27.43167701863354,3.2922786841191,21.0
-3.0399931757258916,29.207708496360752,61.98898948939952,1.0061021456450308,30.94105960264901,21.473509933774835,6.128492666424309,11.0
-1.8797302857550182,29.684191305004077,52.000829256398895,1.1932065722824592,42.070253164556966,27.28860759493671,6.408585374557311,11.0
-1.7978944079662247,25.40552675388924,51.65812046625103,0.8231990289890834,42.070253164556966,27.28860759493671,1.9186031343063392,36.0
-3.2348372193796338,24.58204805252216,63.831389803584976,1.0334118195463653,30.94105960264901,21.473509933774835,2.85531673751472,25.0
-3.6695166082948454,29.450170942484938,61.267225517338744,0.9397308143903644,33.838961038961045,22.674025974025977,6.312149934286378,11.0
-2.722949014219913,26.73609831996695,58.846694011671175,1.1373929971257142,30.94105960264901,21.473509933774835,3.952498688660946,18.0
-1.762909963149927,20.648992795384096,61.53780184993892,0.9444890940937145,42.928205128205136,29.330128205128204,4.425129112185897,16.0
-3.868013432983,24.657255776674976,56.43281541959958,0.9041950316229397,42.928205128205136,29.330128205128204,2.660146680812693,26.0
-2.6311002493095517,22.40245018464304,61.3768362096369,1.1430212508399653,42.928205128205136,29.330128205128204,4.058782543904875,17.0
-2.6053193397224383,24.698043214486816,55.57704486911803,0.9498612366613044,42.928205128205136,29.330128205128204,2.5369783833286723,28.0
-2.300660932754157,24.554655720063618,53.661418587389036,0.8067333279442246,30.94105960264901,21.473509933774835,1.9452249218563904,36.0
-4.105296944618221,25.821448028147422,60.93520131939453,0.9561156403357335,31.01180124223602,27.43167701863354,3.187349634320265,22.0
-2.352525105953734,23.567704903492512,56.29508438235902,1.0618089076043766,42.070253164556966,27.28860759493671,2.9134884133301067,24.0
-1.7729024380030771,21.64270449455928,64.72065656489292,0.9017438155225528,33.838961038961045,22.674025974025977,3.6096019866023554,19.0
-3.960950673389274,25.037194345899564,55.24227773462152,0.9727950369700629,42.070253164556966,27.28860759493671,2.981838698455954,23.0
-3.787370025228367,28.30202884345762,63.82591130796599,0.8226860553128903,30.94105960264901,21.473509933774835,4.701034372529083,15.0
-1.5858147178750812,26.640122280676025,63.99443822850619,1.035237116605583,30.94105960264901,21.473509933774835,3.2345650449474292,22.0
-3.9570691418715307,23.38367865925216,53.62779420597119,1.1025179695441576,30.94105960264901,21.473509933774835,3.312041442494162,21.0
-1.9368447198912628,29.35523022758857,61.9733177238202,0.9653250245604441,42.928205128205136,29.330128205128204,5.7138960517218145,12.0
-3.0231664306558956,29.12207571249182,56.49611757716848,0.968093053120584,42.928205128205136,29.330128205128204,5.586199003177553,13.0
-3.758306776790469,22.093483993840987,63.76287090845522,0.8353129994339666,42.070253164556966,27.28860759493671,3.644338523813729,19.0
-1.8877502961824657,20.39417585120363,56.75186408952858,0.880776345804793,42.070253164556966,27.28860759493671,4.007523150701779,17.0
-3.1640842349920035,27.413087083507623,61.164555760060495,0.8618701212511651,31.01180124223602,27.43167701863354,3.5296380331033617,20.0
-2.9555479382109295,28.27610261349153,57.004511137456966,0.9926751074646152,33.838961038961045,22.674025974025977,4.617868773137224,15.0
-3.422299891800703,29.678645659513553,53.41701133569284,1.0117022163803,30.94105960264901,21.473509933774835,5.99043390083395,12.0
-2.721147445695218,28.898363940883108,52.990251934170296,1.179576052513704,42.928205128205136,29.330128205128204,6.043030865603584,12.0
-4.0094283822449315,26.005347682064148,56.381467913845185,0.8292926017108936,30.94105960264901,21.473509933774835,2.4784812986069706,28.0
-3.3267553900447178,25.300523392123807,61.332419855213224,1.039947189262019,42.070253164556966,27.28860759493671,3.4959463719637482,20.0
-1.5917630329941375,20.278410512625864,59.0760722777115,1.0105994109312966,42.928205128205136,29.330128205128204,4.9522722373724255,14.0
-3.725599701896617,22.46656446844778,60.329439348508146,1.0064932391743318,42.928205128205136,29.330128205128204,3.805972620257925,18.0
-2.5297900063761234,24.596147517329264,54.23489526097914,1.1492637149531306,42.928205128205136,29.330128205128204,2.8888023374728538,24.0
-3.5244298073259155,26.285039000835678,57.22153018936408,0.8822153882781946,33.838961038961045,22.674025974025977,2.8182171771132336,25.0
-2.179580622940198,25.572518333184107,50.6659289745399,0.8163093097365486,33.838961038961045,22.674025974025977,1.8906907460093392,37.0
-4.10737901784495,27.426359896816905,62.26298623937181,1.068908603053677,42.070253164556966,27.28860759493671,5.07777175514552,14.0
-1.590536864764366,22.797669308870407,64.84838243359812,0.9380629856543921,42.928205128205136,29.330128205128204,3.1183029026365263,22.0
-3.1386313758490823,25.649526076524733,56.103185939370064,0.8070359664850099,42.928205128205136,29.330128205128204,2.5892524789620968,27.0
-3.791848609960608,20.88142243390792,50.16445479697315,0.9005496029161656,42.070253164556966,27.28860759493671,3.917125621318385,18.0
-4.279509758009962,24.13665523583207,52.54688959326421,0.9237307096867248,42.070253164556966,27.28860759493671,2.5637768178820957,27.0
-3.9907262847373777,27.50160832954601,59.787903166256285,1.0467353507136967,33.838961038961045,22.674025974025977,4.567828520204563,15.0
-2.940678154331947,26.93400853429044,59.18118977305789,0.8690343176197088,42.070253164556966,27.28860759493671,3.216590583461061,22.0
-3.488990470706141,29.90642737172179,61.81797079378316,0.9652217391813592,42.070253164556966,27.28860759493671,7.3654167521041565,10.0
-2.0133499023521715,22.77891125987756,53.80826016441602,0.992990177767133,42.070253164556966,27.28860759493671,2.617546270926027,27.0
-3.207337429014582,24.98189299173979,61.45447873320701,0.9836949565456363,31.01180124223602,27.43167701863354,3.0880205051830183,23.0
-3.7538571822371103,23.29530413773997,60.319760322855046,1.1895763066667127,42.928205128205136,29.330128205128204,4.046424784267933,17.0
-2.64856504018791,24.406031140591747,54.84221746570765,0.8182016951161185,30.94105960264901,21.473509933774835,1.9280232052691773,36.0
-2.3796683493436626,28.56950129869388,58.18232222085443,1.1803872745809598,33.838961038961045,22.674025974025977,5.650113875726052,12.0
-3.9988742762971503,26.842090751884868,52.2091071274749,1.0327748855976133,42.070253164556966,27.28860759493671,3.5246175551870187,20.0
-3.997142351135047,28.824411913475817,56.78846755153374,1.1182910859879354,42.070253164556966,27.28860759493671,6.4040198811235785,11.0
-4.389985719199371,22.035111083318863,63.21796009333461,0.9721570472064301,42.070253164556966,27.28860759493671,4.300407702634519,16.0
-2.2907939548030782,28.733611178414378,56.31787069738086,0.9815351525027922,33.838961038961045,22.674025974025977,4.776510300840484,15.0
-2.508586417134585,20.597622741783844,62.59350059713133,1.1517305996063294,31.01180124223602,27.43167701863354,5.594604437554482,13.0
-3.0761073727505583,28.885992804371526,58.853800478895415,1.1583737985167608,42.928205128205136,29.330128205128204,6.349299223399361,11.0
-1.9674886530924085,23.290737794607278,52.87815069653535,0.8954755525725191,30.94105960264901,21.473509933774835,2.2585637929748708,31.0
-2.0829895411498405,23.145876334140667,58.71659367046845,0.8796967514338473,31.01180124223602,27.43167701863354,2.368471666896569,30.0
-2.7439369068097434,25.12088576698664,57.589749937355954,0.9984940695479805,33.838961038961045,22.674025974025977,2.5017496342068006,28.0
-1.8951861584602243,29.40690187723232,55.97962002794576,1.1601108108510767,42.070253164556966,27.28860759493671,6.278780245344079,11.0
-3.8824763698896954,20.477813646814052,51.79445659274106,0.9289420373624705,31.01180124223602,27.43167701863354,4.384667630189971,16.0
-4.164241141806817,23.522309750707453,56.25062995770845,1.0608058461356524,42.070253164556966,27.28860759493671,3.3987714024739013,21.0
-3.690751165449031,28.565719886833357,51.09143564359441,1.0832606750962404,42.928205128205136,29.330128205128204,5.427859856389078,13.0
-4.328739431732055,23.960544774354666,51.48153577098127,1.1114698659576623,42.070253164556966,27.28860759493671,3.07348323060467,23.0
-2.906491415996904,21.99156897597067,56.23874799399074,1.0255697831683852,30.94105960264901,21.473509933774835,3.4804256525894486,20.0
-1.6901829231151155,24.247941813314117,54.580722229526955,0.9609820713115879,42.928205128205136,29.330128205128204,2.2134176127207654,32.0
-4.381969377994471,23.855525014916694,63.883164887933354,1.186806395519589,33.838961038961045,22.674025974025977,3.9101442683369436,18.0
-4.13367025796992,29.154162014667037,55.635587080704056,1.0445323013211412,31.01180124223602,27.43167701863354,6.236889804554884,11.0
-3.1434029151496943,27.619343757430972,61.3678718310815,1.0914260846533084,31.01180124223602,27.43167701863354,4.706867011880201,15.0
-1.6983749474162853,25.05115555744006,57.95371289549364,0.9379931382783513,42.070253164556966,27.28860759493671,2.4154556472323367,29.0
-3.5515316850697483,29.88370566721571,60.56128502963503,1.067979672401232,42.928205128205136,29.330128205128204,8.17267436292317,9.0
-2.9782955739348225,24.652775312759232,53.90173974523099,0.9031190648656504,30.94105960264901,21.473509933774835,2.179629264020647,32.0
-4.375281422848824,20.582378308202752,64.12857459257494,0.8980387670114545,42.070253164556966,27.28860759493671,5.457769754543894,13.0
-4.054970397113733,22.62274321814985,57.95132745371636,1.0858888807237705,30.94105960264901,21.473509933774835,3.738381513823283,19.0
-1.5401096311234594,24.360704802193126,62.46986106927874,1.008557894505174,33.838961038961045,22.674025974025977,2.697478613064312,26.0
-1.6046439106918635,21.569026241461202,55.4756854021417,1.073310644168956,30.94105960264901,21.473509933774835,3.617344577833034,19.0
-4.4851800571967715,29.47565126324043,51.50317023575787,0.9077753962992366,42.928205128205136,29.330128205128204,5.865238222154771,12.0
-1.6445646437302832,27.66848897817773,60.10567471581273,1.039489336422692,42.070253164556966,27.28860759493671,4.040661773343288,17.0
-2.582640186553499,22.682872004277726,50.11639472506137,0.977573459881245,42.070253164556966,27.28860759493671,2.7101259400582998,26.0
-1.8962451164399337,25.90804533517916,57.129394648482624,1.038784114738211,42.928205128205136,29.330128205128204,2.8890019850935382,24.0
-3.1357804330984225,27.21449157109572,52.892028539996886,0.9163518928976878,42.928205128205136,29.330128205128204,3.1838906145393784,22.0
-2.9532119142622495,29.41278928906798,59.41063256653043,1.0861803854596495,42.928205128205136,29.330128205128204,6.948142954491274,10.0
-3.0334602592292397,28.816353491754107,64.69129809706779,1.1223717464637861,31.01180124223602,27.43167701863354,6.369291613188087,11.0
-2.499407227361687,25.151922261382136,56.96604359480969,0.9039665895430895,33.838961038961045,22.674025974025977,2.3458270378562265,30.0
-4.081046235731061,27.746526197930176,62.262473847885,0.9202482239422568,33.838961038961045,22.674025974025977,4.651099402322752,15.0
-4.4100792303819665,25.621447538275852,57.61676280426681,1.064461707887637,30.94105960264901,21.473509933774835,3.4644263373911808,20.0
-3.5762101752264273,25.527038900455402,57.43760046656036,1.0782340697214177,42.928205128205136,29.330128205128204,3.260618176853562,21.0
-2.38595771179006,21.147419583381918,63.95635239768167,1.08163987375898,33.838961038961045,22.674025974025977,4.788196382195202,15.0
-3.894439643631155,21.26137658016152,63.349488031200224,1.0730794019103347,42.928205128205136,29.330128205128204,5.386390794150448,13.0
-2.479702700025248,25.295336150224575,61.787006977819615,0.9571230867810155,30.94105960264901,21.473509933774835,2.6857627030728244,26.0
-1.5902638616781886,22.688615449790067,54.44383629975176,0.9579414697614713,30.94105960264901,21.473509933774835,2.5659668730131755,27.0
-4.2182978526317445,20.210369024604688,58.17512623585911,0.9019270494577526,42.070253164556966,27.28860759493671,5.499796865898973,13.0
-2.482193645324621,27.228392039002124,53.358458499585275,0.8627334799585452,33.838961038961045,22.674025974025977,3.0765848547551085,23.0
-3.1687493420862864,20.32486596690165,56.658750470698095,1.0770309517587622,42.070253164556966,27.28860759493671,5.771731284483337,12.0
-1.895573236867484,25.952768411040545,57.26319598639686,0.8372755143889252,33.838961038961045,22.674025974025977,2.2667575975022656,31.0
-3.968550631657842,25.39193794127314,62.474600602539965,1.1751169147147125,31.01180124223602,27.43167701863354,3.894134436497957,18.0
-2.4221221433215065,29.688146905778044,63.4404254798749,1.1306745214685805,30.94105960264901,21.473509933774835,7.365740752059905,10.0
-1.9856541310556692,24.842131393476414,56.21930093594717,1.1430022959829025,42.928205128205136,29.330128205128204,2.7734444078694054,25.0
-1.6661573415779305,20.636014363777974,50.26556667609856,1.1626675258460761,33.838961038961045,22.674025974025977,4.360900593327952,16.0
-2.450255915131063,25.51687967806462,62.92660759684032,0.9634419882892961,42.070253164556966,27.28860759493671,3.0622284003233817,23.0
-3.008475707974718,28.410961706161014,52.61418017752041,1.1386802893401604,31.01180124223602,27.43167701863354,4.867650782492565,14.0
-2.6464582793963585,29.9684928428144,59.328229458355906,0.8632245201166597,42.928205128205136,29.330128205128204,6.093279013861961,11.0
-1.8932850465638453,24.303431736890726,50.37456350651197,0.8086567178432943,42.070253164556966,27.28860759493671,1.9232809469562007,36.0
-2.788170760083511,23.202987424967425,55.992597128908464,1.11395655786554,30.94105960264901,21.473509933774835,3.152210956061849,22.0
-4.408838820909489,29.06653296951999,64.78940453173024,0.8299186591987757,42.928205128205136,29.330128205128204,5.891594066724538,12.0
-1.7071539134790665,21.912421290761213,51.51040401655705,1.1954098669303685,33.838961038961045,22.674025974025977,3.4444930480581943,20.0
-2.4314197469053167,26.154289150329266,56.355397279994634,1.0699185718406223,42.928205128205136,29.330128205128204,3.1742082631229933,22.0
-2.4704598426682605,24.05714424180948,54.607249252849286,1.101379884096842,42.070253164556966,27.28860759493671,2.937220935030402,24.0
-3.8529745428068485,20.410823649555553,63.576321850823966,0.8983215425111464,31.01180124223602,27.43167701863354,5.310722162630598,13.0
-2.523343589302028,23.472884743056976,63.04010161861033,1.0695461575678753,31.01180124223602,27.43167701863354,3.277478014273246,21.0
-3.3184067830375246,22.652285225026745,53.565481404593434,0.8172879749019829,42.928205128205136,29.330128205128204,2.467670509595339,28.0
-2.5463010688755237,26.860911539434866,51.21781680575647,1.1351302879694403,30.94105960264901,21.473509933774835,3.221857973983015,22.0
-4.180220909076028,29.487904976919182,59.40707591091676,0.867849637212629,30.94105960264901,21.473509933774835,6.006943474592188,12.0
-2.526464086190892,22.680471873786377,55.045530678255645,1.0789432267335082,42.070253164556966,27.28860759493671,3.1782004336608867,22.0
-1.501758822688,28.114659391516817,60.08126585909095,0.8897922004930914,30.94105960264901,21.473509933774835,3.4004973225177824,21.0
-4.355363883418332,20.553598169384095,50.481796341017215,0.8273812677704171,33.838961038961045,22.674025974025977,3.9468102539655505,18.0
-1.5684774473360479,25.381210100398132,52.000988527662344,0.9925974714197577,42.070253164556966,27.28860759493671,2.235098248654682,31.0
-3.279276117831388,20.705500637098947,60.29558349158965,0.8677144841091158,42.928205128205136,29.330128205128204,4.6928608791071085,15.0
-1.8877396489882226,29.34032991130639,53.18555982953747,1.09177759533062,31.01180124223602,27.43167701863354,5.295223610118981,13.0
-2.1528435478251797,27.6635128055739,62.863815136436024,0.895026337353394,33.838961038961045,22.674025974025977,3.6822891667045234,19.0
-2.7989512170399964,26.579499112045923,50.87886331565203,0.9369890224943316,33.838961038961045,22.674025974025977,2.63385416564352,27.0
-2.2846523722460206,28.238963816246642,53.23222974178362,1.0269757005057891,42.928205128205136,29.330128205128204,4.424835822049123,16.0
-1.8644533160959562,26.47519795570163,64.97840372727603,0.9139873110309247,31.01180124223602,27.43167701863354,2.9931911472326163,23.0
-3.287579035046901,29.68944397174291,56.49614153880189,0.9511952464839847,42.070253164556966,27.28860759493671,6.26358877831178,11.0
-3.5189005153102837,27.139579478647715,60.54448495316965,1.1262487084161545,31.01180124223602,27.43167701863354,4.363158183037909,16.0
-2.497219843309246,29.246586095822465,52.739945732855205,0.8716839398244103,30.94105960264901,21.473509933774835,4.313277088919238,16.0
-2.0764621741762244,25.17131892010638,59.148031024783066,0.8328806357927735,31.01180124223602,27.43167701863354,2.0441025858669235,34.0
-2.213144595670153,21.170644129818626,60.891591025541274,0.9313431140532077,42.928205128205136,29.330128205128204,4.124152056590972,17.0
-2.1065590534240966,25.28177721423017,54.717149537997656,0.9697507068055513,42.928205128205136,29.330128205128204,2.289149231015372,31.0
-3.193250055561201,21.26872828063093,62.43345667963817,1.0170637128546272,30.94105960264901,21.473509933774835,4.5278699590238345,15.0
-2.046497351474935,25.924934791764052,59.05126367708425,0.9489694784700028,42.928205128205136,29.330128205128204,2.8333504497019084,25.0
-4.139372833888174,24.824930605276627,55.83684514422545,1.115964680089122,33.838961038961045,22.674025974025977,3.261967571986448,21.0
-2.8665327061174515,26.225753978327816,58.36463590014738,0.8157277950673893,30.94105960264901,21.473509933774835,2.4269379301420764,29.0
-4.482724018505635,20.100469810548315,58.65141271153887,0.9727070152794232,33.838961038961045,22.674025974025977,6.007894142531874,12.0
-3.526242510299189,21.948404916553642,52.48302939040799,0.9529023658625618,31.01180124223602,27.43167701863354,3.116476869110663,22.0
-3.4006153953858065,24.91330431912131,56.04098554800449,1.0590313963227436,30.94105960264901,21.473509933774835,2.8604643915141215,24.0
-3.3114819251722336,29.505035615891348,55.1514588202924,1.1865105007589585,33.838961038961045,22.674025974025977,7.162900690955902,10.0
-2.4135983799304137,23.836090403551584,56.01354083868689,1.0041501626515448,42.070253164556966,27.28860759493671,2.7072417462180045,26.0
-3.3343256961889627,24.243720260536346,61.416658827278866,1.1947507387766882,42.928205128205136,29.330128205128204,3.6426683398810615,19.0
-3.1539191321324083,27.14696089006622,57.23807611200009,0.920899757965279,30.94105960264901,21.473509933774835,3.4532827843970404,20.0
-3.7873676073770177,26.03792757286118,64.10474229858896,0.8123472530169844,31.01180124223602,27.43167701863354,2.8853092238110576,24.0
-3.3802446251119798,22.989261500983332,54.40514620037654,0.8662652669905652,33.838961038961045,22.674025974025977,2.6174033090292648,27.0
-3.8181911182105455,24.10816395567428,56.23555367427394,0.958049953909827,42.928205128205136,29.330128205128204,3.0008479358215836,23.0
-4.280412228694669,22.176997988572325,61.80435215718562,0.9265335636754208,31.01180124223602,27.43167701863354,3.8478455549565282,18.0
-2.6896542198558664,29.660214591302086,58.190368899811254,0.8388216523933512,31.01180124223602,27.43167701863354,5.2312356708539465,13.0
-2.4953616043349514,21.306343815573598,58.20542219636671,0.9730640430762867,33.838961038961045,22.674025974025977,3.852812143166377,18.0
-2.6415289619711566,23.718367845664194,50.800102445077755,0.9352463086638251,33.838961038961045,22.674025974025977,2.3033207115047207,30.0
-3.109517868598283,20.25838972220011,55.978994940776836,0.8490476881829754,42.928205128205136,29.330128205128204,4.484990088988545,16.0
-3.3606426594623104,22.217794919335464,54.06100598632599,0.9184468522447636,31.01180124223602,27.43167701863354,2.863173550699289,24.0
-1.9099990512845242,27.80471138380155,64.99002684246673,1.154574422142156,42.928205128205136,29.330128205128204,5.173170003419266,14.0
-2.942754644591346,22.011752322888796,54.62532605948466,0.920819546195736,42.070253164556966,27.28860759493671,3.222596346127887,22.0
-3.0624543671108073,20.800634025289657,63.26744802190795,1.0855821692968206,31.01180124223602,27.43167701863354,5.435559886032638,13.0
-4.423073802580693,24.744531798445234,60.14350602560716,1.0448188318631022,31.01180124223602,27.43167701863354,3.2616899426414077,21.0
-3.4762565171215307,20.099692347345187,55.11374613788136,0.9708724649633487,42.928205128205136,29.330128205128204,5.294931224845716,13.0
-3.3594131436424286,20.84766154426333,58.153015675611854,0.8956102547214677,42.070253164556966,27.28860759493671,4.432762579010439,16.0
-3.3035316573092985,28.07625869562975,62.60803819923791,0.9476058797383782,31.01180124223602,27.43167701863354,4.484269248970557,16.0
-2.7594828923180033,27.714733448596064,63.250524470463674,1.036842885388417,30.94105960264901,21.473509933774835,4.6468011167357695,15.0
-2.8991923598193647,29.15138820404896,52.405908125092175,0.9403012858997419,42.928205128205136,29.330128205128204,4.956721543928252,14.0
-2.676284721619666,28.545154359107496,55.093597118122545,0.8859585734296928,33.838961038961045,22.674025974025977,4.068096824852552,17.0
-2.205350215373615,26.83175563239818,55.02834770320358,0.8465850995566528,42.070253164556966,27.28860759493671,2.746182734039544,25.0
-2.0610427838517196,20.52332857300663,50.63067194113917,1.1519067751638261,42.928205128205136,29.330128205128204,4.7560933024346435,15.0
-2.3456307713205167,27.828486179866573,58.97356639777845,0.9761251903007623,30.94105960264901,21.473509933774835,3.7580809711065166,19.0
-1.6334289121351961,28.455108108405604,62.82230079488282,1.050083328697172,31.01180124223602,27.43167701863354,4.871888747770514,14.0
-4.445302251970915,27.990821457719544,55.723615817382765,0.9961641444547221,30.94105960264901,21.473509933774835,4.677777424538701,15.0
-3.9126660429493616,25.084790353080262,61.10053917476266,1.1490266073431854,42.928205128205136,29.330128205128204,3.7110362688514544,19.0
-4.4773113750655735,22.329018386494816,59.415506204011095,1.0187739409792844,31.01180124223602,27.43167701863354,3.827257443306414,18.0
-2.557575857536191,28.45329975688727,55.63473103239501,0.9923125671796453,33.838961038961045,22.674025974025977,4.400027285761807,16.0
-1.8059083531500395,27.271628097401383,52.11589699238446,1.169840396168685,42.928205128205136,29.330128205128204,3.5736275104820985,20.0
-3.769553110271102,29.807611743888515,60.639857791639514,1.0878758384181417,31.01180124223602,27.43167701863354,8.009611089153665,9.0
-1.71889636561108,21.55692597755933,62.81847753411861,0.844619962938743,30.94105960264901,21.473509933774835,3.2712639549072335,21.0
-4.319197829131317,22.25664583052055,60.28781738602238,0.8710817844787256,42.070253164556966,27.28860759493671,3.6190150435468458,19.0
-1.6966919195834569,22.117981498815027,50.26817726052227,1.1148491451757767,31.01180124223602,27.43167701863354,2.9267217187512684,24.0
-3.4451319382810968,27.925397676213368,53.24349341586487,1.1343405284719816,42.928205128205136,29.330128205128204,4.85501337946664,14.0
-4.19573751465235,21.869072964501182,51.04219977325298,1.0180763316361185,30.94105960264901,21.473509933774835,3.644753339325386,19.0
-3.042384722441023,20.666598298233062,58.5557914936434,1.0217820911466557,42.070253164556966,27.28860759493671,5.257025421181879,13.0
-3.729670296838476,29.985608065856287,61.34716518260619,1.0527731851405777,42.928205128205136,29.330128205128204,8.367471773855865,8.0
-3.6453812941142316,20.248172114451492,51.65868780602989,0.9756463097130558,30.94105960264901,21.473509933774835,4.571953672423203,15.0
-3.57813010522114,28.352440601588654,62.57506730890078,1.0720796493935616,33.838961038961045,22.674025974025977,5.909290806086946,12.0
-2.0909223065020095,23.653668415506527,58.33263467593225,0.8433925030265663,31.01180124223602,27.43167701863354,1.991029554049599,35.0
-2.8825161699742363,28.416154597578153,60.34953518212588,1.1845116969469545,42.928205128205136,29.330128205128204,6.021317386829833,12.0
-3.566076902531989,25.54620491211145,64.5710277291297,1.1000619295179686,30.94105960264901,21.473509933774835,3.6082671100366728,19.0
-2.6689986500672447,29.016312294863603,51.25521482371546,1.0524696816036028,31.01180124223602,27.43167701863354,4.736485389663143,15.0
-2.3515479773304193,29.261929864146268,63.51836034466684,0.9265288228037922,30.94105960264901,21.473509933774835,5.587701870618252,13.0
-3.6821279977993986,20.09098181280776,51.89154043981114,0.8643821949826918,30.94105960264901,21.473509933774835,4.4160602441437975,16.0
-3.2593526954239453,20.754121759927884,55.894382099550235,0.9637371855315778,33.838961038961045,22.674025974025977,4.3367205340571555,16.0
-4.134341719989157,22.503587295708556,62.771580444966716,1.0646306962296235,42.928205128205136,29.330128205128204,4.440168404433324,16.0
-3.956551951395959,26.693154163635015,63.593813551068024,1.0534838973692444,30.94105960264901,21.473509933774835,4.30532607798355,16.0
-2.4566464381050515,28.88272196511506,57.59557510317718,0.9530564620262286,42.070253164556966,27.28860759493671,4.989519147627876,14.0
-3.955684956913119,24.599419512939626,58.91156957413138,1.0453145575332519,33.838961038961045,22.674025974025977,3.0835111362960066,23.0
-2.9245098489988193,26.069731162742656,60.62221001897836,1.125499318227019,30.94105960264901,21.473509933774835,3.7445726695905086,19.0
-2.372861214832702,21.884998527955613,62.491380026790715,0.8105139089350428,42.070253164556966,27.28860759493671,3.2065427587843827,22.0
-4.179369230715769,28.049668338816854,51.822667543064995,0.9802484191721103,31.01180124223602,27.43167701863354,4.246431310273747,16.0
-2.7980633411132896,29.6732811135347,62.151039623438415,1.1034220913867163,42.928205128205136,29.330128205128204,7.851215958325555,9.0
-3.730311648895909,22.685989329145976,57.21914225767425,1.018457788185351,42.928205128205136,29.330128205128204,3.5647616866287133,20.0
-1.6112193742872605,24.948259516005464,56.75935137662253,1.060590435171628,30.94105960264901,21.473509933774835,2.4201882402530606,29.0
-3.0493630598402257,20.861161105063736,56.35849627995498,1.0066705570421368,42.070253164556966,27.28860759493671,4.627150099599314,15.0
-2.0820223506745257,25.591366564629684,57.63817377869064,1.1967498178729243,42.928205128205136,29.330128205128204,3.3974480387092374,21.0
-2.8493203735312145,25.027834418466806,64.17575830091906,0.8218486145956153,42.928205128205136,29.330128205128204,2.3854451850384684,29.0
-4.369762401435542,21.444364841550776,58.223056591882276,0.996417928708951,42.928205128205136,29.330128205128204,4.63515426721316,15.0
-2.600545873217933,24.420662131180748,64.29766307394709,0.8365666196458071,33.838961038961045,22.674025974025977,2.5732773976069487,27.0
-1.6457899733800287,23.341046520865632,52.70435195923461,0.8639142248454282,30.94105960264901,21.473509933774835,1.9300237765700397,36.0
-2.6951645395610067,25.218308753051893,60.862039682489495,0.9532153401673047,42.928205128205136,29.330128205128204,2.991832090744644,23.0
-2.0424334217196294,25.856543354287993,62.18359307913121,0.862216036600195,33.838961038961045,22.674025974025977,2.657857601056124,26.0
-1.8473806099547767,20.084955786072094,60.186932470022924,1.1854748663826604,31.01180124223602,27.43167701863354,5.854321772455011,12.0
-3.8157606841532026,27.610059829495555,59.10383420339811,1.1787159106900635,33.838961038961045,22.674025974025977,5.132663445348187,14.0
-3.86386548027532,27.13014291861741,58.472191716292734,0.9344438584882415,30.94105960264901,21.473509933774835,3.6252150917087973,19.0
-2.667057033447025,23.662863862065223,62.91395723868044,1.0558990848150718,42.070253164556966,27.28860759493671,3.5231405716173403,20.0
-3.2669145905798858,20.529359355688182,62.324698957467504,1.0135013282375145,42.928205128205136,29.330128205128204,5.847886754158378,12.0
-1.9804160913998388,27.549325397850502,51.834330817708995,1.1262347922063074,42.928205128205136,29.330128205128204,3.8293605239992217,18.0
-1.7999306298059663,29.551751604781323,62.72881485546317,1.0509782439267767,42.928205128205136,29.330128205128204,6.5207986464357415,11.0
-3.4397358620918457,22.40151596022014,56.211029291606636,0.8001009817962249,42.928205128205136,29.330128205128204,2.801990482222862,25.0
-3.7893883230765537,23.23524613737038,53.805452449937164,1.1052697542438956,30.94105960264901,21.473509933774835,3.1964272878703164,22.0
-2.1584234542684144,21.838128894818148,63.04652852020889,1.0987392485184473,31.01180124223602,27.43167701863354,3.8954981909546826,18.0
-3.6755818933555915,25.769361233448397,56.48037199450612,1.0038890822265925,31.01180124223602,27.43167701863354,3.0069940721489172,23.0
-2.0321570444589647,21.54841394647455,62.12547035265225,1.1611675892932216,42.928205128205136,29.330128205128204,4.777141257938501,15.0
-3.2287852390537113,23.561939434613794,53.95105417933767,1.1633784822761606,42.928205128205136,29.330128205128204,3.0929949749453836,23.0
-2.4973503021255885,26.97013013934263,50.05893982133327,1.009564670681759,30.94105960264901,21.473509933774835,2.997659468640863,23.0
-4.213394058495996,25.601159830093483,57.431887893544165,1.043195292478615,42.070253164556966,27.28860759493671,3.5639969817415973,20.0
-2.628422025970281,23.864625643279354,51.50342384964326,1.1986088287698689,31.01180124223602,27.43167701863354,2.7615333579961514,25.0
-3.144696963788313,24.20249601807542,61.315639332873644,0.919528093924567,42.070253164556966,27.28860759493671,2.966413961902777,24.0
-2.7401746104735776,25.621108826232295,54.14112704104116,0.929846896924591,33.838961038961045,22.674025974025977,2.382842934674578,29.0
-3.9959573767654097,20.058647278871614,56.65468469905218,0.8731095610653986,33.838961038961045,22.674025974025977,5.049429113284416,14.0
-2.2893787651674535,20.7850986845361,51.30550347637331,1.1583467756631471,31.01180124223602,27.43167701863354,4.325881348276293,16.0
-1.9116087673703142,28.812580677630116,54.29988872670879,1.0977953559797065,42.070253164556966,27.28860759493671,5.049569117336089,14.0
-3.849780599727673,20.778789890912908,61.72235364887858,0.8422571395480968,42.070253164556966,27.28860759493671,4.546684763376759,15.0
-4.212856333439515,27.06803596210505,52.273818678534795,1.1927069404791864,33.838961038961045,22.674025974025977,4.366657955214748,16.0
-4.429084241860991,29.200381641090527,59.70739341690436,1.0923846832644464,42.928205128205136,29.330128205128204,7.6431194324892955,9.0
-2.574085498670202,22.70683604301731,63.76138779206752,1.1402088438419897,31.01180124223602,27.43167701863354,3.750620597188095,19.0
-2.678717891733658,23.70491437059514,60.1975513963658,0.8192603156692804,33.838961038961045,22.674025974025977,2.182596921606301,32.0
-2.85990776185779,25.689214058447163,62.1653253393834,1.0019843675768672,31.01180124223602,27.43167701863354,3.08616329911651,23.0
-3.804158711652074,28.817089696385846,51.63457443955874,1.0794393146908157,31.01180124223602,27.43167701863354,5.368416180387396,13.0
-3.327282012283456,29.419055872604204,53.76097739003082,1.0171786338287365,42.070253164556966,27.28860759493671,6.0404267500775894,12.0
-2.716570994441481,27.39563248111268,63.41808278360887,1.066658986279711,42.928205128205136,29.330128205128204,4.7725338419417325,15.0
-3.009699423422492,20.86619760854694,60.72658420427134,1.127149625436189,42.928205128205136,29.330128205128204,5.4136020550141,13.0
-1.536643439355338,26.691541555348508,59.593307395659664,0.9497348251840785,42.928205128205136,29.330128205128204,2.7782851007759177,25.0
-4.0906807423298,24.10303721872662,59.956501041825504,1.1394674702474838,42.070253164556966,27.28860759493671,3.6040175061098187,19.0
-2.4145663378572184,24.707009994910614,56.21300831456965,0.8651664419061164,33.838961038961045,22.674025974025977,2.2396937167509314,31.0
-3.2870436956871236,20.49148390345177,50.6683494742648,0.9083544220105499,33.838961038961045,22.674025974025977,3.8829070052139865,18.0
-3.2154011552231556,21.910621393463583,61.76662313106094,0.8173382479709304,42.928205128205136,29.330128205128204,3.264979008411895,21.0
-2.3472067030254715,27.90513607533648,60.18069854323031,0.9457707245341005,31.01180124223602,27.43167701863354,4.0161329738983556,17.0
-2.422691546026891,24.539588330478598,57.09206696169087,0.9519638179296481,42.070253164556966,27.28860759493671,2.564335579053407,27.0
-1.526232018893435,23.01662241631149,63.49639423052386,1.1221082388829005,33.838961038961045,22.674025974025977,3.2704383650787197,21.0
-4.114817131637624,23.840190739649582,55.042394974776485,1.0612522681158625,30.94105960264901,21.473509933774835,3.1039946303106025,23.0
-4.187671051847501,28.5439951332568,54.41482616346854,0.9746890232622667,30.94105960264901,21.473509933774835,4.873175240430783,14.0
-2.3269835486137764,27.48999017404957,63.09194487619164,1.0608455914494992,30.94105960264901,21.473509933774835,4.176168257819738,17.0
-2.7648392489807727,22.723153971810827,61.95481482138478,0.8211133402062765,42.070253164556966,27.28860759493671,2.895266517748947,24.0
-3.6775180003205823,21.175018402123733,57.72469715972517,0.8721086144073504,31.01180124223602,27.43167701863354,3.6924467774099523,19.0
-4.26174189303304,22.519982216440717,51.96102109186775,1.0507791420967019,42.928205128205136,29.330128205128204,3.3346952239361416,21.0
-4.2430252512107085,29.207564510547336,53.226072071975786,1.0565467276901208,30.94105960264901,21.473509933774835,6.027765444732142,12.0
-1.817427376007645,25.815888378497554,59.8434198561321,1.109653863482971,42.928205128205136,29.330128205128204,3.2633810108652157,21.0
-3.924398025843771,25.334802087447827,55.77561856760617,0.9611999036214409,42.928205128205136,29.330128205128204,2.96098678925929,24.0
-3.5298853136534376,25.963935996924615,62.54709787498957,1.0890216386464624,30.94105960264901,21.473509933774835,3.731693669834089,19.0
-3.820030793319036,23.660282657465153,64.24932513998306,1.0735921330240759,30.94105960264901,21.473509933774835,3.333995872702286,21.0
-3.435011082504188,28.071070203195127,62.084553879123774,1.1853573513479396,42.070253164556966,27.28860759493671,6.132260805218544,11.0
-4.29172847176172,25.2328624930025,55.663181344933356,0.8860520905698717,42.070253164556966,27.28860759493671,2.8131231717086633,25.0
-2.942820627275189,21.167479027687957,61.830296438471365,1.0206718255010558,42.070253164556966,27.28860759493671,4.6285744157880595,15.0
-4.2971623092233555,21.29065124829063,55.271625102060256,1.0407057768441876,33.838961038961045,22.674025974025977,4.632657106140336,15.0
-2.0989304765329155,25.368591465026185,52.50650131648451,1.1994591539736883,42.928205128205136,29.330128205128204,2.938732755366779,24.0
-3.7988637542687007,29.36570218070839,50.50089807298786,0.8804736568666607,31.01180124223602,27.43167701863354,5.10817562702509,14.0
-2.8799642561864682,23.083521216761987,55.7857506914153,1.0092872079869168,31.01180124223602,27.43167701863354,2.6166020365111398,27.0
-1.8597627373156254,28.69541168859218,63.553389555459226,0.9384741230854555,33.838961038961045,22.674025974025977,4.872816162414634,14.0
-2.5473678928584174,27.640955865788793,53.584798816335145,1.0103571874316,42.928205128205136,29.330128205128204,3.764052907104732,19.0
-2.901126640345994,22.47812442906907,53.09769747394676,0.8928514408412423,33.838961038961045,22.674025974025977,2.4922196708215725,28.0
-3.526998740653873,20.363407483162426,64.54731177861561,0.8190449513709953,42.928205128205136,29.330128205128204,4.971698236385882,14.0
-3.500994260825406,21.018472651423828,50.375061692758884,1.0290261815590755,42.928205128205136,29.330128205128204,4.282575215349477,16.0
-2.4915391344054294,27.284939338474402,61.786732255906315,0.9343417263443329,42.928205128205136,29.330128205128204,3.8538893141885406,18.0
-1.5175819163364972,21.996697380406466,54.820549336113054,0.8727765606993735,33.838961038961045,22.674025974025977,2.7384476022825166,26.0
-2.514482430451864,23.712709205053937,50.56231935304489,0.9295742264312135,33.838961038961045,22.674025974025977,2.3181315629759305,30.0
-2.8266497478899253,25.01699166006425,63.767038103143754,0.8197120805790981,30.94105960264901,21.473509933774835,2.3146061695556366,30.0
-2.308048469282262,27.254681684501627,52.09463495314375,1.1801768936360413,42.928205128205136,29.330128205128204,4.01643455248504,17.0
-3.1043831631488454,21.132312232591254,58.27668925588543,1.032459165989304,42.070253164556966,27.28860759493671,4.6798645324599555,15.0
-4.319572972197644,24.063664052774616,54.110813111443214,1.1259074725388099,42.928205128205136,29.330128205128204,3.292211173643489,21.0
-2.813109552366271,24.850729091426956,50.97789203277036,0.9692472790190921,31.01180124223602,27.43167701863354,2.2398735581500984,31.0
-1.6271241464838595,25.408270639715397,50.74883728495069,1.1613258670264743,33.838961038961045,22.674025974025977,2.462613166324952,28.0
-3.974091172927021,28.183606413952166,51.733350482545085,0.9933272886209014,31.01180124223602,27.43167701863354,4.329159068518012,16.0
-2.429985327538003,21.716781950432168,51.0705052083407,1.0295781288802677,33.838961038961045,22.674025974025977,3.177468260066365,22.0
-3.8971989340228306,28.078314518266225,61.40837173279884,0.9967175920250627,31.01180124223602,27.43167701863354,4.900725507624102,14.0
-2.892516946580756,26.92878427696652,57.283493034251435,1.0933113183470606,31.01180124223602,27.43167701863354,3.7623870390906706,19.0
-4.209970651059841,25.558708141989595,55.14338137023469,1.026662431040825,33.838961038961045,22.674025974025977,3.160752166253568,22.0
-3.1488871912254446,26.99527870402572,56.275533651980105,0.9086395694321591,33.838961038961045,22.674025974025977,3.1655980033816764,22.0
-2.231510013314262,24.120177389516563,63.934201033589346,0.8582158125290585,31.01180124223602,27.43167701863354,2.521079825332226,28.0
-3.457285427283054,21.383975859681247,63.66127719107221,1.042449755553191,42.070253164556966,27.28860759493671,4.973608396312264,14.0
-2.5052648265383457,26.657652402653675,60.73514720183866,0.9956719846188145,42.070253164556966,27.28860759493671,3.4494866721810515,20.0
-2.1136501176308125,25.246723066856223,63.270235661325316,0.8383902786784452,42.928205128205136,29.330128205128204,2.530475903406012,28.0
-1.718466541561642,26.393748005427753,54.794720413814375,0.9582469863173073,42.070253164556966,27.28860759493671,2.6705017543381717,26.0
-3.7960737544336394,23.379987810284902,55.71663989012424,1.0059105688001815,31.01180124223602,27.43167701863354,2.952777413345303,24.0
-3.3020522525720755,29.068665773398358,59.205682727813425,1.130757293530236,42.928205128205136,29.330128205128204,6.624289452480231,11.0
-4.042751960008748,25.87369868575577,59.354389209458965,0.830440422333345,42.070253164556966,27.28860759493671,2.871269006513129,24.0
-1.5225494935248745,20.85402484290874,57.22549757018511,0.9393981392984012,42.928205128205136,29.330128205128204,3.636770304356186,19.0
-1.7189970962271142,24.498039907044287,56.0098677265693,1.129062449084154,30.94105960264901,21.473509933774835,2.4750102134200227,28.0
-2.880128609158321,27.563560547436342,64.79270467413042,1.0593695727086314,42.070253164556966,27.28860759493671,4.734261663736847,15.0
-1.9739001168707362,27.941345617322725,62.316854391765865,0.9159833287215148,42.070253164556966,27.28860759493671,3.933063217292052,18.0
-2.9371260681838733,24.945970527637588,56.52470296832068,1.138134048809057,42.070253164556966,27.28860759493671,3.0968944001205974,23.0
-2.629242935991721,28.94747570831301,60.909387158593525,0.997317432225077,31.01180124223602,27.43167701863354,5.357275976460497,13.0
-4.23262670365195,22.676684371942976,54.043425398786894,0.9993407565241842,33.838961038961045,22.674025974025977,3.335869534991804,21.0
-2.234188738509576,24.105986972382667,51.50253989355995,1.1906349356801535,42.928205128205136,29.330128205128204,2.8471044336571123,25.0
-4.116859549094295,28.9859691056897,55.28646538329111,1.1788466012945513,42.070253164556966,27.28860759493671,6.8068702169879725,10.0
-2.021797109242415,28.96256716471579,56.044592001850916,0.9434130733479376,33.838961038961045,22.674025974025977,4.534630946682571,15.0
-2.1539157369888424,26.85712768824681,50.24805686841006,0.856231651465233,33.838961038961045,22.674025974025977,2.419640928954507,29.0
-2.373765906771071,28.5898054712222,62.22188002453844,0.9302666929112376,31.01180124223602,27.43167701863354,4.613705834191613,15.0
-4.391518858425714,20.887732669562325,55.38790103583772,0.8121933041245553,31.01180124223602,27.43167701863354,3.846488897567259,18.0
-3.590614932164014,28.649949762077764,58.706272486702204,0.8083071546841565,42.928205128205136,29.330128205128204,4.566221895662639,15.0
-3.7106622902674715,23.20619906550227,51.10944780906434,0.9582088545005677,33.838961038961045,22.674025974025977,2.7184140649458755,26.0
-3.4195907775854426,21.78331512428216,52.62495243125876,1.1764079290788936,42.070253164556966,27.28860759493671,4.127308285607216,17.0
-4.237071759708485,22.393698363420462,63.3454058799134,1.1485429364928832,30.94105960264901,21.473509933774835,4.525865481272919,15.0
-1.6891265309068118,24.17968508013887,59.13031291824201,1.0045771335670493,30.94105960264901,21.473509933774835,2.595678865192706,27.0
-2.8385932778628713,22.511920046044672,64.25426075255729,1.0260905524683324,42.928205128205136,29.330128205128204,3.9543443096807738,18.0
-3.5834270680259293,23.20567586016499,64.98125051586976,0.8023733986984226,30.94105960264901,21.473509933774835,2.8291183890247478,25.0
-3.3090554487771495,21.349784860716422,55.57790172999641,0.8862004623335062,42.070253164556966,27.28860759493671,3.7447040389669124,19.0
-3.158392378485493,22.961767655589984,54.48204596124912,0.8099096507737535,42.928205128205136,29.330128205128204,2.6153910530427895,27.0
-2.6982169999181482,25.722838145420013,62.87534082738645,1.101815813078155,33.838961038961045,22.674025974025977,3.590929161814727,19.0
-2.9529617169105067,24.41853708091064,64.97917140556181,0.8582583184105992,31.01180124223602,27.43167701863354,2.555746128626551,27.0
-1.7418240803567482,23.467187612359112,59.44461851348686,1.1476188409907269,42.928205128205136,29.330128205128204,3.037188579354643,23.0
-3.009109551282509,27.46452128857114,61.927110837672835,1.0573297254703153,31.01180124223602,27.43167701863354,4.333827955572513,16.0
-1.523525955530062,28.935099713933177,61.72618788222912,0.8917674706062854,42.928205128205136,29.330128205128204,4.970230525768743,14.0
-1.9457251267647129,27.56789222902397,55.330095623293204,0.8630881268332999,42.928205128205136,29.330128205128204,2.9670739431707007,24.0
-3.8744684569279926,23.320007021176792,58.61405570385631,1.0510498803692212,33.838961038961045,22.674025974025977,3.277229356599642,21.0
-1.7082143560682512,27.444421678375537,62.4958541189632,1.1603347921129294,42.928205128205136,29.330128205128204,4.3777004708652045,16.0
-4.1509008063435715,21.51980182474051,60.32170814391583,1.0873440875657527,33.838961038961045,22.674025974025977,4.89754020356726,14.0
-2.0476508745264255,21.30317988091291,50.31745720973058,0.939418660641351,42.928205128205136,29.330128205128204,3.0878934545854553,23.0
-3.3581301195702595,23.45627037036159,55.050585033463,1.0349534381074588,42.928205128205136,29.330128205128204,3.022986693418956,23.0
-1.8660770386647916,28.07702369044057,52.16713544891908,0.9243046781489686,42.070253164556966,27.28860759493671,3.2812746260644903,21.0
-1.895829929677649,22.463482472423017,53.49458318117058,1.1996598267114635,31.01180124223602,27.43167701863354,3.300077030710886,21.0
-2.0822237996471364,20.632534088986795,63.58234216236988,1.0995356753847405,31.01180124223602,27.43167701863354,5.3207834250113635,13.0
-2.129908691078816,21.31709535206355,50.553399333661524,1.0457526559027015,42.928205128205136,29.330128205128204,3.56700943714839,20.0
-3.5859625827058776,28.5874496852958,53.29701067942886,0.9693036571063317,30.94105960264901,21.473509933774835,4.591855915699981,15.0
-4.257242150846244,26.337832847472875,54.64354028357347,1.0472609161038229,31.01180124223602,27.43167701863354,3.4142787788580287,21.0
-3.2910594637045154,22.532011633699767,59.25326107949592,0.936646424986934,42.070253164556966,27.28860759493671,3.331134453103645,21.0
-3.979426455040474,25.552958253281815,58.011525351287986,0.8115459357832123,33.838961038961045,22.674025974025977,2.5241485056380135,28.0
-2.415146733292615,25.275796224253504,53.27404224280079,0.9580354089426532,31.01180124223602,27.43167701863354,2.3838498238650594,29.0
-3.4617008203866435,26.554359784406614,52.463616008347316,1.1721923278319468,30.94105960264901,21.473509933774835,3.7034432133709485,19.0
-1.5731693974202554,22.331875544216164,53.55197051894178,1.0505204379095463,42.070253164556966,27.28860759493671,2.8870872809683576,24.0
-2.577083767964004,28.644029871943978,57.537944400524836,0.8335822812283606,42.070253164556966,27.28860759493671,4.1573444847231125,17.0
-2.0325583090969173,23.09368562080013,54.06766678566805,1.1539974453580104,33.838961038961045,22.674025974025977,3.0342187400152407,23.0
-4.102425981774455,26.94131653976237,64.21403752411584,0.9075499397366059,33.838961038961045,22.674025974025977,3.7442285789609393,19.0
-1.9139565531821323,20.16124646372215,56.95797832143271,0.897507797233091,33.838961038961045,22.674025974025977,4.016057129929573,17.0
-1.731728428459817,23.726571298941472,50.881940248169556,0.9188363875121284,30.94105960264901,21.473509933774835,2.002556155499848,35.0
-3.038814243543192,23.517098179588082,60.9389960875495,1.030880894450383,42.070253164556966,27.28860759493671,3.2726493889145094,21.0
-2.6812411867470676,25.434844285830145,54.93267932313484,1.0178752373735906,30.94105960264901,21.473509933774835,2.550105983351912,27.0
-2.205570597291014,20.727362617771966,59.80233398087371,0.9965655018491527,31.01180124223602,27.43167701863354,4.3324701974826745,16.0
-3.9754841182187626,27.901313737261084,54.19391555784848,1.0870147454050507,42.070253164556966,27.28860759493671,4.84418421556673,14.0
-2.992301770609673,22.177808017675687,58.5611561259998,0.9266150925339836,30.94105960264901,21.473509933774835,3.095243733348156,23.0
-3.304010916683061,26.7703781488201,61.582287572111966,1.1128258086289724,42.070253164556966,27.28860759493671,4.384640429226596,16.0
-4.060878023513252,28.032121232440932,63.92013112661831,0.8701286713514397,30.94105960264901,21.473509933774835,4.4409623693668125,16.0
-3.397396733125406,25.61876956241513,53.91690716649616,1.1130483156308038,42.928205128205136,29.330128205128204,3.20429689421642,22.0
-4.2954830718435195,27.408832067219855,55.022854264984716,1.065524042100113,33.838961038961045,22.674025974025977,4.261628320469306,16.0
-4.422564279151539,26.618603122150056,56.9639963042891,1.0732833238190347,31.01180124223602,27.43167701863354,3.743551331247747,19.0
-4.094501132535532,23.555297971520076,63.907622566039834,0.992621358850904,42.928205128205136,29.330128205128204,3.6412030651148806,19.0
-1.6106546652324782,28.088585390335652,63.52080285215986,1.066800613072346,33.838961038961045,22.674025974025977,4.539684382630561,15.0
-2.851411392314949,22.94701369885528,51.34817420150957,0.831918818623783,31.01180124223602,27.43167701863354,2.2033511111855844,32.0
-1.60253351654034,25.712129177515173,51.97894738630716,1.140620446819747,33.838961038961045,22.674025974025977,2.470410448603677,28.0
-3.202506365009604,27.453977391415396,57.432637659959575,0.8222188933950585,30.94105960264901,21.473509933774835,3.1156444319100225,22.0
-3.5645516007442213,23.789559098125075,51.59928909208135,0.8594966039485991,42.070253164556966,27.28860759493671,2.402268123357051,29.0
-2.9815744114792677,23.027676076174252,55.18371310023046,1.0307158833988945,42.070253164556966,27.28860759493671,3.3288267246237124,21.0
-3.1814649341012697,24.593460101728226,52.225780673262165,1.0957645821826767,30.94105960264901,21.473509933774835,2.490121922521514,28.0
-4.1830059472147685,28.179634943491536,59.54060532697829,0.8305006257385015,42.070253164556966,27.28860759493671,4.440707242916856,16.0
-2.577521055929381,29.29921763145665,64.24243147608743,1.1683059256489279,42.928205128205136,29.330128205128204,7.659400556338102,9.0
-3.851885452471201,25.450834128598903,64.95100655441573,1.1894430595202794,42.928205128205136,29.330128205128204,4.185829126330057,17.0
-2.641236135306511,26.61466205323652,55.628616987453725,1.0423800692030845,42.070253164556966,27.28860759493671,3.437718881569192,20.0
-2.5493967228055396,29.03273622238914,58.985189556719185,0.9924973821507346,42.928205128205136,29.330128205128204,5.497885779700104,13.0
-4.043925440614055,20.985468514129423,62.84401480286122,1.0965579889119,42.070253164556966,27.28860759493671,5.9461257806955645,12.0
-4.3159511186679955,22.32078577866165,51.76193109194576,0.9313429409308822,31.01180124223602,27.43167701863354,3.0214094965648353,23.0
-2.1577152417946808,27.089000062515822,60.343466165779475,0.9973057736420425,42.928205128205136,29.330128205128204,3.7687659620255096,19.0
-3.1205987286920394,28.237444619122996,56.132654925876025,1.1664604107257606,30.94105960264901,21.473509933774835,5.125850574089538,14.0
-4.3255086134835725,28.57029028330578,53.092192404202464,1.1822621700966134,42.070253164556966,27.28860759493671,6.2077827875976315,11.0
-1.5154010484906983,24.151071768549325,56.04130428121163,1.170827646420474,42.928205128205136,29.330128205128204,2.910153038242992,24.0
-4.3266583170109,20.89339902291867,51.13940430447375,0.9049792267855361,31.01180124223602,27.43167701863354,3.8358055732725806,18.0
-2.4148943134243406,24.3778147729962,60.431107228839586,0.8929876160867054,42.070253164556966,27.28860759493671,2.5069862665805545,28.0
-1.5489632242097593,22.307345902070537,53.791140031226796,0.9190658023717257,42.070253164556966,27.28860759493671,2.4313845216455836,29.0
-3.7824596873522234,22.911964549966243,54.67108467567317,0.976524444955384,30.94105960264901,21.473509933774835,2.8587634105862763,24.0
-4.073251893938411,27.72267556837506,51.81621947362194,0.9256669651167855,30.94105960264901,21.473509933774835,3.7203942738876004,19.0
-4.135845181732713,20.755270860258868,62.969886708348376,0.9496851182956232,42.928205128205136,29.330128205128204,5.375154600761193,13.0
-3.5901745572972135,28.275812174807022,57.40166418924108,1.0482547808483038,31.01180124223602,27.43167701863354,4.955011970689947,14.0
-4.1968625669680595,24.27669085824169,58.582203166796006,1.1050102708375904,42.070253164556966,27.28860759493671,3.5440873750642568,20.0
-2.4235159749176045,25.96063931100595,58.54149024642282,1.0942232793071667,30.94105960264901,21.473509933774835,3.0541582235813065,23.0
-4.313124605609812,20.89652231235679,56.157396718120125,1.1257694268316607,30.94105960264901,21.473509933774835,5.451332627024747,13.0
-2.971733615550631,23.373590783572794,52.887948731572095,0.812873761286161,42.070253164556966,27.28860759493671,2.246062015819051,31.0
-1.5099094384410696,20.89700919014846,61.176991227476,0.8190935158715025,31.01180124223602,27.43167701863354,3.3689712195315913,21.0
-2.0580891914819435,29.615437228811096,51.90584398036511,1.1157531842754518,33.838961038961045,22.674025974025977,5.878431489800557,12.0
-2.6543416853069672,28.072616493262505,51.55810685418216,1.0132315289298528,33.838961038961045,22.674025974025977,3.9235829153711426,18.0
-3.581239137640165,24.596327543564602,60.65217556394755,1.0312562695048482,30.94105960264901,21.473509933774835,3.1921423363487222,22.0
-2.628312491125085,22.23602548323671,53.13255530677976,0.8210347440857508,30.94105960264901,21.473509933774835,2.542086917096757,28.0
-2.9188756082650453,29.334551052498522,54.60159127029249,0.9021255204685084,42.070253164556966,27.28860759493671,5.121264488679643,14.0
-3.2217498483288853,23.445965957269717,57.12841200502611,1.055341721954191,42.928205128205136,29.330128205128204,3.306038603903713,21.0
-4.107868869779401,21.609844316873748,56.74026975094319,1.1436727560442703,33.838961038961045,22.674025974025977,4.754861285017082,15.0
-1.8401873542785996,25.63164388453955,60.62868687597499,1.166793358872561,30.94105960264901,21.473509933774835,3.088436206913289,23.0
-3.1506460535360326,29.437741203448162,59.351476901650415,1.0001677983340327,31.01180124223602,27.43167701863354,6.197706470790685,11.0
-3.916132464537705,20.038302905003224,59.665942434227986,1.018189693095279,42.070253164556966,27.28860759493671,6.494860453909993,11.0
-3.396721947368131,22.381248432539987,60.71081495983186,1.1332198524275963,42.928205128205136,29.330128205128204,4.313399364894825,16.0
-3.257610742413219,29.384476404104078,54.38919091135198,1.0150498402989419,42.928205128205136,29.330128205128204,6.244046866475581,11.0
-2.0173863132993772,21.710859668571622,54.834999677007104,1.0067434102149269,33.838961038961045,22.674025974025977,3.3963594118711447,21.0
-2.299156858315794,21.1324345163982,56.56996621843331,1.1620336151043815,42.928205128205136,29.330128205128204,4.789644892336316,15.0
-2.1920853190759804,25.701872157998046,54.61193259550289,1.115973088422352,42.070253164556966,27.28860759493671,2.8608547314350488,24.0
-4.466906206714058,28.6184382329483,64.77406803456296,1.1636290105445177,30.94105960264901,21.473509933774835,7.240925719146565,10.0
-3.2515380054607155,24.77109817693926,62.21077889632144,0.8872988219124616,42.070253164556966,27.28860759493671,2.7685897166075133,25.0
-3.0559675450940293,29.945642566845248,52.469820323840445,1.0097501946621428,42.070253164556966,27.28860759493671,6.516887425078515,11.0
-4.44242316953083,26.79171699537993,50.083912338228046,1.1369888514373432,30.94105960264901,21.473509933774835,3.803409036127636,18.0
-3.720560373764897,20.740749072104478,50.64174902370902,0.8444591309868437,42.928205128205136,29.330128205128204,3.8151115481646003,18.0
-2.219130530633595,29.928321316819755,53.66095176564388,1.1178648617175848,42.928205128205136,29.330128205128204,6.784599103629083,10.0
-4.088670882813003,24.078942367801904,51.71436928755285,0.8731893533659478,42.928205128205136,29.330128205128204,2.514326306861639,28.0
-2.8940696056422253,22.874025338454825,58.00007172338858,1.1232475019941284,42.070253164556966,27.28860759493671,3.4787495846415566,20.0
-3.8543943839482875,25.578791835778855,62.86992834091038,1.0448003750227473,42.070253164556966,27.28860759493671,3.811811897704303,18.0
-4.46363767606832,23.043075918208643,61.05125331369841,0.8772943965939469,42.928205128205136,29.330128205128204,3.065953325135134,23.0
-3.7763956272013757,20.86457507120152,53.234135946232854,0.9893416717331205,30.94105960264901,21.473509933774835,4.4610051484967705,16.0
-1.5723787352698384,20.014283430791767,55.98948884038679,1.0727620665843087,30.94105960264901,21.473509933774835,4.872893704849368,14.0
-2.0953886643510313,24.495833529202624,57.61841314296916,1.0535411603534168,33.838961038961045,22.674025974025977,2.722345980601611,26.0
-1.6212700670368996,28.368634222265925,62.153087742550035,0.9708988784926817,42.070253164556966,27.28860759493671,4.565375880646469,15.0
-3.0364378682209128,25.723151856300767,62.58682404659247,1.1597466115683708,31.01180124223602,27.43167701863354,3.6528569844304193,19.0
-4.170791403967489,29.99207298943441,63.64577467861664,1.0077053657951378,33.838961038961045,22.674025974025977,8.364954785020972,8.0
-2.8561215330789214,22.868466456472,57.638678757543126,1.0023469194114754,30.94105960264901,21.473509933774835,3.0685377433845313,23.0
-3.1368679963201176,22.804550647600554,60.41412119653795,0.8249002359765818,42.070253164556966,27.28860759493671,2.780366634304193,25.0
-1.9669287517811522,21.59749460233944,51.67700556850906,1.1688481559190549,42.070253164556966,27.28860759493671,3.9145581766062416,18.0
-4.205752257647267,21.640635882653353,58.479334399309735,0.8708466274713492,31.01180124223602,27.43167701863354,3.556306740640929,20.0
-3.0352765889346656,22.85186596010048,53.73037714206703,1.0113378773746218,42.070253164556966,27.28860759493671,3.0191572194536804,23.0
-4.049854005918047,27.92840045273527,56.475753275399164,1.121427040560124,42.928205128205136,29.330128205128204,5.457655638481241,13.0
-3.52597221932982,29.05756790636448,59.51075762460079,0.8861813107822574,42.070253164556966,27.28860759493671,5.5832045681011175,13.0
-2.287928767836601,29.75087169707681,53.85478906780671,1.0109493159883365,42.928205128205136,29.330128205128204,5.995479623578522,12.0
-3.0719456118937005,22.32289654096453,50.78277586695142,0.8962739636893363,30.94105960264901,21.473509933774835,2.579013250846838,27.0
-3.372335144562692,28.81297545614092,50.15350784613136,1.1038779991199648,31.01180124223602,27.43167701863354,5.189870349102613,13.0
-3.3165711642898943,23.282550892773372,50.332393033167826,1.0257364671492604,42.928205128205136,29.330128205128204,2.7235917419769278,26.0
-3.12165969478204,21.128405445168845,50.125246062706545,1.1423903441580574,30.94105960264901,21.473509933774835,4.369734265529987,16.0
-2.1449503684888294,28.700249255201655,51.65532584836813,1.157823201150953,42.070253164556966,27.28860759493671,5.073765325086009,14.0
-1.8237459331792967,26.361056346436186,53.59233071855195,1.0594933929781591,30.94105960264901,21.473509933774835,2.609796990233832,27.0
-1.633995940488215,21.647308960810616,53.318322712734485,1.0901564984635779,30.94105960264901,21.473509933774835,3.2110021583785433,22.0
-2.1392898412341146,24.298312575130026,64.80194891269845,1.0196880399547454,42.070253164556966,27.28860759493671,2.992224019891124,23.0
-3.553779312755962,22.87257694877068,54.59009157813415,0.9537714932269532,42.070253164556966,27.28860759493671,3.0283813161444404,23.0
-2.4355958817403733,27.36794568710197,51.911311750390986,1.0592471692083338,31.01180124223602,27.43167701863354,3.6085727276333612,19.0
-3.1871906278338242,24.53416230624268,58.18343816251637,1.1633154493949316,30.94105960264901,21.473509933774835,3.0754465513337736,23.0
-3.7359881338618464,29.89279945106385,62.869361830962625,0.9666721521725752,42.070253164556966,27.28860759493671,7.744318386739086,9.0
-1.9773852617222323,20.54744982259595,60.170905651815126,0.9257640105495182,31.01180124223602,27.43167701863354,4.07320411043693,17.0
-4.384720953113025,23.550152661362468,54.44123133703175,0.9553747754210297,33.838961038961045,22.674025974025977,2.8060633445233174,25.0
-1.7947140235937296,24.819001671099773,58.424242396871826,0.9741590520846398,30.94105960264901,21.473509933774835,2.5350800492422407,28.0
-3.1155676061257975,25.0313355474832,60.72283961300614,0.8294244115910865,30.94105960264901,21.473509933774835,2.2706372153897165,31.0
-2.588395569575159,23.15935822385637,60.921567385516134,0.9993767361739978,42.070253164556966,27.28860759493671,3.179403206272336,22.0
-2.521938233382652,27.292402490975682,59.99807682946533,0.9977256992200239,42.070253164556966,27.28860759493671,3.9287760644118848,18.0
-1.814646777880391,28.747470734889745,63.06215637163427,1.0353775310562092,33.838961038961045,22.674025974025977,5.219874511935583,13.0
-2.5899909534983783,29.38719301977863,63.05158187516157,0.9451280121885326,42.928205128205136,29.330128205128204,6.227323873178062,11.0
-2.658199245719815,28.05093376799526,58.68404839110505,1.0452430383822358,30.94105960264901,21.473509933774835,4.368759654698245,16.0
-4.30004387831793,28.505801973065992,56.44784553666818,1.1512865241096812,33.838961038961045,22.674025974025977,6.277753217111406,11.0
-2.9447759341643875,25.505453006199957,59.6235544334765,1.1821883961980657,31.01180124223602,27.43167701863354,3.5995368424129133,19.0
-4.049492997548875,28.258882264268145,62.27318002055695,1.0334448864564199,42.070253164556966,27.28860759493671,5.8501928507056675,12.0
-2.2876986938355435,23.035039091479522,50.08478157261777,0.8170363815881253,42.928205128205136,29.330128205128204,2.323955492640068,30.0
-2.9633342375619764,23.984787621092146,64.87995513522277,1.1876943989068436,30.94105960264901,21.473509933774835,3.557184783500422,20.0
-2.45931666237494,23.169130138185444,52.743406584937986,1.0823448243585025,42.928205128205136,29.330128205128204,2.940277928545355,24.0
-4.374981298192847,24.673873354479255,57.053734784899646,0.9343854594214609,42.928205128205136,29.330128205128204,3.0705475219292766,23.0
-4.245623951862591,22.855796162386362,63.080446022643,0.8588630803854894,31.01180124223602,27.43167701863354,3.1054185430504537,23.0
-2.3510298358119535,29.61611442254447,53.37560598566299,0.85736744489451,30.94105960264901,21.473509933774835,4.469212515724759,16.0
-4.28374699200398,23.128446280056682,57.15192835850575,0.8670977624558411,30.94105960264901,21.473509933774835,2.6242832687205193,27.0
-4.286229816704224,20.980445381109398,51.98873270271769,0.8182290086455282,30.94105960264901,21.473509933774835,3.7458080268208453,19.0
-4.463674574295338,25.268171660504134,55.92614488082289,1.1608616754611645,31.01180124223602,27.43167701863354,3.4304965864295154,20.0
-1.6304958051015594,20.570990784451762,52.65703182189504,1.0163072931309345,42.070253164556966,27.28860759493671,4.05570012812391,17.0
-2.2874749216229793,21.105431663085806,55.45441623156736,1.0799837650855348,33.838961038961045,22.674025974025977,4.040072162416491,17.0
-3.4402457744938078,22.193893891962464,55.60196325189083,1.131243403707323,30.94105960264901,21.473509933774835,3.915681274883238,18.0
-3.6103932561370344,24.643502498821416,64.89756184397498,1.11661640253328,30.94105960264901,21.473509933774835,3.452344327656581,20.0
-3.4508903107624516,24.332509323090278,64.92219543955659,1.1530422494915367,42.070253164556966,27.28860759493671,3.7506424629554975,19.0
-2.1760394064564546,27.996918620027913,51.72179417990919,1.1869018490099807,31.01180124223602,27.43167701863354,4.275750681488186,16.0
-2.515888166788757,27.394746538841133,60.88953168992521,0.9756282458967758,42.070253164556966,27.28860759493671,3.832104860729731,18.0
-3.944413296397596,24.26318293990701,50.77618219503652,1.180134186667356,30.94105960264901,21.473509933774835,2.9873920980945905,23.0
-3.977671993997747,23.3370420757563,50.45288023005783,1.0893159793371265,31.01180124223602,27.43167701863354,3.083579051481202,23.0
-4.2048130508598085,23.164687840614985,51.58000841367446,0.8282672761232315,30.94105960264901,21.473509933774835,2.418613732163781,29.0
-2.5190918408959857,27.739950872940092,64.482284855119,1.0727132484849382,42.928205128205136,29.330128205128204,4.962586827690096,14.0
-2.206882013334792,20.520724062212697,64.11295321842046,1.0746866638419394,42.928205128205136,29.330128205128204,5.650429604699311,12.0
-3.7048607150249877,20.12821649510606,52.908917304210206,1.1623442255170109,31.01180124223602,27.43167701863354,5.862193579888656,12.0
-4.437165116907262,27.95544391926648,52.42508503330567,0.9491728529880368,30.94105960264901,21.473509933774835,4.331311931800637,16.0
-4.253484997570718,24.771463759890494,53.60802629773921,1.033964600108727,42.070253164556966,27.28860759493671,2.9281251833956974,24.0
-1.5964198954649085,21.30881138553576,57.73320491112713,0.804875020404697,42.928205128205136,29.330128205128204,3.036367913985219,23.0
-3.613665667567739,22.355659345945014,58.54556948053115,0.9328300968725344,33.838961038961045,22.674025974025977,3.3286336655740802,21.0
-2.192330556485599,29.325039530973825,53.32390145659171,0.8248974904635125,33.838961038961045,22.674025974025977,4.250214359393666,16.0
-2.6260092934372086,28.59502975624898,61.34934182134918,1.0087491891059588,42.928205128205136,29.330128205128204,5.501086246767951,13.0
-3.3541810810413124,27.097850502239726,54.64329754103976,1.1269790602027814,31.01180124223602,27.43167701863354,3.921897023263873,18.0
-3.882938213413335,24.822252303373265,63.83196988294115,0.8825770768516276,42.928205128205136,29.330128205128204,3.0153220645709697,23.0
-4.135840745521781,25.203236261913858,59.85084059685096,1.0109764182231114,42.070253164556966,27.28860759493671,3.355876723720369,21.0
-2.6549610958834,29.752445352839587,56.545267914554174,0.8816034546043069,42.928205128205136,29.330128205128204,5.4074744131150805,13.0
-2.176098658086636,29.65770443884287,61.84868002554268,0.8482753871384963,42.928205128205136,29.330128205128204,5.399079216987314,13.0
-2.568287239376608,22.15269045785834,62.26871939069997,1.004398716773737,42.070253164556966,27.28860759493671,3.684429372343399,19.0
-2.909093600252525,28.111045663053183,54.35722408413415,0.8316594483798911,30.94105960264901,21.473509933774835,3.368031872905808,21.0
-4.374146329705091,21.97242666167017,55.09571815754126,1.0349418524551957,42.928205128205136,29.330128205128204,4.004865404507509,17.0
-1.5945336672168486,22.135374778839513,64.03932730592905,0.8125349842706906,30.94105960264901,21.473509933774835,2.7760461354083437,25.0
-2.103857425036276,26.760930341645768,52.471115575449076,0.8426859887473502,42.070253164556966,27.28860759493671,2.497149234440229,28.0
-3.6215338898971057,24.050010985875485,50.632256254444016,1.0199989941949432,42.070253164556966,27.28860759493671,2.660595317742129,26.0
-1.560089011923448,29.3154440710652,56.81082983914324,1.0365629651595656,42.928205128205136,29.330128205128204,5.3222951017070335,13.0
-2.6943552310910337,20.89009734896009,62.01814850365443,0.8115947720375033,30.94105960264901,21.473509933774835,3.735383198215758,19.0
-2.7527320253782603,25.11525640809493,61.57502159466119,1.0293507152006234,30.94105960264901,21.473509933774835,2.6579019548113028,26.0
-2.255780461711404,29.18521530443121,63.79295943369249,1.1354010101294547,33.838961038961045,22.674025974025977,6.645571709465058,11.0
-2.0646906357295873,29.04113660479505,57.9980099655356,1.0889264709175817,33.838961038961045,22.674025974025977,5.531112414824487,13.0
-2.530564178005492,21.565292134157414,51.500970073498,0.8524740415683195,30.94105960264901,21.473509933774835,2.8085102228108587,25.0
-4.1157127609014,23.666377000964566,58.83033461504024,1.036989859025446,33.838961038961045,22.674025974025977,3.0902641176124535,23.0
-3.485197482016505,26.191214000466964,61.67593421529817,1.0689010000296855,30.94105960264901,21.473509933774835,3.6519851699177464,19.0
-1.715749079021851,21.59394884771402,51.399921804047395,0.8148924807009168,42.928205128205136,29.330128205128204,2.4874937586331933,28.0
-3.8261531644684443,29.68022172045739,52.58986101646384,1.142139067473449,31.01180124223602,27.43167701863354,6.8888342702458605,10.0
-3.38349892848746,29.147493287276603,50.184359917335065,1.162506958915932,33.838961038961045,22.674025974025977,5.950480896503876,12.0
-3.203769351167412,21.669501790344693,58.90478869170215,1.1401809093449033,33.838961038961045,22.674025974025977,4.689661969946492,15.0
-3.1817850309166436,21.211554612609856,63.30101587918857,1.1298525871956453,42.928205128205136,29.330128205128204,5.486910255041657,13.0
-2.6611812525164233,20.85408482808265,60.05994974003149,1.0979860793843572,42.070253164556966,27.28860759493671,5.11490731648019,14.0
-1.6707724867658773,29.09443664036631,64.73060131386472,1.0533728125127841,42.928205128205136,29.330128205128204,6.089223394680453,11.0
-3.7779218645024852,21.936238097954607,50.945504787496425,1.0714508019953008,33.838961038961045,22.674025974025977,3.7240875350856006,19.0
-4.135495871097246,24.16284928544355,63.545016277272445,1.1225581173339931,31.01180124223602,27.43167701863354,3.706243579592332,19.0
-3.9075885304201883,24.48851365652003,62.21102431080021,1.0649993833445217,30.94105960264901,21.473509933774835,3.5780495995216484,20.0
-1.8392252993721914,25.990110442135673,54.71362280749258,0.9310907826728284,42.070253164556966,27.28860759493671,2.410500065508565,29.0
-2.562567562034382,20.717353437474248,64.60289827755878,0.9503844408645415,33.838961038961045,22.674025974025977,4.775239535501946,15.0
-3.6422796322825195,22.26758617400516,54.31906622257122,1.1588229873489169,31.01180124223602,27.43167701863354,3.993267161869266,18.0
-2.0521591830941484,29.31490386918926,63.339570857423276,0.8068488343188648,30.94105960264901,21.473509933774835,4.828047859073794,14.0
-1.915890010909692,29.084101072685694,63.21122865611284,1.079528232497713,31.01180124223602,27.43167701863354,5.664729156733121,12.0
-1.960456983929166,27.812906474056923,61.36486424904459,1.181911020970086,42.070253164556966,27.28860759493671,4.98335613510421,14.0
-1.7432203990813369,20.194012456182154,58.45205710719278,1.0824912679831895,33.838961038961045,22.674025974025977,5.24031674916124,13.0
-3.743276939479915,23.27006768496102,51.80004124425332,1.1975647952927129,33.838961038961045,22.674025974025977,3.6195654926938707,19.0
-2.2348742137611652,26.27958735342908,57.97957601744747,1.0750179622113323,30.94105960264901,21.473509933774835,3.185141906141894,22.0
-3.11838150817758,22.75190211773476,55.35194383482402,0.8137452116867445,33.838961038961045,22.674025974025977,2.4226479376168397,29.0
-1.9740043413298154,29.095866950537776,61.883255497330275,1.1308039526587694,42.070253164556966,27.28860759493671,6.290937857599737,11.0
-2.3145279685151605,26.338894618324417,61.37193809745267,0.9138519647757276,42.928205128205136,29.330128205128204,3.24154402356755,22.0
-2.170657660500826,20.719067173164454,63.65918761058908,0.9784228902657763,42.928205128205136,29.330128205128204,4.9263024902563775,14.0
-2.5315144869567856,29.09005588835703,50.22245243647562,0.9248367663628329,42.928205128205136,29.330128205128204,4.395846929372916,16.0
-3.9677136915908795,29.577666581762223,62.13654825234569,0.9074216424838718,30.94105960264901,21.473509933774835,6.4468375395712245,11.0
-2.864919243309185,20.777124183917255,64.07693079687003,0.9725622814679141,42.070253164556966,27.28860759493671,5.116706226973602,14.0
-1.5459907814264753,25.32360234861315,61.839506736622255,0.9515005793762695,42.070253164556966,27.28860759493671,2.646547042996532,26.0
-1.6878358005086431,23.033642822141704,51.9529168980555,1.0533354327370357,42.070253164556966,27.28860759493671,2.5289207884855434,28.0
-4.370478792608965,23.928390764814026,51.21918657261332,1.1252604803950041,31.01180124223602,27.43167701863354,2.969467453884658,24.0
-4.005555552811689,21.796512179553417,50.312678597115514,0.9188354612748963,33.838961038961045,22.674025974025977,3.0528746674029135,23.0
-4.104813679636314,25.780721020124126,59.43117838742106,0.885488461128807,31.01180124223602,27.43167701863354,2.989452009808133,23.0
-2.3220602700441138,29.579793532488907,59.44508977789831,1.0667581083481368,30.94105960264901,21.473509933774835,6.282197777859888,11.0
-2.0466440104291648,25.03072600271609,64.80370571327319,1.0681280263323125,33.838961038961045,22.674025974025977,3.0646955041006962,23.0
-3.8594659010679844,20.829145813944812,55.97064761156143,1.1604524957144686,33.838961038961045,22.674025974025977,5.619915172196914,12.0
-2.9824419211445132,26.200013334774084,54.97859427346245,0.8063782745813244,42.070253164556966,27.28860759493671,2.493102913473508,28.0
-1.9778909159664,23.40222994451257,59.36637390776589,1.141216264846604,30.94105960264901,21.473509933774835,3.013465889322336,23.0
-2.3015953657012482,28.55925189591298,62.38413008761391,1.0084008691793427,31.01180124223602,27.43167701863354,5.001833203258036,14.0
-2.8732883835244554,24.3467814831647,64.05160924284503,1.0485208356688396,33.838961038961045,22.674025974025977,3.123915310343072,22.0
-2.728956928623681,21.928396089422456,62.04686249268558,0.8365485762245659,31.01180124223602,27.43167701863354,3.2425596233365956,22.0
-2.97491835925116,21.911056226911448,56.40010970923707,0.9730459731488182,42.928205128205136,29.330128205128204,3.6116371303239245,19.0
-3.607354646043538,27.687641807211605,59.52371352968096,0.8909209628954096,42.070253164556966,27.28860759493671,4.052371867667583,17.0
-2.8049340214229517,22.6558759830736,62.844489900741756,0.9016900120330037,33.838961038961045,22.674025974025977,3.160481821084185,22.0
-2.433344093849728,27.67233394159223,57.35914532467609,1.001638045870411,42.070253164556966,27.28860759493671,4.127921192402204,17.0
-1.8800312524175768,22.058873107665995,53.25029965558089,1.1249823801612449,42.928205128205136,29.330128205128204,3.303244008805216,21.0
-2.5911259380622558,23.216863687013095,52.54585159621809,1.0975123720579425,30.94105960264901,21.473509933774835,2.9354162220459488,24.0
-2.216635388870526,24.654869724396995,50.002366168670854,1.0363999836343816,42.070253164556966,27.28860759493671,2.3948125323633915,29.0
-4.019785095136281,29.431958496934506,60.77356992471927,1.0157672771013868,31.01180124223602,27.43167701863354,6.91434960838056,10.0
-3.11532757674063,29.317314247538246,51.666458132689854,0.970922417293796,42.928205128205136,29.330128205128204,5.461185024442716,13.0
-4.4720051405187204,22.06871875422288,53.657586495439105,1.1890839894245544,30.94105960264901,21.473509933774835,4.252593080178046,16.0
-3.759963406435131,23.582190412430727,54.4681449728419,1.0240770216936934,30.94105960264901,21.473509933774835,2.959464252167053,24.0
-2.3206148546609855,21.493993884537723,58.40569790205153,0.9015865593248888,42.070253164556966,27.28860759493671,3.4709091840139923,20.0
-1.5245701459519099,25.09985079313497,55.969359159436536,0.8920363168160158,31.01180124223602,27.43167701863354,1.9008076412945751,37.0
-4.202465701238352,24.605825506946665,60.12010988034743,1.0445412123100568,33.838961038961045,22.674025974025977,3.154045576287517,22.0
-3.2955170524161352,29.007601624507323,50.83457988993054,1.0091310109243714,30.94105960264901,21.473509933774835,4.958964328253397,14.0
-2.0997870939025214,29.300053777910726,51.85908791396659,0.8030791211818852,31.01180124223602,27.43167701863354,3.7247145233012593,19.0
-3.8878930961133036,23.83567391007292,57.488172552999,1.1320261488783117,31.01180124223602,27.43167701863354,3.473562612221011,20.0
-2.8347451520931415,24.917379430189897,55.05447181770245,1.0816489416929738,33.838961038961045,22.674025974025977,2.8946398757408924,24.0
-2.3007861119109756,28.96236249146133,54.4372004412704,1.0647317158712415,42.928205128205136,29.330128205128204,5.453635217362023,13.0
-2.652043649219463,28.067078077450617,51.00542118556284,0.8275122630790637,42.928205128205136,29.330128205128204,3.292263233379958,21.0
-3.9359257961537515,20.036563113446494,63.43578762122002,0.9448223400689966,33.838961038961045,22.674025974025977,6.091264051065758,11.0
-3.4338462939427816,23.200595641835825,60.37727879187576,1.1741529042931145,33.838961038961045,22.674025974025977,3.620824961046278,19.0
-2.1486246465438086,24.217742419361258,51.82427235229474,1.1450356965365454,30.94105960264901,21.473509933774835,2.649172200723131,26.0
-2.8373204576039504,22.297162836832317,50.97568936605711,0.9142171751478134,42.928205128205136,29.330128205128204,2.8339116742839394,25.0
-4.484311159371262,21.995716158959386,64.62308800146864,0.8628235536396556,30.94105960264901,21.473509933774835,3.87864657637932,18.0
-2.2170277199157185,20.377845065956798,60.21758825659257,0.9796351828674308,42.070253164556966,27.28860759493671,5.128487088175425,14.0
-4.394065935179283,26.433697250697605,56.26184106640612,0.9423321514670644,33.838961038961045,22.674025974025977,3.2473681877778575,22.0
-2.2627986518063037,22.625102904831657,60.52596561133677,1.0728905506823965,42.070253164556966,27.28860759493671,3.472776936787,20.0
-3.8925583195042877,20.52347178431313,61.344976797202385,1.1865739240337279,33.838961038961045,22.674025974025977,6.617730623572513,11.0
-1.6257795596418596,22.309793105280637,61.69943303583169,0.9452005799930245,33.838961038961045,22.674025974025977,2.891289679587344,24.0
-3.3961777460937466,28.019139528361265,57.168159584795866,0.8248896690608969,30.94105960264901,21.473509933774835,3.631815319259737,19.0
-3.519205150985763,28.514891816465465,56.44824137187272,1.159045603336954,42.070253164556966,27.28860759493671,6.072760725132672,12.0
-4.053335849002666,24.830662451933026,50.165421264033505,0.8151798920959483,30.94105960264901,21.473509933774835,2.0418149841723356,34.0
-3.5831873535293552,24.160706704086863,63.89835672712757,1.1811063588613333,31.01180124223602,27.43167701863354,3.818164258081575,18.0
-1.8700477145153984,29.77853693501782,59.04961817583415,1.0658317712036158,31.01180124223602,27.43167701863354,6.128154270113688,11.0
-1.5109969871182578,22.005646595880698,53.047309057849525,1.1766756833767795,42.928205128205136,29.330128205128204,3.6012142509793783,19.0
-3.395071408479455,22.153592828546085,63.79405129132155,0.8798638746595914,31.01180124223602,27.43167701863354,3.489223986063718,20.0
-3.154168107136372,22.918671770363996,63.72397852655445,0.8162799181015231,42.070253164556966,27.28860759493671,2.83577525702048,25.0
-2.333787185391789,21.727573182810872,64.83776246549144,0.9952839913105967,31.01180124223602,27.43167701863354,3.79839227291896,18.0
-1.8414126586047765,23.793655982041866,63.110848447084685,0.9802493658280501,30.94105960264901,21.473509933774835,2.4272116860274497,29.0
-2.7208669974396473,29.108342269897538,64.96676581730097,0.9325969093019532,31.01180124223602,27.43167701863354,5.555799353045533,13.0
-3.325422905466512,26.153478406285743,53.67029282184909,1.183062589755479,42.928205128205136,29.330128205128204,3.739406537243793,19.0
-3.2621344774541288,24.119465486122635,62.633743777988514,1.1290334928645729,42.070253164556966,27.28860759493671,3.547792201377536,20.0
-2.4131455605095793,29.344107945712146,62.34542463193647,1.0646328085502372,31.01180124223602,27.43167701863354,6.445069864012874,11.0
-4.490345209187164,20.484642324758223,53.464105388311005,0.8651433166551311,30.94105960264901,21.473509933774835,4.299400870958867,16.0
-2.641231987620478,22.102761779018614,51.476563235014865,1.0937293632874099,31.01180124223602,27.43167701863354,3.3170701999145376,21.0
-3.4335209686759276,25.65888605101759,64.691307705164,1.0908049818798895,33.838961038961045,22.674025974025977,3.591821443076759,19.0
-2.1174080061687475,26.15552623193179,54.44036827280915,0.9700272694464029,30.94105960264901,21.473509933774835,2.4655497355254554,28.0
-4.221028080530603,20.395575065626133,63.06337685701709,1.1699143638856055,42.070253164556966,27.28860759493671,7.323055713061168,10.0
-2.7353931991548284,24.030387579071324,50.06190732011906,0.8667911528916042,42.928205128205136,29.330128205128204,2.0326171821512853,34.0
-3.057081330341629,26.491539648308727,50.315372108294035,0.9069350249646657,42.070253164556966,27.28860759493671,2.526148053154038,28.0
-2.573023422284318,26.980705464034017,56.98806963044552,0.8252897357002535,42.928205128205136,29.330128205128204,2.881957216201819,24.0
-4.305439216551095,26.381399025162693,53.58072025902595,1.118180383271035,42.928205128205136,29.330128205128204,3.856103703888296,18.0
-2.760048637715606,23.205632243609244,60.34761925153946,1.0487037544381588,31.01180124223602,27.43167701863354,3.2316933005678066,22.0
-2.815546236121429,20.935201235979093,58.48346488351932,0.9259761222724998,31.01180124223602,27.43167701863354,4.122531187645471,17.0
-2.818019716751487,24.271124464193342,51.162286961757374,0.8655254654377262,31.01180124223602,27.43167701863354,2.1421638378181393,33.0
-2.6895370002106356,21.287544373680554,52.43942444473576,0.8160591080114962,33.838961038961045,22.674025974025977,3.0314529787650133,23.0
-2.470596188320913,29.47623658520667,55.82073905087621,0.8666982274503747,42.070253164556966,27.28860759493671,5.07165365296037,14.0
-2.085033000957691,24.75170866022628,52.7840609593315,0.9813138585350633,31.01180124223602,27.43167701863354,2.0883059378345115,34.0
-3.6905378396153568,23.172591743568674,61.88333520865893,0.8988707876042424,33.838961038961045,22.674025974025977,3.0230029391202677,23.0
-2.024851769459814,27.663040711189,56.2410535332992,0.9035928709727867,31.01180124223602,27.43167701863354,3.2856091377317806,21.0
-3.005232953209639,24.979485925822637,51.40147800263749,1.1502305466670857,42.928205128205136,29.330128205128204,3.075847520204505,23.0
-4.268825162597007,23.100340240124503,57.26514353408187,1.0060550693844403,33.838961038961045,22.674025974025977,3.361416638174435,21.0
-4.324347212268062,28.119677423908016,51.36257271592121,1.091700789251366,33.838961038961045,22.674025974025977,4.97611820992028,14.0
-3.4972850439118175,28.671521510011218,51.934059581297255,0.8142843796112573,42.928205128205136,29.330128205128204,3.93729574667933,18.0
-2.1453090686655973,26.730081662886768,53.59414748042308,0.9460653422712115,30.94105960264901,21.473509933774835,2.675932673325328,26.0
-2.3769571957772526,20.469644224076674,62.89291557871235,0.9916677389581767,42.928205128205136,29.330128205128204,5.278238573190626,13.0
-2.1341551059827806,25.66322880166532,63.86918798499458,0.8745667420840739,30.94105960264901,21.473509933774835,2.664785125631578,26.0
-2.948192830675172,27.632949119972814,62.39386593998104,0.8480766165782155,31.01180124223602,27.43167701863354,3.6160543816046733,19.0
-3.179403006133528,21.365030120835822,55.01115826126771,1.148121511399937,33.838961038961045,22.674025974025977,4.476845228578512,16.0
-4.057642419881148,22.286707513846032,54.08669661663247,1.1757726508399187,31.01180124223602,27.43167701863354,4.065579376020487,17.0
-3.5154217391720652,28.824951050681364,58.23733536185359,0.831522679218163,30.94105960264901,21.473509933774835,4.412767724077924,16.0
-3.1979419014783743,20.20121721853074,60.827797407996684,0.9396074850169772,33.838961038961045,22.674025974025977,5.404889337842994,13.0
-4.234198710961149,27.527271378259762,64.90059182240262,1.1833142512577894,42.928205128205136,29.330128205128204,5.9851271649264675,12.0
-3.838164141866366,24.73773292514423,51.973560678183894,0.833264693252986,42.928205128205136,29.330128205128204,2.0900835904476063,33.0
-2.7053241178087837,24.467721588396067,50.73937998535707,1.0574565491514905,42.070253164556966,27.28860759493671,2.5511494104130144,27.0
-2.2930106572824305,20.070965324948872,60.41533833492906,1.1888885483868021,42.928205128205136,29.330128205128204,6.709256284304349,10.0
-1.504957465821151,28.19398230966493,62.48338675255859,1.1912894674325498,33.838961038961045,22.674025974025977,5.166180441049008,14.0
-1.7006600059693269,23.598249006365663,62.69523169799635,0.9884893323614973,33.838961038961045,22.674025974025977,2.7571159097551527,25.0
-2.572304401394425,25.40765631300543,60.17695323615741,0.8650996431129523,42.928205128205136,29.330128205128204,2.559947348923642,27.0
-3.236255840117784,26.773006863356592,64.3102370617878,0.8808337259909755,42.070253164556966,27.28860759493671,3.532955195116003,20.0
-2.5914679058753016,27.026295764379157,57.66507145316881,1.155840558049758,42.070253164556966,27.28860759493671,3.9815998707130666,18.0
-2.143045145759304,29.55980058826072,63.70722197504319,1.1646732017318944,42.070253164556966,27.28860759493671,7.410982740005361,9.0
-4.144991427229838,25.31339953236609,64.51718205487285,1.0431518575494219,42.070253164556966,27.28860759493671,3.748568687526093,19.0
-3.2702853309111353,23.997195509744277,62.707361855046614,1.1064705597879645,42.070253164556966,27.28860759493671,3.6388582826831186,19.0
-1.9805931430931483,29.537036264917077,54.64637844887931,1.0959725005881633,31.01180124223602,27.43167701863354,5.759127973371306,12.0
-3.348501144200868,26.42110235025521,52.94323476755443,1.0647286391956428,31.01180124223602,27.43167701863354,3.242974685941112,22.0
-2.7843831863184403,22.981503562765557,58.22180097472727,1.1309107819487756,31.01180124223602,27.43167701863354,3.489810068792556,20.0
-2.7366919174134052,21.264642454035712,56.79522125570283,1.0741626492161285,31.01180124223602,27.43167701863354,4.2312324704435795,17.0
-3.946571240599082,28.425545014651814,63.16637513289099,1.0136009222989997,42.070253164556966,27.28860759493671,5.971949394650773,12.0
-3.4132936750431346,23.621816027941517,51.500475066007304,0.8947825450352628,31.01180124223602,27.43167701863354,2.2103019664776755,32.0
-3.4964661337742036,26.60469721364431,53.86610091967278,1.0975552576474477,42.070253164556966,27.28860759493671,3.8766857163778816,18.0
-4.421409874403806,24.70816419365898,61.276984167780626,0.9893751471353098,42.070253164556966,27.28860759493671,3.38245336395304,21.0
-4.427424708325934,21.989297797950382,51.42479967465968,0.9179166736030038,31.01180124223602,27.43167701863354,3.132090673096251,22.0
-2.0049088689726795,26.01686608620465,54.811466210325506,1.12077851029671,33.838961038961045,22.674025974025977,2.816428235853348,25.0
-3.680787570081563,20.606830689506822,55.807330910809746,1.0786854401412114,42.070253164556966,27.28860759493671,5.592319630974313,13.0
-2.945763701283554,24.133424598711922,59.33890694844035,1.17493582524988,30.94105960264901,21.473509933774835,3.1247897940513223,22.0
-3.603823279233681,25.46614939663671,52.37198968579047,0.8661766560075511,42.070253164556966,27.28860759493671,2.6229055964034784,27.0
-1.6779622646539787,24.36046974118579,62.90906735524564,1.0596757138545971,42.070253164556966,27.28860759493671,2.6049299082870103,27.0
-3.7221097234026788,27.486721752509908,56.71313353199412,0.8976957872352704,30.94105960264901,21.473509933774835,3.7583026075258643,19.0
-3.211029561783195,28.279249545453126,63.75532567820835,1.1614331941206566,33.838961038961045,22.674025974025977,6.108629687450718,11.0
-1.8818092485461944,27.71243074033178,57.01804870450897,0.8397997657026464,42.928205128205136,29.330128205128204,3.2212265640470967,22.0
-1.974199299624574,20.38812947811802,54.125603884111,1.0624647225779509,33.838961038961045,22.674025974025977,4.513930192480232,16.0
-3.941695746461168,21.94128770445972,52.127432430315125,1.116434288611212,42.070253164556966,27.28860759493671,4.265450736718164,16.0
-2.092070070612869,25.366075092637743,50.056176420669274,0.9419671361458829,42.928205128205136,29.330128205128204,2.277324942806343,31.0
-3.125439339786322,29.348220404438013,57.982362274772534,1.1816552317535236,33.838961038961045,22.674025974025977,6.973259154139579,10.0
-3.0510933837439342,28.349567750521167,51.60735045390385,1.1402922738344148,31.01180124223602,27.43167701863354,4.585740848193325,15.0
-4.099560082752169,28.425345083518017,55.87591645446767,0.9178473198739614,42.070253164556966,27.28860759493671,4.869896652278331,14.0
-4.258195458728626,23.03208193759675,58.8390764185563,0.8030164370863995,30.94105960264901,21.473509933774835,2.6834802039251806,26.0
-2.3161820790787044,24.294478970787026,54.135288453540504,0.9186628704472244,30.94105960264901,21.473509933774835,2.014347770820219,35.0
-3.010616542934101,24.707059473159376,52.62836438549173,0.9125241881882971,31.01180124223602,27.43167701863354,2.221584595284672,32.0
-3.1894478921544613,21.573715833499104,61.62082433914013,1.1559858430003636,33.838961038961045,22.674025974025977,4.790657197091646,15.0
-2.3114753140428097,20.310681302444564,64.2018675842243,1.186848471301899,30.94105960264901,21.473509933774835,6.216929648649163,11.0
-2.2034613030266708,29.469028994605168,51.50660626792949,0.8281759943881042,42.928205128205136,29.330128205128204,4.417349479850033,16.0
-4.023275496991939,22.40712585663507,52.333854865775116,0.9885179314133267,42.928205128205136,29.330128205128204,3.5124732971877464,20.0
-2.669324551567076,22.399489037236314,64.40018985879078,1.0193327994119183,31.01180124223602,27.43167701863354,3.6888592236896898,19.0
-4.093937753166943,20.833790537687594,50.56676332718369,0.8371646645318813,42.928205128205136,29.330128205128204,3.7240746704476524,19.0
-2.245874741912863,29.285077519437785,64.66448504825708,0.9509990836550091,30.94105960264901,21.473509933774835,5.733061869452231,12.0
-2.5291345311985816,25.79737114939772,50.06966724627483,0.9268329669571802,31.01180124223602,27.43167701863354,2.237117618943658,31.0
-1.6301561367496262,26.67036857125354,63.10502983476997,1.014422541730835,31.01180124223602,27.43167701863354,3.0878714011228277,23.0
-4.293125950930737,29.115768872630525,54.60987771481624,1.0644763598927751,30.94105960264901,21.473509933774835,6.212287820703858,11.0
-4.328835836546237,23.456201689007894,64.07883287265945,1.0813940441986265,42.928205128205136,29.330128205128204,4.177621873682007,17.0
-3.6534387759203995,26.21507311138084,54.754179329533784,0.854702009445355,42.070253164556966,27.28860759493671,2.7703899930476807,25.0
-3.7148829487922823,20.387994547288876,59.814594823010836,1.1251790807778486,31.01180124223602,27.43167701863354,5.93970091615119,12.0
-3.7590636027840008,21.867725282311294,51.20048854648905,1.0714168119163037,42.070253164556966,27.28860759493671,3.843526673941103,18.0
-1.78123625843689,28.312458050899423,53.63494717180608,1.1556299666986878,31.01180124223602,27.43167701863354,4.302382588254338,16.0
-3.751361400451482,27.667683563383356,61.60519019718876,0.9797344237741736,33.838961038961045,22.674025974025977,4.6133925477284325,15.0
-3.6841508216141072,23.50642691457147,57.930287805182296,1.1575559050888766,33.838961038961045,22.674025974025977,3.5477857695714987,20.0
-2.221805212746109,23.768106277742124,63.91953592680567,1.14630964894243,33.838961038961045,22.674025974025977,3.271421628618151,21.0
-3.15078047264838,25.335544335535793,56.43127112512031,0.9753637329437078,30.94105960264901,21.473509933774835,2.633996134015484,27.0
-2.1698683291344563,20.002410046851345,63.04718548720885,0.9524573261171915,42.070253164556966,27.28860759493671,5.444930930292609,13.0
-4.303901527306844,22.41244336038028,56.734331562173566,1.1731248059881028,31.01180124223602,27.43167701863354,4.1733025591545,17.0
-3.037286418979847,22.082318086082143,64.68872418052977,1.086065893815375,31.01180124223602,27.43167701863354,4.1338192475081454,17.0
-4.399159199450152,22.504829467497636,64.39751572098315,1.1712981385752301,42.928205128205136,29.330128205128204,4.829356594875927,14.0
-4.312040389633936,28.059058425334413,54.937050583341204,1.1187899115583253,30.94105960264901,21.473509933774835,5.2828962901217995,13.0
-1.780687639966767,22.79673856546443,63.288855056252046,1.0437189757165657,42.070253164556966,27.28860759493671,3.2595997852489393,21.0
-4.0822638866472145,21.91521322050148,62.71417061323474,0.8463411108015059,33.838961038961045,22.674025974025977,3.648832825600443,19.0
-2.9027379531743485,25.042634607930317,53.16020595991344,0.9165922690316394,31.01180124223602,27.43167701863354,2.295107293291416,30.0
-3.2667131921978805,28.65645036372732,59.364356011749045,1.1875369628393566,42.928205128205136,29.330128205128204,6.616227316760573,11.0
-3.457970021223472,22.413497038375,51.090234733847225,0.9277688394856818,33.838961038961045,22.674025974025977,2.696356010900823,26.0
-1.8004999629381828,20.785362427927986,62.55066080875193,0.8373019479141484,42.070253164556966,27.28860759493671,3.6991999109416054,19.0
-4.434529809673531,23.564047358496648,52.61818825255245,1.083021342367728,33.838961038961045,22.674025974025977,3.0777238971580414,23.0
-2.508630941473233,27.47651824564978,51.06222052078647,1.0936017018174737,31.01180124223602,27.43167701863354,3.60576515593866,19.0
-1.6098166973593488,25.506905446947947,56.00328643308217,0.9141830881148604,42.928205128205136,29.330128205128204,2.24315393093407,31.0
-2.8194954496144744,28.167933695743475,58.653832078994654,0.9190687917385215,30.94105960264901,21.473509933774835,4.066405461908628,17.0
-1.6895326139007247,29.59592147609234,62.823754378396565,0.9875571942035135,31.01180124223602,27.43167701863354,6.0541909703762835,12.0
-4.3432263621419285,27.92662476751617,64.61363788282605,0.8087155799049023,31.01180124223602,27.43167701863354,4.097457604498214,17.0
-3.2436200427775157,26.038030788437535,56.59238768854796,1.1157292041444653,31.01180124223602,27.43167701863354,3.2581445061786667,21.0
-3.7195266271138463,24.933415880523803,50.90670384477905,0.9268355149096502,31.01180124223602,27.43167701863354,2.5292713108092775,28.0
-2.3075371050578104,20.400690863482666,61.23673368538806,1.141505240800791,33.838961038961045,22.674025974025977,5.663187739202225,12.0
-1.55610872850826,29.843219788140413,58.47759884335906,1.1210521686400134,30.94105960264901,21.473509933774835,6.360767359006967,11.0
-3.7304098126672565,23.834811225750425,56.718370172666944,1.0645608132475133,33.838961038961045,22.674025974025977,3.194078308330678,22.0
-2.5374761955777765,21.522282139168667,54.639033181882844,0.9299499468397154,31.01180124223602,27.43167701863354,3.2597857819794545,21.0
-3.90570710172078,26.667088553964568,57.535977917653035,1.006526624664468,42.928205128205136,29.330128205128204,3.743072976097791,19.0
-2.8040092362851703,22.84288289095459,55.08019406685546,0.9779317030391836,42.928205128205136,29.330128205128204,2.9682413408639245,24.0
-3.1082025399349913,25.857782709310477,61.3551780162104,0.9355527544994697,42.928205128205136,29.330128205128204,3.0333303543170054,23.0
-1.5839840111053887,25.86767907844591,58.15840544738961,1.1392545157212712,42.070253164556966,27.28860759493671,2.997131037956004,23.0
-2.6744181819106005,24.457298209028693,63.15271661231168,0.9934028298310661,42.070253164556966,27.28860759493671,2.9623029309919042,24.0
-3.451480883739544,28.361186155450426,58.15315871974163,1.1330892391188585,42.070253164556966,27.28860759493671,5.728964066529192,12.0
-4.1577126453362,22.64967061555443,53.57393620009895,0.8420873896567298,42.070253164556966,27.28860759493671,2.8376918954415813,25.0
-4.046259513795197,24.486325916177343,62.76637823348217,0.8564099154401343,30.94105960264901,21.473509933774835,2.745793090094851,25.0
-3.8240492101462946,25.376921285909717,58.35828567395066,1.1909281220451906,33.838961038961045,22.674025974025977,3.711442091824163,19.0
-3.747100015979106,26.636247207672994,53.10261557215342,1.035107385042436,30.94105960264901,21.473509933774835,3.4355178327714255,20.0
-1.9481518264765865,27.839718505055895,59.35261714934333,1.0039078693996195,31.01180124223602,27.43167701863354,3.857990372227389,18.0
-2.8163316351524252,23.94807282878256,55.36575147413642,1.0092624252576448,42.928205128205136,29.330128205128204,2.7838193117688346,25.0
-2.9298272658769005,26.46046944096596,62.666084184380985,0.886107509613144,30.94105960264901,21.473509933774835,3.090111121258464,23.0
-4.155693384392348,21.50610953068519,56.799496079698145,1.087481579800789,33.838961038961045,22.674025974025977,4.647963296534173,15.0
-1.919580919951695,29.326481005424785,60.89662037161125,0.8339122494919018,42.928205128205136,29.330128205128204,4.829965593144663,14.0
-2.331557090374549,23.830588064210033,51.43304311454356,1.0293294852412094,42.070253164556966,27.28860759493671,2.383876672163157,29.0
-4.2969949142999955,27.295214219764382,55.94036519453519,1.0283075186343607,30.94105960264901,21.473509933774835,4.164314026780782,17.0
-2.3764947083106938,20.203410818821776,64.74862154708597,1.1656753696534043,42.928205128205136,29.330128205128204,6.552067991537709,11.0
-2.8693853479720617,22.05187142904807,62.126904342157225,1.0104731240419442,42.928205128205136,29.330128205128204,3.923575734579949,18.0
-4.254823962759665,24.87082544323578,52.39911203550393,0.8548250783896718,31.01180124223602,27.43167701863354,2.0572501405533594,34.0
-3.1250980754140305,28.782524677323465,54.166460742158826,1.0291013036992651,42.928205128205136,29.330128205128204,5.156542990806638,14.0
-3.045911138609859,25.272551499506772,54.947237132845416,0.836531057746133,33.838961038961045,22.674025974025977,2.140433631387679,33.0
-4.002676379510173,29.298704822938788,59.75548340743168,0.8815175341199687,42.928205128205136,29.330128205128204,6.143483413741051,11.0
-1.662905558999153,24.83796896582796,61.354921392344835,0.8124434336749665,42.928205128205136,29.330128205128204,2.2384967752184264,31.0
-1.9500738855580142,24.9044909673595,61.242899132118644,1.0053174329837993,42.928205128205136,29.330128205128204,2.706963890366247,26.0
-2.492932988012675,21.19746788500532,57.64811084459604,0.833813046117429,33.838961038961045,22.674025974025977,3.401888251779771,21.0
-3.113113316998178,28.0265624415222,62.16230806757227,0.9877577514125316,31.01180124223602,27.43167701863354,4.738020789951556,15.0
-3.2647033752464747,22.469654124670626,56.55617124136212,1.1731780141296575,42.070253164556966,27.28860759493671,3.977155430471492,18.0
-2.5470795985471373,28.99612489372315,51.85820847943343,1.0879045652077328,42.928205128205136,29.330128205128204,5.198333089060719,13.0
-2.8637043917792835,29.10824220330396,58.4666276248072,0.8309646696901173,42.070253164556966,27.28860759493671,4.807191675830759,15.0
-4.313180682354343,29.433101118741497,64.2845207690166,0.8896839248835373,33.838961038961045,22.674025974025977,6.612951918217837,11.0
-2.962492053689005,25.2023048910309,61.89490477088767,1.0694649679573738,31.01180124223602,27.43167701863354,3.002348277190177,23.0
-2.0807891483014815,26.770937847836443,58.680509715383636,1.1578807444096735,31.01180124223602,27.43167701863354,3.672160857729268,19.0
-3.1222803672091257,27.785158800616635,59.702084905236454,0.8131674347055815,33.838961038961045,22.674025974025977,3.569501223638046,20.0
-4.344130267337195,21.310146186504657,63.95843040553359,1.1249804526882377,33.838961038961045,22.674025974025977,5.7289007212421,12.0
-2.1411654018479007,26.009571949974973,56.42514191652441,1.0247255521353236,42.928205128205136,29.330128205128204,2.9466265517966916,24.0
-3.895908653592077,20.342979013033116,54.97091208413956,1.018436530118557,30.94105960264901,21.473509933774835,5.2717406498245865,13.0
-3.7241374953358837,24.97566083388726,64.65862347500673,1.183125273101343,30.94105960264901,21.473509933774835,3.7827317517605894,19.0
-4.005880939703112,21.548426816202273,62.951647002655,1.0990578450387092,30.94105960264901,21.473509933774835,5.012135185467423,14.0
-3.5093548053855073,21.829229259620845,54.84565376927904,1.1400475472224447,31.01180124223602,27.43167701863354,4.055702957898266,17.0
-2.229745482934095,23.650475666926013,56.95670896041384,0.9415982278178667,33.838961038961045,22.674025974025977,2.3721436375338696,30.0
-2.9418424214881878,24.324371667165032,56.22617193511699,1.0217456163313638,42.070253164556966,27.28860759493671,2.926087783669707,24.0
-3.8853561775478624,26.23172424532187,52.23643518007151,1.0461622709711083,42.928205128205136,29.330128205128204,3.1101439812864093,23.0
-1.8665097655438774,20.744284184385158,64.36728985719888,0.928633576144986,42.928205128205136,29.330128205128204,4.587531046862525,15.0
-1.8612544351454123,25.036917612374445,56.06468646829638,1.0280992499789599,30.94105960264901,21.473509933774835,2.3726753565013974,30.0
-1.8882647248619793,21.826251302531013,63.12993623956862,0.8946621517918856,31.01180124223602,27.43167701863354,3.126925425855551,22.0
-3.783611365855382,25.739751750317417,52.84034341520998,0.8573502684272959,42.070253164556966,27.28860759493671,2.5678012530916456,27.0
-3.1462819674570355,26.374046122611837,58.2180621595583,0.949588103710933,33.838961038961045,22.674025974025977,2.936769473965785,24.0
-1.5450310315773748,25.56709256552854,50.35942077686405,1.0957158514985748,42.070253164556966,27.28860759493671,2.4031763453062416,29.0
-2.183962571070029,27.382955104783075,61.463307257634625,1.166474859229555,42.928205128205136,29.330128205128204,4.532711107864324,15.0
-4.418497736323321,23.356092442409015,58.713708473694176,0.983085620599293,30.94105960264901,21.473509933774835,3.1706103366256615,22.0
-4.304386226218524,27.65106591633131,59.38384375204629,1.0571294753101728,42.070253164556966,27.28860759493671,5.021467575758968,14.0
-3.108205869563002,24.327670817081938,50.7758132383198,0.8412148523900402,30.94105960264901,21.473509933774835,2.1557049821104304,32.0
-1.7723393824153195,24.84184498322597,53.16557495312923,1.1617855034209315,31.01180124223602,27.43167701863354,2.7454114503726785,25.0
-2.8838946061418573,26.481021272610715,51.1149630853037,1.0274416854279738,42.928205128205136,29.330128205128204,2.8433887690947053,25.0
-3.0065624758971294,20.183583839992238,54.33371473705718,1.1121352990500628,31.01180124223602,27.43167701863354,5.453703827512544,13.0
-4.183578900130108,26.539942214202483,59.41158511523226,1.1177764803685575,33.838961038961045,22.674025974025977,4.234227616277041,17.0
-2.529659685827118,26.185851490721156,58.49278976476063,0.9025922105472424,33.838961038961045,22.674025974025977,2.7656084482491234,25.0
-2.0336905181993234,23.0984711675328,59.18224732420086,1.0116697812727398,31.01180124223602,27.43167701863354,2.7187024356768625,26.0
-3.3587399774773132,20.857942848994895,58.23876907066841,1.1841919006243908,33.838961038961045,22.674025974025977,5.521107755266058,13.0
-2.1731644472240177,20.909354499130412,54.09543193513789,0.8358538179283311,42.928205128205136,29.330128205128204,3.3051772421321193,21.0
-1.6065700382975652,29.232237469852286,53.66761246016638,1.0732199592118254,33.838961038961045,22.674025974025977,4.988311172070747,14.0
-3.8887006226169327,26.892793212258372,52.05589525304872,1.1849056312140687,42.928205128205136,29.330128205128204,4.064777468179089,17.0
-2.930011106415776,21.271026137707405,62.736063123552384,0.9202308432216089,30.94105960264901,21.473509933774835,4.02291348987168,17.0
-3.6385861257462735,23.567231693089063,59.24719037811867,1.1445791685617392,42.928205128205136,29.330128205128204,3.5076762233997187,20.0
-2.121436742898482,25.924829939015964,52.797665187560895,1.1734630181633086,30.94105960264901,21.473509933774835,2.893072799377714,24.0
-2.7672199023565276,28.355717050906485,52.65814069731859,1.09883448375793,30.94105960264901,21.473509933774835,4.442786225446661,16.0
-2.5962527473490886,20.436609287130086,63.09553402289205,0.8925313249227833,42.928205128205136,29.330128205128204,4.8786766347705495,14.0
-2.106257521152318,22.36633131470009,61.14096295644979,0.9336002875306375,33.838961038961045,22.674025974025977,2.9620332842270782,24.0
-3.3120885820126356,28.8974899029538,59.89098619858057,0.8143237177670923,42.070253164556966,27.28860759493671,4.83497610951284,14.0
-1.7547297947788705,20.091655501838165,56.1029616130895,1.132581293698142,31.01180124223602,27.43167701863354,5.273110047686117,13.0
-2.9009133982615802,22.013991027938875,53.92963346417776,1.1398444746044318,30.94105960264901,21.473509933774835,3.845791015349199,18.0
-4.026135531493956,29.590241759729658,64.69176144669235,1.053084123986477,33.838961038961045,22.674025974025977,7.733192935856793,9.0
-2.4123026454935927,26.13401846522171,61.958593625342004,0.9410111405055406,31.01180124223602,27.43167701863354,2.815833536877834,25.0
-2.120215948685237,22.616713666375063,54.52668834704415,0.8307244110559683,30.94105960264901,21.473509933774835,2.2458337670215793,31.0
-3.54971496879742,20.669910943958477,62.71347194417742,1.1012230439659638,30.94105960264901,21.473509933774835,5.843391923758798,12.0
-1.928462229003741,20.28191340447222,61.38397922922022,1.090610477443969,31.01180124223602,27.43167701863354,5.138547093151984,14.0
-1.7815702357027008,22.447450796369274,54.45620824816997,1.1650410086955603,30.94105960264901,21.473509933774835,3.075481453920082,23.0
-3.669286537866573,28.814858195889105,56.39829281362459,1.0922128084021447,33.838961038961045,22.674025974025977,5.913895974562849,12.0
-1.549435581854334,24.159136542975094,52.7893016808654,1.1314779768976007,30.94105960264901,21.473509933774835,2.434808748177679,29.0
-4.077865415853725,27.203333691659928,51.66578666567164,1.0983818471615998,42.070253164556966,27.28860759493671,4.171406999228159,17.0
-3.89395299479253,29.18285035379958,60.84143049259545,1.0522748753249265,42.070253164556966,27.28860759493671,7.099962307988327,10.0
-3.9473254822859216,24.080404616028165,54.012677860308,0.9707865576764036,42.070253164556966,27.28860759493671,2.8264780751442227,25.0
-1.818030869976389,21.91277371037397,62.30089048619381,1.1608469234569112,33.838961038961045,22.674025974025977,4.0797078818031425,17.0
-2.537122343025114,25.171179308569194,64.93413067271639,1.060387428762988,31.01180124223602,27.43167701863354,3.129628135628612,22.0
-4.043687150333182,29.080836870598546,51.14929720894473,0.9593421287863636,42.070253164556966,27.28860759493671,5.416222805518461,13.0
-3.179029744894953,28.043744141377005,57.095526876255505,0.8333877180727829,30.94105960264901,21.473509933774835,3.411733800189407,21.0
-2.654105924790594,20.658298433631536,62.03093838966205,0.9162819423617529,42.070253164556966,27.28860759493671,4.8276418714338805,14.0
-4.249607745031851,26.92572800077582,61.834263448118506,1.0174906939320658,42.928205128205136,29.330128205128204,4.200583899382596,17.0
-1.8527508947779836,25.71897522458954,61.39995737496453,0.9102541480064779,30.94105960264901,21.473509933774835,2.3901776718983823,29.0
-2.0891893936753947,29.074631763464254,55.23492402952866,0.8884941391671609,42.070253164556966,27.28860759493671,4.487810809649128,16.0
-2.984379679270085,21.224814168502974,56.80779883527578,1.010957405635139,42.070253164556966,27.28860759493671,4.365059760859314,16.0
-1.5986201542224885,25.340361132046567,58.924525360122054,0.8679281383582939,31.01180124223602,27.43167701863354,1.850104732418607,38.0
-3.246717062174701,28.794626935118924,64.60910875359886,1.1201640253300413,42.070253164556966,27.28860759493671,6.928223896140676,10.0
-1.5476690428905067,24.10023786741743,54.91320906407739,0.9937472605370632,30.94105960264901,21.473509933774835,2.3003655644906744,30.0
-2.4962400035891186,24.81994917732867,63.847158315752864,1.02954510958506,42.070253164556966,27.28860759493671,3.1809230987313533,22.0
-2.5959861802381754,20.704606776669582,54.04035377270741,0.8589533070389395,42.070253164556966,27.28860759493671,3.688252416011986,19.0
-4.002135314112645,22.781436404489106,64.83611698210557,0.929830534251747,42.070253164556966,27.28860759493671,3.638791567096796,19.0
-1.8542167250860682,23.245066491689474,60.053955302413875,0.9640358733044612,31.01180124223602,27.43167701863354,2.5380752004013343,28.0
-3.2175309362381546,29.45122448744887,56.95267220537826,1.123285132206601,42.928205128205136,29.330128205128204,7.065929590729959,10.0
-4.013299782652562,22.826673605411592,59.200856420954075,1.108063809234461,33.838961038961045,22.674025974025977,3.7117515954497606,19.0
-4.462177440072723,24.60868735269652,54.0879675356031,0.8891909899150726,42.928205128205136,29.330128205128204,2.567473769891362,27.0
-2.820732949084852,26.713044235642798,54.112607862672,1.046471632642803,42.070253164556966,27.28860759493671,3.4282695224619695,20.0
-2.917801133631971,21.621833724078773,51.703318157652404,0.8973825431087991,31.01180124223602,27.43167701863354,3.0250469924343877,23.0
-2.3419391328925245,24.864423871418744,51.71075446558098,1.195298862276098,31.01180124223602,27.43167701863354,2.7611617550138785,25.0
-1.8292258409465934,27.385390394759078,55.21507612203367,1.1808495512523483,31.01180124223602,27.43167701863354,3.855990382723033,18.0
-4.261780246070911,28.668552130270662,61.44283216844558,1.0253058882082482,31.01180124223602,27.43167701863354,6.110753533286814,11.0
-2.305510528978913,26.262592746624268,59.11956751397244,1.0795610287576571,42.070253164556966,27.28860759493671,3.467240405373334,20.0
-3.9377641677072535,26.690535153169478,51.53876840496531,1.120572152883458,42.928205128205136,29.330128205128204,3.6187494417662154,19.0
-1.925468840528508,21.26283472584569,62.783547874638664,1.0883993680179616,30.94105960264901,21.473509933774835,4.2777430791679825,16.0
-2.042809458415032,29.457764972463472,59.020514404851,1.0799314764329684,30.94105960264901,21.473509933774835,5.996339704912921,12.0
-2.8776187350433666,21.325740774844824,64.41283365177169,1.183421603179811,42.070253164556966,27.28860759493671,5.529474978009692,13.0
-2.3692716041300654,27.746729371817985,60.05278201116811,1.0385824425229133,30.94105960264901,21.473509933774835,4.093342855727971,17.0
-3.5569496604487547,22.64816321778319,52.627622955562714,1.0545210687276223,31.01180124223602,27.43167701863354,3.242484753745671,22.0
-3.086496303201556,29.335931437012515,57.10675043461733,1.1397075001752723,33.838961038961045,22.674025974025977,6.8671699625354465,10.0
-2.035089306868585,27.199595393694796,59.727463963208066,1.0679563471433626,31.01180124223602,27.43167701863354,3.7046228895761044,19.0
-3.1222044084803584,27.53813712978369,50.423970515749666,1.093173048807009,42.070253164556966,27.28860759493671,3.9796834342125744,18.0
-3.4266052040236747,22.190591730598832,50.22365396232212,0.893667474478657,42.070253164556966,27.28860759493671,2.9608455094342827,24.0
-3.0173626582491004,24.43039976635161,51.94104500897852,0.9485067696460283,30.94105960264901,21.473509933774835,2.0943253522675915,33.0
-2.015252242688345,26.178131945892865,53.77496652568206,0.8589205382847572,33.838961038961045,22.674025974025977,2.2616685916776618,31.0
-3.494375857887382,27.699736182066008,56.44323685281013,1.002306176933922,33.838961038961045,22.674025974025977,4.28039162074721,16.0
-3.9787152205927687,21.039593759123896,57.31160710639683,0.9822909602720985,31.01180124223602,27.43167701863354,4.450881783370319,16.0
-2.3639579390076575,29.62365316454528,52.07041413406845,1.1988651257117828,30.94105960264901,21.473509933774835,6.180338985607695,11.0
-2.0220653618757547,28.90220670554556,60.10087368673746,1.044483461126217,30.94105960264901,21.473509933774835,5.208045075637472,13.0
-4.1980875644294,22.703485904955844,58.94207092544802,1.1145779292777693,42.928205128205136,29.330128205128204,4.1197404238096995,17.0
-3.7803776617321656,28.22760243032332,54.4169614826174,0.9336058683030617,31.01180124223602,27.43167701863354,4.159899146792486,17.0
-4.074084030717018,25.183239230398236,50.20489825152938,1.1326181325371185,31.01180124223602,27.43167701863354,3.151176707756794,22.0
-3.4561757652535,24.618064815620187,51.16471873029936,1.0460339865950734,33.838961038961045,22.674025974025977,2.5626589445074397,27.0
-3.148947063283762,23.144341058114055,55.875421632662594,1.0787969326393754,31.01180124223602,27.43167701863354,2.9669549536341453,24.0
-2.2535209891100805,25.809685866315924,52.309615267485256,0.9177723111797818,42.928205128205136,29.330128205128204,2.3777110422531686,29.0
-2.5465572453549776,27.298891177035976,55.65229409221956,1.019455356678231,42.928205128205136,29.330128205128204,3.8051443986354307,18.0
-2.6372142975647064,24.109329049627583,59.42273906765533,1.0536147893654435,42.070253164556966,27.28860759493671,2.981783893910805,23.0
-3.442875160171037,26.29219193008292,58.208561418189255,1.0356378703266325,42.070253164556966,27.28860759493671,3.592570698650483,19.0
-1.97565734074572,26.99312921155304,53.46763824706091,1.1660774845698265,30.94105960264901,21.473509933774835,3.3534136471688183,21.0
-3.086138497805506,27.11121817015286,55.15733736888129,1.1593090657970213,30.94105960264901,21.473509933774835,4.1412582280486125,17.0
-1.5626851859545363,20.5196609813118,59.21046797672976,1.1883936231507481,30.94105960264901,21.473509933774835,5.155898108674795,14.0
-2.5975735851127895,28.59747805685067,62.91282542065173,1.0669712024027957,31.01180124223602,27.43167701863354,5.61365016490772,12.0
-4.121205775306492,24.58253314765048,61.29820158108316,1.1887656520502738,31.01180124223602,27.43167701863354,3.735174858174612,19.0
-2.471467313773698,22.624160816962146,58.301000402501224,1.1329912000127635,42.928205128205136,29.330128205128204,3.7117235186754587,19.0
-3.524687953704903,22.417645074796816,55.43439497474729,0.9083328561359837,42.070253164556966,27.28860759493671,3.037555771543935,23.0
-2.441018409941708,24.830141128439504,55.47576916312708,0.9709742678205189,42.070253164556966,27.28860759493671,2.4641274299381526,28.0
-4.291076555512783,28.868315394689592,63.19125965396594,0.8953569768756039,31.01180124223602,27.43167701863354,5.820043306253552,12.0
-3.975355688472122,23.78347581682647,50.58865364060819,0.8016788643322261,30.94105960264901,21.473509933774835,2.2414875475382505,31.0
-1.9327882232826408,27.497257467835432,64.81973966630392,0.8752195012587635,33.838961038961045,22.674025974025977,3.3820344753479836,21.0
-3.8184613289294553,20.968187309872185,59.965631162773434,0.8016242345147503,42.070253164556966,27.28860759493671,4.10291756079899,17.0
-1.98887662427118,24.760567021510617,60.21706548608586,1.087935384540196,33.838961038961045,22.674025974025977,2.7677751490039917,25.0
-3.6621717346367686,29.916861403927356,50.56996755957113,0.9702137190884799,42.928205128205136,29.330128205128204,6.1996765123081925,11.0
-2.571354269823877,27.70437802792337,59.08293912336909,0.9250298908311433,30.94105960264901,21.473509933774835,3.7086852512800013,19.0
-2.417548279470507,22.10528488440613,57.27167090135671,1.1046883564380752,33.838961038961045,22.674025974025977,3.7374471653924135,19.0
-2.962035740564841,25.014414736979106,51.586683603411004,1.1329947098478579,30.94105960264901,21.473509933774835,2.773103997166089,25.0
-3.584067969909806,22.336247636485666,54.168830161540384,1.190119815459952,33.838961038961045,22.674025974025977,3.8874322153117467,18.0
-3.8620668708867116,24.095609272625094,63.35471684320477,1.0568054338700965,33.838961038961045,22.674025974025977,3.453365282287868,20.0
-4.400431936312721,27.800840237349647,58.249826237989296,0.9846115834160207,33.838961038961045,22.674025974025977,4.623583773946674,15.0
-3.588160796277829,27.71224815290404,56.201248627608635,0.9221057206429744,42.928205128205136,29.330128205128204,4.085371718956302,17.0
-2.540511628406151,22.28100377902385,51.090232337612164,0.8889272836856905,30.94105960264901,21.473509933774835,2.6508319378189507,26.0
-1.685085544654552,29.222233181548603,60.71182291103459,0.8851703801930405,30.94105960264901,21.473509933774835,4.44459362553648,16.0
-1.8863865532108441,25.92568182764827,60.54276235094049,0.9636757498879195,33.838961038961045,22.674025974025977,2.8012354789917095,25.0
-2.2018056703940925,23.799242909620144,59.21065410458846,1.196714542115172,30.94105960264901,21.473509933774835,2.9684375176218287,24.0
-2.134657970240104,25.01935580780861,57.65393969330974,0.8003414789749613,33.838961038961045,22.674025974025977,2.15034280581671,33.0
-2.5050452895720143,26.05071253437744,56.506766033110594,0.8788823588924004,42.928205128205136,29.330128205128204,2.543624679206893,28.0
-3.719139427301991,25.598905318457852,58.89906639481988,0.8753571929614296,42.928205128205136,29.330128205128204,2.723079816186034,26.0
-1.7784149078825102,24.864050355361783,53.5009317759261,1.0868477942129169,42.928205128205136,29.330128205128204,2.6315782410010296,27.0
-2.487803064282498,25.049328040894,64.11888596266472,0.9409938910392247,30.94105960264901,21.473509933774835,2.740911142466523,26.0
-2.8186781070586804,21.764119104278862,58.831917937703444,0.9829043218367283,42.070253164556966,27.28860759493671,3.715095487821088,19.0
-4.167031592359557,28.127329043046792,54.66788666531565,0.859449652187962,42.070253164556966,27.28860759493671,4.05964085244549,17.0
-3.1588333685807237,25.417603199410152,56.74519776327736,0.961998815550779,42.070253164556966,27.28860759493671,2.7943041206783956,25.0
-3.118925186394221,21.31079861704703,62.085271833153385,0.8412799247623345,33.838961038961045,22.674025974025977,3.611852663398015,19.0
-1.9063091714319902,27.66157101582778,52.42424091095446,1.0132173151554333,42.070253164556966,27.28860759493671,3.410005924133286,21.0
-2.8600553394366344,29.324439783773506,54.39253433690391,0.8391753461531424,31.01180124223602,27.43167701863354,4.5221514258802085,15.0
-3.358798353088771,29.47306899236962,60.19262034104833,1.1162033524692625,33.838961038961045,22.674025974025977,7.16827020599603,10.0
-1.569599014468022,23.690177324111726,54.73233809723336,1.0266406870161957,33.838961038961045,22.674025974025977,2.424996080973447,29.0
-4.167838220021053,21.355168735607542,61.88752522792199,1.0895871495094067,33.838961038961045,22.674025974025977,5.353528367267891,13.0
-3.232354715064166,25.183996266330652,51.95680230766041,0.9674065546610735,30.94105960264901,21.473509933774835,2.4105119800752397,29.0
-4.373925974485784,21.126092293492206,61.44029255681913,0.9525965172968909,31.01180124223602,27.43167701863354,4.766288432083857,15.0
-2.280287637699209,29.33987418512617,51.025275722758494,0.8392835556195455,42.928205128205136,29.330128205128204,4.47046671783312,16.0
-1.745770343402548,21.83579627355146,50.188889190012425,1.009542242817129,33.838961038961045,22.674025974025977,2.74872278228409,25.0
-3.6598880113485315,22.52765859951164,63.47335278248243,1.0058008659428368,33.838961038961045,22.674025974025977,3.8995321032422408,18.0
-1.9249749696026375,24.066365268849705,58.72008825398448,0.9872408177798422,30.94105960264901,21.473509933774835,2.558674671785616,27.0
-3.6233453086143066,23.831644685591257,55.277403456302174,1.0962073458729797,31.01180124223602,27.43167701863354,3.1047408159445085,23.0
-1.7676895150682546,27.946628923978892,53.48891955445776,1.1330017600129418,42.928205128205136,29.330128205128204,4.353024320458576,16.0
-2.238114289209648,24.563168205509623,59.253286748912245,1.1003158699794033,42.070253164556966,27.28860759493671,2.998042338154705,23.0
-2.085279669475684,21.70768260003337,57.63503275305107,0.8575462971227376,31.01180124223602,27.43167701863354,2.864960757721799,24.0
-4.445980333198636,22.67209895486074,64.87396663294977,1.0488238037128432,31.01180124223602,27.43167701863354,4.2423400380678125,17.0
-1.6115689287779222,25.09113385187522,64.74823979980619,0.8321292422758134,31.01180124223602,27.43167701863354,2.3417773449787265,30.0
-2.31998702378903,21.47453917426135,59.525368492124144,1.0778489149761905,42.070253164556966,27.28860759493671,4.402493550499772,16.0
-3.5857467138416,26.11655675646014,56.64305759158836,0.9527356386244507,42.928205128205136,29.330128205128204,3.1448784590187584,22.0
-2.011816005423459,25.65747306551146,57.36711453701993,0.8529995825065146,33.838961038961045,22.674025974025977,2.1658956519882007,32.0
-3.65543640475521,27.147023163822578,60.23718599355293,1.144820342790451,31.01180124223602,27.43167701863354,4.569709930242004,15.0
-1.8817384813016163,29.37704615379368,51.52361816353072,1.045603335615575,42.928205128205136,29.330128205128204,5.308663184780917,13.0
-4.162258828764189,29.122545611011557,54.92528110716077,0.941889987179011,31.01180124223602,27.43167701863354,5.549580710349204,13.0
-2.388942067617613,29.460756180688314,51.12908361505406,0.8122908718601999,31.01180124223602,27.43167701863354,4.012213953000982,17.0
-2.877904570065269,22.44715597023701,51.10041139275379,1.0149241036014442,33.838961038961045,22.674025974025977,2.944111565364395,24.0
-4.210396589413677,21.315653066393548,52.93758862841351,1.169290351394493,30.94105960264901,21.473509933774835,4.634073847144656,15.0
-3.774318515223483,23.022767004964486,57.2787988188984,1.0385519330809463,30.94105960264901,21.473509933774835,3.353061534859978,21.0
-4.462787891168055,28.950851727663146,61.771614817441844,1.1886602418477972,42.070253164556966,27.28860759493671,7.957261968783133,9.0
-3.0936961036064825,29.720534746234883,57.28243836748809,0.8545804473081835,33.838961038961045,22.674025974025977,5.545184469694861,13.0
-3.5962042177199987,28.59324951070476,55.03214915841305,1.0273220418379347,30.94105960264901,21.473509933774835,4.935793819768176,14.0
-2.7049275471067236,21.100177211275437,51.23529485505137,1.1192500192025718,33.838961038961045,22.674025974025977,4.23659467232196,17.0
-3.6082865768741486,29.47427998059793,58.25443284774694,1.0102162924502864,42.070253164556966,27.28860759493671,6.7935639241474055,10.0
-3.600242665479046,24.23358027350786,54.069028797247654,0.836426542394989,30.94105960264901,21.473509933774835,2.1288915514868854,33.0
-2.27042040380519,20.093102907623535,59.22401266875721,1.033154400618887,42.070253164556966,27.28860759493671,5.578484377233504,13.0
-4.355571492064939,24.423937407481937,64.65781608698627,1.0446951623369887,42.928205128205136,29.330128205128204,3.6400189672867107,19.0
-1.7913150144240384,20.460691696754676,51.66971482216325,1.0914836993901411,42.070253164556966,27.28860759493671,4.544899597759682,15.0
-1.9432083768264556,25.438779211611177,53.1818809808291,1.1044846060661895,42.070253164556966,27.28860759493671,2.6889951314720566,26.0
-2.4965859503207803,23.385540274370513,57.09641807149062,1.1083090752842428,42.070253164556966,27.28860759493671,2.962647404058884,24.0
-2.720335289677847,24.734349335940486,64.52920723018894,1.0653777574555865,33.838961038961045,22.674025974025977,3.0551209768251564,23.0
-1.8230925055810432,26.13170360743117,61.57714664404993,0.8863244745674633,42.928205128205136,29.330128205128204,2.6756648789805473,26.0
-3.9440094614138568,28.688010958178204,63.47343789744245,0.9616943023357918,31.01180124223602,27.43167701863354,5.86872006907613,12.0
-4.263092513427514,26.619015764719286,55.00572272713689,1.1104519890457594,31.01180124223602,27.43167701863354,3.9278756633329337,18.0
-3.7814694902713857,24.340488684781807,64.88057710667891,1.1813707933603252,42.928205128205136,29.330128205128204,4.176286726055616,17.0
-2.1162651638994294,28.19427853670365,51.54249224096236,0.8315787859346488,33.838961038961045,22.674025974025977,3.2862866738896876,21.0
-4.39598919982055,29.05582137573132,50.79459359069151,1.014214671118878,33.838961038961045,22.674025974025977,5.465717541545875,13.0
-2.751579494749531,21.197599664321974,62.83403940581042,0.9250089085297226,42.070253164556966,27.28860759493671,4.267374755766084,16.0
-1.5136874514260703,25.319329775527915,63.908973053104795,0.8901575577267319,31.01180124223602,27.43167701863354,2.3259475956951543,30.0
-1.9329117184873819,22.845119597424443,51.35878036319153,1.002324273407886,42.070253164556966,27.28860759493671,2.52268644307261,28.0
-2.9356629328692314,20.470611978769472,51.70141140118762,1.0424357362226147,31.01180124223602,27.43167701863354,4.3051074094546635,16.0
-4.3090772721400725,26.68546695113985,50.497612366336604,0.8039088925677925,33.838961038961045,22.674025974025977,2.624669438781597,27.0
-2.0058794568428704,28.627707774592256,51.56761343964086,1.1120826288804764,31.01180124223602,27.43167701863354,4.356988783298389,16.0
-2.703064475468368,21.62902654477394,53.141297252004215,1.127952852503779,31.01180124223602,27.43167701863354,3.808859832511288,18.0
-4.155201008821299,28.124136576239003,64.55114928365002,1.1862043298271732,42.070253164556966,27.28860759493671,7.020696493076757,10.0
-4.2184281455299315,28.533957335369415,60.01790333359521,0.872257493289878,33.838961038961045,22.674025974025977,4.872037753640438,14.0
-1.771119541690223,29.143404426664837,61.67829538277813,1.0378210249443791,31.01180124223602,27.43167701863354,5.512132049595939,13.0
-2.4923992111857647,22.652850890860524,61.64209105537283,0.9706501493905578,31.01180124223602,27.43167701863354,3.1858875701983096,22.0
-2.0121396020497335,29.039530651898893,58.026106246688215,0.9339311406221402,42.928205128205136,29.330128205128204,4.953719681466887,14.0
-1.8630632991531981,23.206627547364324,61.96233466569526,1.0262533805750018,42.928205128205136,29.330128205128204,3.0702663975058084,23.0
-2.7846829438550333,25.523380134555026,58.937112985849545,1.1129532372894202,31.01180124223602,27.43167701863354,3.0954098107237082,23.0
-2.947660944734876,20.505074708322823,54.71819146405036,0.8092211133780841,30.94105960264901,21.473509933774835,3.6394768969408062,19.0
-3.2087177690370297,20.438810883687434,58.41665163152601,1.1877600450264747,33.838961038961045,22.674025974025977,5.947304222792465,12.0
-3.5491602366266424,27.203732127322027,58.0026287920177,1.1239526342822843,31.01180124223602,27.43167701863354,4.396799427039107,16.0
-3.1962121174238645,24.44479977977791,62.35179580638981,1.1004614814582314,42.070253164556966,27.28860759493671,3.230285151237454,22.0
-2.178361032809531,22.562923753692175,64.72590826072488,1.1041549528722014,42.070253164556966,27.28860759493671,3.9412342825309206,18.0
-2.694229706954605,21.904134960249102,56.165638481313955,0.955624283847461,33.838961038961045,22.674025974025977,3.134368300376232,22.0
-1.8224301301354617,26.69953490859218,61.450860176620395,1.1006482203379255,42.928205128205136,29.330128205128204,3.7886498463925924,18.0
-3.169859956862437,20.004015440253397,51.496445060572,0.9547080834411831,31.01180124223602,27.43167701863354,4.602407350907574,15.0
-2.678731263843738,28.058911691968543,61.65247054172433,1.1594827318299172,42.070253164556966,27.28860759493671,5.412621347530945,13.0
-2.606077340724034,20.79249606129929,55.57125367989848,0.8708889533225879,33.838961038961045,22.674025974025977,3.755171491514467,19.0
-2.7249085130810236,21.914896149081194,50.5908524433453,0.9169389696860606,42.070253164556966,27.28860759493671,3.03937219688766,23.0
-2.392098680743451,23.862363952990897,55.44869267843266,1.0205350170796303,31.01180124223602,27.43167701863354,2.484456975394935,28.0
-3.787699594875581,24.848587397161037,59.15964126382467,0.927684414354909,42.070253164556966,27.28860759493671,2.9497030951695975,24.0
-2.962908667362628,23.549951158139418,51.788752515222,0.9696948981181094,30.94105960264901,21.473509933774835,2.1893687559269424,32.0
-4.187325591574957,23.20712164984294,63.86051738645382,0.9969690757594378,31.01180124223602,27.43167701863354,3.386747173278527,21.0
-3.3464660170655622,29.639160120731884,51.16508619909258,1.1425413395254034,42.928205128205136,29.330128205128204,6.972898194177308,10.0
-3.0369987941362067,26.415796812433943,63.95010079749749,1.009276901443477,42.070253164556966,27.28860759493671,3.7155316867092107,19.0
-2.5433272213635827,20.23432955367388,60.607062769035295,0.9449839394458242,33.838961038961045,22.674025974025977,4.73816428745685,15.0
-1.6484068422413896,24.301759084443134,54.94568263121305,0.8990944656140464,33.838961038961045,22.674025974025977,1.9780027886133325,35.0
-2.6980468003549323,28.750086997439702,55.8612552156364,0.9634703915168789,42.928205128205136,29.330128205128204,4.792274313468566,15.0
-2.2692182514703205,23.01456186410668,61.112140470991164,1.006294441765748,42.928205128205136,29.330128205128204,3.114890533923811,22.0
-2.9812018215143916,20.945563447743883,59.02206651321811,1.0984459428812945,42.070253164556966,27.28860759493671,5.114390110907243,14.0
-2.5976879058710063,27.58384771589918,60.07464382182418,0.8484195104689355,33.838961038961045,22.674025974025977,3.420348904718062,20.0
-4.28720335159868,26.060138319360814,55.8374692477022,0.8886436752956604,31.01180124223602,27.43167701863354,2.8543167599557377,25.0
-3.736825257474459,25.70312507826504,57.31720222711398,0.9518616063474693,31.01180124223602,27.43167701863354,3.0142071680443197,23.0
-3.414440720384584,20.53576559607408,64.8480122605684,0.9441593620478058,42.070253164556966,27.28860759493671,5.5676538030932,13.0
-3.0825199349804593,21.404990097955174,53.20884305749576,0.9566992350420847,33.838961038961045,22.674025974025977,3.600723330605351,19.0
-4.363053763492848,26.22549396213114,56.267842797831975,1.1174085058561298,42.070253164556966,27.28860759493671,4.057417652343157,17.0
-4.079927707340047,22.07823841458836,54.37734781360951,0.9296617611848692,33.838961038961045,22.674025974025977,3.3140155955515134,21.0
-3.6695570766260825,25.04070079748424,61.47667265659775,1.0007592721610659,33.838961038961045,22.674025974025977,2.970764062679392,24.0
-1.5854019272968483,25.448816860293935,61.46018938498581,1.0495628131431585,33.838961038961045,22.674025974025977,2.8923208776936775,24.0
-3.5059589786908476,22.835071902709394,54.38668191496094,0.8928714200734421,42.070253164556966,27.28860759493671,2.829106630248906,25.0
-3.0538768256637523,29.48425155541493,51.22085474949474,1.0874781548590156,42.070253164556966,27.28860759493671,6.134157754996171,11.0
-3.911706861784821,28.42464106835575,50.17149015008306,1.0188445278953124,42.928205128205136,29.330128205128204,4.71930296309586,15.0
-2.6676597867726954,27.223735076327984,56.411757998637285,0.9787124652125512,42.070253164556966,27.28860759493671,3.5235200369585638,20.0
-3.657950353452077,20.77993866409409,56.155063915036564,1.1239136106953256,42.070253164556966,27.28860759493671,5.591197720086854,13.0
-3.8790222646847194,21.061300193090194,64.82584817959794,0.8973981036740728,33.838961038961045,22.674025974025977,4.770119035972579,15.0
-2.9502821146620626,24.927813458649556,57.0470311354652,1.1532703882457294,42.928205128205136,29.330128205128204,3.3158080649495894,21.0
-4.4834826025187375,21.607133491909856,53.84627554363131,1.0244194941466815,42.070253164556966,27.28860759493671,4.3879691642574254,16.0
-4.477007902052324,29.78265463529474,63.36844161547201,1.0436699517518633,31.01180124223602,27.43167701863354,8.321586517673028,8.0
-3.8427935726944265,21.585202340274094,57.36601924480368,1.1500235856675771,31.01180124223602,27.43167701863354,4.67739428608583,15.0
-4.389835912497537,24.87467835463974,58.987634528158665,1.1270330751397344,30.94105960264901,21.473509933774835,3.4504809905374505,20.0
-4.175922737607926,23.641210568415055,51.43503065642319,1.0406248275287602,33.838961038961045,22.674025974025977,2.9890166856826967,23.0
-3.483418051983745,26.39386421454098,55.74374610994661,1.1012750815392696,33.838961038961045,22.674025974025977,3.4995659625524334,20.0
-2.0922429612605615,21.29036408889425,64.1633551171068,0.9733277960931588,42.928205128205136,29.330128205128204,4.305104061182654,16.0
-2.7838540698920973,24.303164280423907,58.842580762631385,1.0189511013998984,42.070253164556966,27.28860759493671,2.7946975078408673,25.0
-2.9619968221307507,22.74705032807144,55.16752782713692,0.8248280546834045,33.838961038961045,22.674025974025977,2.387057634447631,29.0
-3.619533530375635,28.877515246716882,59.385007709473896,0.8359431672000188,31.01180124223602,27.43167701863354,4.712616750850469,15.0
-1.704738841701551,20.40585712134695,63.65616634367174,1.1317701616745328,30.94105960264901,21.473509933774835,5.350464858930743,13.0
-3.308954876288425,29.137274940064593,54.10985900708885,0.8238686622729987,31.01180124223602,27.43167701863354,4.471768638022889,16.0
-4.238721699612686,28.329941385530006,57.57675077706011,0.8677596502530429,42.928205128205136,29.330128205128204,4.563489450182104,15.0
-2.648800451646596,22.975707164408156,64.38035980867633,1.1183330635801765,33.838961038961045,22.674025974025977,3.6625184698798,19.0
-4.158484819570196,27.892906546771048,52.58594214947679,0.8004583802513026,42.070253164556966,27.28860759493671,3.574015796722302,20.0
-3.4643305715949237,20.312135603387475,60.79495888395067,0.9129617315383457,42.928205128205136,29.330128205128204,5.12672894730876,14.0
-2.977764183846573,29.668655502933937,59.21721512304474,1.0336154631306487,42.070253164556966,27.28860759493671,6.915755640541445,10.0
-1.8773324259444726,25.265949425897894,60.19512696710952,1.0381799725877185,33.838961038961045,22.674025974025977,2.746975029244534,25.0
-3.0193602589796438,23.032810260654454,55.26829446001354,1.1108611632917893,30.94105960264901,21.473509933774835,3.1910451293337405,22.0
-2.3932237019050073,23.625832125946772,54.70819060225647,1.0023705017968683,42.928205128205136,29.330128205128204,2.620669060700016,27.0
-1.5215494830027891,20.664053534604975,60.26314505882556,1.0037607478123882,30.94105960264901,21.473509933774835,4.296285800952089,16.0
-4.1055326403060555,29.89349514042039,53.23314927656818,1.0901242302162801,42.928205128205136,29.330128205128204,7.635234330229272,9.0
-3.6758054234414415,20.392919451506923,56.29482117288508,0.9994497853065134,30.94105960264901,21.473509933774835,5.076489693266768,14.0
-3.3162717732070606,26.549071231478592,52.82261969079377,1.0433964346254467,31.01180124223602,27.43167701863354,3.193005245369301,22.0
-3.234515464383506,24.427359277064582,50.124572616849946,1.1591096273020205,30.94105960264901,21.473509933774835,2.833350157073329,25.0
-3.2669367742033626,29.489162181887153,64.55086040057104,0.9605804030449487,30.94105960264901,21.473509933774835,6.514070834209352,11.0
-1.7771669923303355,22.459997403067952,56.47554467984629,0.9540500283676889,30.94105960264901,21.473509933774835,2.6397529262617896,27.0
-2.3579020665994306,25.32086823938011,64.54024421629738,0.8014195967459086,33.838961038961045,22.674025974025977,2.29981742138964,30.0
-2.676284357727889,24.82356208582753,52.10485279651739,1.0453705046084927,30.94105960264901,21.473509933774835,2.4260828902987828,29.0
-3.571881846411654,27.028664440501014,58.81050169186229,0.8119087629628529,31.01180124223602,27.43167701863354,3.200825818429273,22.0
-2.028628847336116,20.680102319524206,53.014610491868595,1.0016593958913265,42.070253164556966,27.28860759493671,4.158728894344137,17.0
-1.6348184655450333,21.93789130023355,61.85111190444912,1.1216935156128907,33.838961038961045,22.674025974025977,3.6942595832339507,19.0
-2.0364051523493205,22.1456482009285,61.755544831414625,1.0199684282078652,31.01180124223602,27.43167701863354,3.3475516019787745,21.0
-4.495304684425581,27.3815075484169,51.689107235589674,0.9078544660866704,30.94105960264901,21.473509933774835,3.505477306980957,20.0
-2.5907958894497787,21.8913869632674,63.680966793145835,1.1144673685797484,33.838961038961045,22.674025974025977,4.210062504535248,17.0
-4.346593855673698,25.734917638909767,52.91944470804837,0.9078868016330156,42.928205128205136,29.330128205128204,2.756328008888962,25.0
-3.7271783389988347,22.15243820500954,59.19466012384041,1.0932127123783595,31.01180124223602,27.43167701863354,4.192040347532427,17.0
-4.321425898956685,28.616249500839785,64.78450430131556,1.0441033820760925,30.94105960264901,21.473509933774835,6.376763832373961,11.0
-2.6886136411518367,29.421854544896384,63.23594802149546,0.8679985186992005,42.070253164556966,27.28860759493671,5.855214589880574,12.0
-2.4402302595221794,25.184929749422405,64.34845892841753,1.1620535499376743,33.838961038961045,22.674025974025977,3.5388547124363336,20.0
-4.1565370858022845,23.52308884209178,55.13898156827179,0.8802574731828783,30.94105960264901,21.473509933774835,2.51323638639075,28.0
-3.3484833508650613,22.34057775017499,51.58363463329195,1.1958348296562678,42.070253164556966,27.28860759493671,3.7337317465104793,19.0
-3.131290473133374,20.49781001523044,52.82520309934175,0.8029241954619764,31.01180124223602,27.43167701863354,3.5441202326032704,20.0
-3.3928409347172503,22.685000761974955,57.50742342614921,0.9053933508571612,30.94105960264901,21.473509933774835,2.7895732823115544,25.0
-4.136924998544421,26.54235779945318,61.898445174099834,0.8799441189096796,31.01180124223602,27.43167701863354,3.356335896242436,21.0
-3.243156629437574,25.336169313092107,52.25230466275813,0.805597364068185,42.928205128205136,29.330128205128204,2.1581208775224323,32.0
-2.2464658565747455,29.440412782809275,59.895972983911356,1.0929471600589262,42.928205128205136,29.330128205128204,6.68808060705224,10.0
-4.2869770064002335,23.962772624917005,54.85366406059268,1.0773703208398384,31.01180124223602,27.43167701863354,3.2215511306361204,22.0
-4.25945995775429,26.938633423283946,55.1180310858823,1.1169403857419722,30.94105960264901,21.473509933774835,4.177284056576347,17.0
-3.4356861244920474,24.893227474751214,59.92876595236889,0.9026794185858261,42.070253164556966,27.28860759493671,2.8086807200732835,25.0
-1.6748228651432249,25.125762159242115,57.004991292998305,0.977734066833188,42.070253164556966,27.28860759493671,2.255793897237859,31.0
-2.494282059831258,22.677743146041173,62.18049939538991,1.063645408648619,42.928205128205136,29.330128205128204,3.655036189158003,19.0
-2.4639901299823057,24.549507768419996,52.338777644942404,0.9759074015552575,31.01180124223602,27.43167701863354,2.4239371867527466,29.0
-3.414240027486405,24.70784997012707,61.849224046505576,1.0789303081271662,42.070253164556966,27.28860759493671,3.0783574260996778,23.0
-2.719017626374385,27.06642521748934,50.96352872086131,1.0535893633761768,33.838961038961045,22.674025974025977,3.3335736965007596,21.0
-4.46960644791677,29.40639999186114,52.91080820368408,0.8458591212088706,42.928205128205136,29.330128205128204,5.431256107639128,13.0
-2.5917118607713734,23.293212774825044,59.842245717547485,1.1124172484307873,42.070253164556966,27.28860759493671,3.2747899784901775,21.0
-1.76013915727129,20.422004685812986,62.823884847666065,1.0882705436370073,33.838961038961045,22.674025974025977,5.3178002264722535,13.0
-2.6622795949655425,24.962951255006395,53.79019441609024,1.062333755046962,33.838961038961045,22.674025974025977,2.7992008323966386,25.0
-1.8789042196009649,25.444613321491687,54.9078740874337,0.862037442508401,33.838961038961045,22.674025974025977,2.169638276581318,32.0
-2.3280808336017187,21.684405511319152,58.0568112243011,0.9071985795181455,31.01180124223602,27.43167701863354,3.164441721709282,22.0
-4.13832475078893,27.604646062760665,53.17359209733954,0.9572708126350402,30.94105960264901,21.473509933774835,3.7369871636024166,19.0
-1.7926400781424747,29.849291084414915,62.16734392381258,0.9119718486625774,42.070253164556966,27.28860759493671,6.03062886030286,12.0
-4.300668466932676,29.45774717008461,61.60454967508641,0.8911241162704526,31.01180124223602,27.43167701863354,6.384379592190616,11.0
-2.8980975823567086,21.971060388236523,52.179375679486725,1.1221430680647102,33.838961038961045,22.674025974025977,3.5521438021748777,20.0
-4.073588628619627,28.753632399007607,56.957445977249485,1.055292898544081,42.070253164556966,27.28860759493671,6.076333715490973,12.0
-4.464880167807288,27.044936364116847,61.62241649981932,1.0261888526201002,30.94105960264901,21.473509933774835,4.644013454693137,15.0
-3.233897219617083,24.538465638069116,55.05994296655122,0.8903810843413016,42.928205128205136,29.330128205128204,2.5577703917750907,27.0
-3.6148778770375314,25.40610994324729,59.496602340765975,1.1672306249074564,30.94105960264901,21.473509933774835,3.634982256547837,19.0
-3.041998518607191,28.49600174982458,50.75319682186359,0.8764732156389266,31.01180124223602,27.43167701863354,3.56608513217181,20.0
-2.7684003397963477,24.80134939638373,59.13033140793977,1.1179803731298708,42.928205128205136,29.330128205128204,3.115953626127902,22.0
-4.368782783073158,23.73207369105127,52.289794700009104,1.1866690666821171,33.838961038961045,22.674025974025977,3.35883117983407,21.0
-4.130990114628763,24.932474930259858,62.458749876716766,1.0908370916896943,30.94105960264901,21.473509933774835,3.3907411188667798,21.0
-2.824072810648724,25.79129804035049,55.33174195370718,1.197143510073852,30.94105960264901,21.473509933774835,3.4259159097783143,20.0
-3.4704979404820255,21.890776537783488,54.223307940922936,1.0604204467911786,30.94105960264901,21.473509933774835,3.8487790099737187,18.0
-2.3124795373516562,29.00907730266991,62.61333465067227,0.886984137441558,42.070253164556966,27.28860759493671,5.08276484906161,14.0
-2.543125054224181,26.74186948829614,50.752160346077154,0.8815277974866046,30.94105960264901,21.473509933774835,2.662910708200786,26.0
-1.9631869110302795,26.332689173374888,55.949131990015175,0.9298257137021906,30.94105960264901,21.473509933774835,2.5544939791360983,27.0
-2.422521519992324,20.994962261806382,55.55005310862547,0.8028520080884025,30.94105960264901,21.473509933774835,3.419151272722954,20.0
-3.210206767829556,26.041739381725918,54.27200561374326,1.0726793880331338,30.94105960264901,21.473509933774835,3.0798191838149265,23.0
-2.481100132816703,21.209606622384925,63.676314980022156,0.9074671138511311,42.928205128205136,29.330128205128204,4.222616705182577,17.0
-3.6738564772337443,20.78697675195399,61.263925902750834,1.1260732929171011,33.838961038961045,22.674025974025977,5.9240211408873815,12.0
-3.581059503665362,25.273108956423933,50.958847462879085,0.9436690602237201,42.070253164556966,27.28860759493671,2.665477865079795,26.0
-2.13304452023762,24.02785534046495,60.72031174152431,0.9919825973853251,33.838961038961045,22.674025974025977,2.691211957034651,26.0
-3.1607414507952534,25.888102701562232,57.90948699693191,1.1862755666241478,42.070253164556966,27.28860759493671,3.710806877104814,19.0
-2.1048589784449425,20.892221680572387,63.51301841602369,0.8968688492189109,30.94105960264901,21.473509933774835,4.059070609086721,17.0
-2.032732878995165,24.309830628472582,54.69418426022538,1.0885016389718958,33.838961038961045,22.674025974025977,2.479402291403055,28.0
-1.9273129870161485,21.74786715045158,58.612429994143746,1.1020471157221667,42.928205128205136,29.330128205128204,3.9697806464605803,18.0
-1.750094292476378,29.871000859241164,57.51132912111479,0.888399263009454,30.94105960264901,21.473509933774835,5.029527304245262,14.0
-3.2070443384601113,25.611502124351745,57.343413593414084,1.0003987346448782,33.838961038961045,22.674025974025977,2.72896074540665,26.0
-3.5433995450365834,26.874368609408673,56.84158099275819,0.9400807701251873,33.838961038961045,22.674025974025977,3.3681863615167478,21.0
-2.753403760217658,23.25418280682608,53.08444213298422,1.1087624973600356,42.928205128205136,29.330128205128204,3.165794483776439,22.0
-3.3864827296871174,20.94738914779344,61.33564883738589,1.048993327611615,42.928205128205136,29.330128205128204,5.404727663065442,13.0
-2.696777499599301,29.758708627835368,56.77004049108933,0.9903932219442189,30.94105960264901,21.473509933774835,6.020015116088303,12.0
-2.383242412068526,22.862590353831834,64.37774412503909,1.1117453060190874,42.070253164556966,27.28860759493671,3.9213515868147373,18.0
-2.4347849445235896,24.238081851735743,53.91212640789165,0.8940622280033669,42.928205128205136,29.330128205128204,2.1953342866456955,32.0
-3.376341338939636,26.49863921702575,60.24115759440562,1.1014487522337437,31.01180124223602,27.43167701863354,3.6090130606890263,19.0
-3.9994193949037413,20.246972976861112,64.11075619458663,1.1461497248371297,33.838961038961045,22.674025974025977,6.912621518686392,10.0
-3.2084119846133774,28.10259130517287,59.95187484524139,1.151448638723029,30.94105960264901,21.473509933774835,5.237961247754829,13.0
-4.072217567754274,25.3657819002862,63.06909361426092,1.1134694372078415,30.94105960264901,21.473509933774835,3.7628228745969214,19.0
-1.8297088944485749,22.78217187068822,62.41221439635509,0.9632056667993075,33.838961038961045,22.674025974025977,2.841640925491936,25.0
-3.4623676177864278,20.616079852924692,55.40176573233506,1.1927232090871307,42.070253164556966,27.28860759493671,5.927481052129426,12.0
-4.036620758330029,21.624984154744414,59.00185909909245,0.951837457528976,42.928205128205136,29.330128205128204,4.4020546797150955,16.0
-4.4236567202827475,28.95033858853437,52.34392009717033,1.0554501596409702,33.838961038961045,22.674025974025977,5.683207570267883,12.0
-2.5625328411405475,26.86024223935891,58.03288824043399,0.8644296712277875,31.01180124223602,27.43167701863354,2.9003347401540482,24.0
-2.5892930476357705,22.499017216368898,53.45632957721506,1.192179559454557,30.94105960264901,21.473509933774835,3.4626509720163963,20.0
-3.478187500256125,20.656007649450295,61.15605222428668,1.0815943687458653,33.838961038961045,22.674025974025977,5.530419605967929,13.0
-4.284864333457047,26.906153123866364,57.920876328381866,1.1013510180985473,42.070253164556966,27.28860759493671,4.595894036741694,15.0
-3.271113315314304,25.72407725967765,56.16841043947491,0.8263106813644578,30.94105960264901,21.473509933774835,2.331311680744481,30.0
-3.566347514809819,24.045195244582352,54.031956442504665,1.1053671256882687,42.928205128205136,29.330128205128204,3.062360909938435,23.0
-2.468638080794972,23.63611449190064,64.9804772276193,1.1098893716882405,42.070253164556966,27.28860759493671,3.6916134625424606,19.0
-2.682662251641929,22.168142759291083,51.07565781327399,1.068709090544892,30.94105960264901,21.473509933774835,3.172335544762889,22.0
-3.40621881540738,26.696112565375177,50.6534102085863,0.9167638455161374,31.01180124223602,27.43167701863354,2.8512913500534194,25.0
-3.84632233723503,29.706680277938705,53.258861007407965,0.9958760168643526,42.928205128205136,29.330128205128204,6.7041469394170345,10.0
-1.5358921015332245,21.75715245836826,64.5660868794173,0.8441737485234866,33.838961038961045,22.674025974025977,3.003823469295923,23.0
-3.1379951364116554,25.971166200155032,64.68857252479977,0.9886348265836611,42.070253164556966,27.28860759493671,3.6234348104575758,19.0
-2.4351772926592887,24.241850557459763,59.823916021582036,0.8975295410401619,42.070253164556966,27.28860759493671,2.448451561820227,29.0
-4.078341097264918,24.466887217446647,63.20160000809607,0.9396387945976328,31.01180124223602,27.43167701863354,2.9487617532485637,24.0
-3.043230901021807,22.541472801278143,53.20942596261193,0.8650401633614795,30.94105960264901,21.473509933774835,2.5175854584435085,28.0
-4.417389840391603,28.251348756614192,64.58063141264935,0.8920217470987588,42.928205128205136,29.330128205128204,5.336518279183476,13.0
-2.98363464626865,24.85255604147241,52.14177275209347,0.8306274567280465,31.01180124223602,27.43167701863354,2.0941494532628133,33.0
-1.607947778646893,25.434058521982642,51.51687782272487,1.1679605465747684,42.070253164556966,27.28860759493671,2.718839735942227,26.0
-3.347379861042599,23.047609127973256,51.6831730887091,1.0121642751901614,33.838961038961045,22.674025974025977,2.74398352328248,26.0
-4.3830119622752655,21.818084656669498,58.59691884908847,0.9586967885050959,30.94105960264901,21.473509933774835,4.021972557899415,17.0
-4.407132627241969,20.859103882028204,61.71461601077078,1.0140116851075136,31.01180124223602,27.43167701863354,5.371986867970498,13.0
-3.3360397201593917,27.14119140924916,55.500007668119494,1.051317291392621,33.838961038961045,22.674025974025977,3.76467979660647,19.0
-4.019925190610418,21.962342816878557,64.6684398167919,1.1687515173477396,31.01180124223602,27.43167701863354,5.034016761336848,14.0
-4.429943711015442,26.900753541887976,56.516302071774945,0.8714771809145254,31.01180124223602,27.43167701863354,3.3443774721484734,21.0
-2.2313591581494694,23.90376446046954,52.25672826159824,0.9182209994540871,30.94105960264901,21.473509933774835,2.1451602872325264,33.0
-3.124430973354328,24.157748009896515,56.98950122279205,1.1903157345376458,42.070253164556966,27.28860759493671,3.3278196408595226,21.0
-3.6322656840820366,24.691774960927717,60.1855574813366,0.9484771946594097,30.94105960264901,21.473509933774835,2.873127721402327,24.0
-1.7997504509505577,23.677085081275433,62.48338670756568,0.8090246603029311,42.928205128205136,29.330128205128204,2.2700936202267754,31.0
-4.151583119398423,21.0061997722259,56.881524349348894,0.8590573970548636,33.838961038961045,22.674025974025977,3.9930515220205445,18.0
-1.6322435131340423,23.09631810002846,58.90410239073751,0.8105354806994208,30.94105960264901,21.473509933774835,1.9888391763728306,35.0
-3.5580998478679415,26.637343606939385,54.0101706823828,1.1959692569682914,30.94105960264901,21.473509933774835,3.9435019209391267,18.0
-1.834788983073956,26.65784401468871,59.68874789608271,0.9115483395964893,42.928205128205136,29.330128205128204,2.9533638759653433,24.0
-2.6911713705616154,22.862243072399945,64.78957915925515,1.1694171027744904,42.928205128205136,29.330128205128204,4.116233608577455,17.0
-2.0198779207755377,24.60102626557688,50.73580358881691,1.1983545103038864,31.01180124223602,27.43167701863354,2.6772479074157562,26.0
-1.5479605103686072,21.934472280119376,63.297960060577516,1.0399364884572457,31.01180124223602,27.43167701863354,3.486389664834316,20.0
-3.634783686543763,22.10372081529836,58.43423754151284,0.8132785260262247,33.838961038961045,22.674025974025977,2.8885731903520484,24.0
-1.616593543777221,20.230470884066072,53.7814798934345,0.8326366521547708,31.01180124223602,27.43167701863354,3.4882319090564367,20.0
-3.331554315292739,28.96746549907745,64.32334565013886,0.9926356220431511,42.928205128205136,29.330128205128204,6.458264027901044,11.0
-3.343464285789233,22.10706665074906,57.250314545883484,0.9624688051645944,42.070253164556966,27.28860759493671,3.5341045740991497,20.0
-3.478838687236483,22.275338769364634,54.975353775100785,1.042470922312707,33.838961038961045,22.674025974025977,3.6386891763626643,19.0
-2.8757771779572443,22.796014326451317,52.722464424062615,0.9755391238845456,42.928205128205136,29.330128205128204,2.6047513785650596,27.0
-4.037564870464538,21.27408071695429,53.666783153849934,1.1736307397085937,31.01180124223602,27.43167701863354,4.938580115918504,14.0
-2.8388655439259667,26.392628831813628,62.49273562387164,1.0138958861654044,33.838961038961045,22.674025974025977,3.532628747459275,20.0
-2.874885562769988,20.751429531775866,59.21615013975749,1.0774904245849768,31.01180124223602,27.43167701863354,5.013453084236394,14.0
-2.21429456218539,21.342024263263504,63.69868429232474,1.1585941090569987,42.070253164556966,27.28860759493671,4.692526756615793,15.0
-1.9990501141872432,26.44756726590093,53.47952678236679,0.858748750333283,42.928205128205136,29.330128205128204,2.5711804537204133,27.0
-3.178675949062728,23.39660620481443,51.81707860773352,0.8918938616474115,31.01180124223602,27.43167701863354,2.199301999965171,32.0
-3.5930002519455186,27.07947826701189,50.09131296463385,0.8429274641896061,42.070253164556966,27.28860759493671,2.8354151955234275,25.0
-3.7219953080487165,25.57424744670142,57.617930564239906,0.8558553596919649,31.01180124223602,27.43167701863354,2.545738601859996,27.0
-3.9161284898853843,22.56021173061513,64.97460395572982,1.0050335867736933,42.070253164556966,27.28860759493671,4.126638573416254,17.0
-4.327057253402925,26.50827950489328,60.424479032279585,0.9284717035869856,31.01180124223602,27.43167701863354,3.5404372000490034,20.0
-3.47265606349586,21.162736802928805,54.62591887947719,0.969269135810702,42.070253164556966,27.28860759493671,4.275240543036261,16.0
-3.6892569236076502,25.364103830800303,63.15287874539258,1.1929959327176247,30.94105960264901,21.473509933774835,3.910066800105286,18.0
-1.6007478424007777,24.371481050450345,61.72583398981939,0.8626817391183793,42.070253164556966,27.28860759493671,2.3084686027426664,30.0
-2.826873521249868,22.678735828174407,50.23122749114809,1.0163248283192303,33.838961038961045,22.674025974025977,2.7899692727824026,25.0
-3.4581688829084776,26.040049977395,62.25290720811534,0.8395484620214604,33.838961038961045,22.674025974025977,2.7410064076739618,26.0
-2.7585971970189123,28.713335923402823,54.50790135857744,0.9273985253055514,33.838961038961045,22.674025974025977,4.304549297721858,16.0
-4.082409895962914,29.989046997630766,52.245101968754014,1.0110103694698394,30.94105960264901,21.473509933774835,6.7842020454946566,10.0
-3.1678687523933915,26.077627687434244,53.39496259605612,1.1786526983861352,33.838961038961045,22.674025974025977,3.449869385965426,20.0
-2.6212970357368084,24.0470587432917,57.028697065627085,0.9564912885133932,33.838961038961045,22.674025974025977,2.57087968374912,27.0
-3.033306504622646,22.252071002162015,56.373018906020164,0.825962678485868,42.928205128205136,29.330128205128204,2.813275061312421,25.0
-3.2946635980370274,22.570960893951117,54.3333094906134,0.9552645791841268,42.928205128205136,29.330128205128204,3.1830891310541767,22.0
-1.5184548333009054,24.794549781497658,52.58327483310549,0.8582964703495911,31.01180124223602,27.43167701863354,1.7095239416977097,41.0
-1.8590557135532189,23.672777012807092,61.43346184463254,0.8919958453165782,42.928205128205136,29.330128205128204,2.607862380339748,27.0
-2.62978212552168,29.138145226249442,64.85164675602375,1.0472362492659961,42.070253164556966,27.28860759493671,6.628327312433174,11.0
-2.7918679164531515,23.682954676557095,61.666873706295355,0.8269695464814727,42.070253164556966,27.28860759493671,2.692340987688543,26.0
-2.638018560526248,23.734445911454355,54.43905451507312,0.985889502500015,30.94105960264901,21.473509933774835,2.3206555591872697,30.0
-3.8960636765327004,23.83534512433977,53.672134421182,1.0437846344043058,33.838961038961045,22.674025974025977,3.07001156638906,23.0
-3.314586770207044,28.36620210367658,53.264988140989075,0.9687433569469988,42.070253164556966,27.28860759493671,4.482051048690082,16.0
-4.381621401327302,26.507883208469018,52.05042611733555,0.8076505402494922,42.928205128205136,29.330128205128204,2.733036578763948,26.0
-3.07336188753952,26.141688503188927,58.269958245384515,1.1942077427611462,30.94105960264901,21.473509933774835,3.6921859442180995,19.0
-2.8709262481270104,23.34143022383862,59.08100557930016,0.9468463069362141,42.928205128205136,29.330128205128204,2.820954001978817,25.0
-3.8167507916903713,28.179041768324396,60.58253990994706,1.1114308747733068,30.94105960264901,21.473509933774835,5.581297248699383,13.0
-1.6079134585034587,20.38363861355701,60.203200564005016,0.9302585968749812,42.070253164556966,27.28860759493671,4.361440604779909,16.0
-1.7716361671882739,28.70797172338113,54.38499966925074,0.9900067027973676,31.01180124223602,27.43167701863354,4.121695342093882,17.0
-2.3335702936322824,25.127498997939295,54.9546650809527,0.9553854570443986,42.928205128205136,29.330128205128204,2.5186216813989577,28.0
-2.8998401137039123,23.982502348634128,60.22271803163507,0.937015691803843,42.928205128205136,29.330128205128204,2.686012204783944,26.0
-1.8900925210569453,24.97167280717686,55.241714611754425,0.8087405508831116,30.94105960264901,21.473509933774835,1.8094285431048018,39.0
-4.108042968529611,26.67415530533831,53.1893478442897,0.9440083751418014,33.838961038961045,22.674025974025977,3.0535677502662955,23.0
-2.128470617175345,20.127654265178975,55.61504230545109,1.1557959961598119,33.838961038961045,22.674025974025977,5.397160281821521,13.0
-4.125537558099455,28.715518564582478,54.081262363669666,1.0761573354374734,33.838961038961045,22.674025974025977,5.78851625692571,12.0
-2.1173680123517835,24.467395253113928,51.32469081827867,0.858169143638176,42.928205128205136,29.330128205128204,1.9070078402916653,37.0
-3.6726972952459294,23.42966519700078,62.45208353414981,1.0364620018490958,33.838961038961045,22.674025974025977,3.3230478713691167,21.0
-1.8687282569454333,21.38245565634057,62.79667083735555,1.1568923439795487,42.070253164556966,27.28860759493671,4.766949502021945,15.0
-1.6678737185238064,24.39465374358442,53.29625450250319,1.0800136163859422,30.94105960264901,21.473509933774835,2.3163199128133263,30.0
-4.053612091784653,24.96322771284379,50.97158299287803,0.8594737569426787,42.928205128205136,29.330128205128204,2.589974064011021,27.0
-3.1119731848038192,24.03646694493478,61.082411560267694,1.1471329986937986,33.838961038961045,22.674025974025977,3.3364416050123613,21.0
-1.5570378655119446,26.786600938268972,53.17292938795121,0.9206176053155462,33.838961038961045,22.674025974025977,2.5652631545009883,27.0
-3.04977769208056,24.20896528759226,55.9015323415529,0.9816304577249367,31.01180124223602,27.43167701863354,2.6531530240487506,26.0
-1.9093574324563645,29.614175778465736,50.96202878356075,1.0104571038756585,31.01180124223602,27.43167701863354,5.065554245042062,14.0
-2.7338054336060402,25.992775178235917,53.39404377137653,1.140202641751278,42.070253164556966,27.28860759493671,3.247286026903425,22.0
-3.3740102762411945,28.074779356519088,61.893534174944534,1.1726429980590645,31.01180124223602,27.43167701863354,5.662292733658142,12.0
-3.6426493334223893,21.093559031094788,62.06594670372803,1.1718611511162225,42.070253164556966,27.28860759493671,6.121597270841377,11.0
-3.8903307267417384,23.972912929459056,53.106272373315655,0.8031816725114163,31.01180124223602,27.43167701863354,2.1442206063516527,33.0
-2.2146054258669086,23.368477014471527,55.038707676600346,1.1687553942341828,30.94105960264901,21.473509933774835,2.9030701313341027,24.0
-3.3403784795309166,25.69482388136592,52.013576286406156,0.8217547864006289,42.070253164556966,27.28860759493671,2.2351507183643426,31.0
-2.9661736133977463,28.611135200614257,51.11258945427384,0.9063094627269742,30.94105960264901,21.473509933774835,3.765855745346714,19.0
-3.0230235599964543,20.783382177620066,64.88257571672614,1.0059951418911333,31.01180124223602,27.43167701863354,5.19425592983797,13.0
-2.7681629123006064,20.725747980447107,59.833909268672585,0.9919702756017577,31.01180124223602,27.43167701863354,4.3690054214438225,16.0
-1.9032685631263435,28.50317708157599,58.13144763797478,1.0418839175549568,33.838961038961045,22.674025974025977,4.626396971304194,15.0
-1.557781969249712,22.128500860383575,61.48247750607949,0.9917784914948024,42.928205128205136,29.330128205128204,3.325687928549251,21.0
-3.277247374278549,26.687532544498136,62.601157395315866,1.1737502718561683,30.94105960264901,21.473509933774835,4.533871870886956,15.0
-2.0174432336810906,25.42878132360805,62.100721520670916,0.8962195392858349,42.928205128205136,29.330128205128204,2.4171356125256946,29.0
-2.206416616035847,28.328935948872292,50.24809173934815,0.9096098776153944,42.928205128205136,29.330128205128204,3.52140976432443,20.0
-2.7794131456332805,21.250889098364034,52.80211847285748,1.1682951742772225,31.01180124223602,27.43167701863354,4.260235160116295,16.0
-1.6318585691642005,21.297829657226114,59.823579531767464,0.8306958054981025,42.070253164556966,27.28860759493671,3.2107086477425657,22.0
-3.8985764534147918,25.568183602783076,55.63639021705944,1.043824328761924,31.01180124223602,27.43167701863354,3.004934018098208,23.0
-4.172207369071136,29.463786533583708,64.7372397659166,1.0726943808262444,30.94105960264901,21.473509933774835,7.8853595212191605,9.0
-1.9381140991337338,24.149977583707543,59.98107188957381,1.0022166893718958,30.94105960264901,21.473509933774835,2.411209568228481,29.0
-3.182550550098755,23.26942100254695,64.3482336309381,1.077692751529255,33.838961038961045,22.674025974025977,3.5886290390863613,20.0
-1.9590934373788187,26.06689323197886,53.02169722468691,0.8691018584047868,42.070253164556966,27.28860759493671,2.0630177060516663,34.0
-1.820729384413755,29.30448600545031,62.95935542172535,1.141052893108616,33.838961038961045,22.674025974025977,6.50876404799264,11.0
-4.312627219142786,28.369278328446235,54.82028458722838,0.8560102757879543,30.94105960264901,21.473509933774835,4.165084863617144,17.0
-1.8496057110418178,29.9548361073322,64.8434721235671,0.9603249777262999,31.01180124223602,27.43167701863354,6.5473073776694575,11.0
-3.1550428338917333,20.22568583202377,52.36533008109721,0.8301030405232823,33.838961038961045,22.674025974025977,4.127674359233442,17.0
-2.9687025329873036,21.128581447127623,57.745097282574896,1.0180844315269602,42.070253164556966,27.28860759493671,4.451854085725381,16.0
-2.620222466720369,26.09467763366622,61.89266800755683,1.0678983229702557,33.838961038961045,22.674025974025977,3.516464279076036,20.0
-1.7208521798097398,28.205764393338498,56.48963720906054,1.176488654038116,33.838961038961045,22.674025974025977,4.639086561830606,15.0
-4.442651716710708,22.852443423067665,57.0212609028147,1.0957344783584002,33.838961038961045,22.674025974025977,3.647549862341492,19.0
-3.0694695950465487,22.392110880342187,64.79533693258611,1.0164411665816604,42.928205128205136,29.330128205128204,4.1403888308128565,17.0
-2.436833872708318,27.86975799381201,56.3796222545173,1.1730468068681335,30.94105960264901,21.473509933774835,4.609385183929249,15.0
-2.3318791269053145,20.563818538532317,59.06108150898595,0.9913747352163507,31.01180124223602,27.43167701863354,4.525393276303354,15.0
-2.4224027053886763,23.69382647582585,50.81809491012726,1.0244822612395477,42.928205128205136,29.330128205128204,2.5690198450757076,27.0
-4.096694611775634,25.058092225923296,62.6331512031539,1.0384394110680382,42.928205128205136,29.330128205128204,3.5707915428397037,20.0
-3.6018132348849563,25.603486743503233,59.72252073469315,0.9639918903546267,42.928205128205136,29.330128205128204,3.1407764080509017,22.0
-3.4238534237489597,27.286151567927767,56.060301542942206,1.1353930762263296,42.070253164556966,27.28860759493671,4.33582629447644,16.0
-2.086688376961485,23.548457234306582,50.2425430993178,0.8740703755380237,42.928205128205136,29.330128205128204,2.042470569114494,34.0
-3.663720382756341,26.126843446746072,58.87503230890256,1.0219368761486431,42.070253164556966,27.28860759493671,3.5771593690362566,20.0
-3.8678851083983905,25.853754227909562,50.189867427262435,1.0888933024748777,30.94105960264901,21.473509933774835,2.953045598042215,24.0
-1.6276559428857116,25.47616100653747,50.01805420863527,1.1615904687506309,31.01180124223602,27.43167701863354,2.5685347993604006,27.0
-4.473410144659593,26.40483293142212,59.24147843224032,1.1535673585737114,31.01180124223602,27.43167701863354,4.24930162336078,16.0
-1.5065374329540653,22.594491710680764,52.83525601001831,1.0034961157720568,30.94105960264901,21.473509933774835,2.431448874528459,29.0
-2.469536103427813,20.84648753584629,52.87831324577143,1.0572645804653367,33.838961038961045,22.674025974025977,4.03685846789663,17.0
-2.014592101652649,21.192716720397435,59.79907348749116,0.9576950944517204,31.01180124223602,27.43167701863354,3.7290910496600933,19.0
-3.6161418109614205,22.24582382653901,50.80545781909061,0.9872711051520802,42.928205128205136,29.330128205128204,3.193173881555038,22.0
-4.45705416699882,25.001979355227853,54.701083422118344,1.1625063170292198,42.070253164556966,27.28860759493671,3.572341085223984,20.0
-2.28639144431541,28.404427505460202,52.24147853213029,1.1722815972769896,31.01180124223602,27.43167701863354,4.6080925624639795,15.0
-1.9975662089979727,27.01293342088384,58.702645546948006,1.1581656232268078,31.01180124223602,27.43167701863354,3.713653798953348,19.0
-2.278571604139443,27.890406042020473,59.926477320910934,0.8553483447254553,42.070253164556966,27.28860759493671,3.7954425426189955,18.0
-4.071449138097484,23.509756239260913,60.817037803985656,1.1400336085322544,42.928205128205136,29.330128205128204,3.9086683445621477,18.0
-2.2397162332290925,24.046537416485503,53.82846825377848,1.1793454924085922,30.94105960264901,21.473509933774835,2.697860132598398,26.0
-2.193231653677077,23.93681885990613,51.33874627454876,0.9444998778294419,31.01180124223602,27.43167701863354,2.1193497753704453,33.0
-2.5243784529898354,21.918731844045016,51.18025485412847,1.0074585157686677,30.94105960264901,21.473509933774835,3.1834046987352744,22.0
-2.2016522016132414,20.61216658143572,56.39227322676086,1.1116381023251982,42.070253164556966,27.28860759493671,5.025228341329149,14.0
-1.9622356809668036,25.909160928272268,64.18766613594073,1.0248312550262595,33.838961038961045,22.674025974025977,3.1435951433546703,22.0
-2.6591876572876245,29.89216683420586,53.26593551370537,1.1973934086824998,42.070253164556966,27.28860759493671,7.3321316504853185,10.0
-4.234185858090963,21.668297049502627,53.85112402012324,0.9822853460627313,42.928205128205136,29.330128205128204,4.1213119045932824,17.0
-3.0371165709983674,20.466848198992736,51.513332031587886,1.085577084482951,31.01180124223602,27.43167701863354,4.935108874096101,14.0
-4.2670519959851845,27.79531681823933,59.083554108408954,1.1170364560786177,30.94105960264901,21.473509933774835,5.145737947576013,14.0
-3.2773709069027075,22.525860066847244,60.19809310920762,0.9976401663033758,42.070253164556966,27.28860759493671,3.466341297263011,20.0
-3.278680532623117,28.296438053529286,59.6439681224114,1.1427935222845502,33.838961038961045,22.674025974025977,5.649259781344436,12.0
-4.301970467579276,27.039366670345153,62.91695364567172,1.0184618364828786,33.838961038961045,22.674025974025977,4.51012942135293,16.0
-3.453538398091562,29.456735370508046,57.296387525391076,0.9646603187206526,31.01180124223602,27.43167701863354,5.9099487907709705,12.0
-4.167005703626056,24.08927235756672,52.01685561150597,0.8431294695407788,42.928205128205136,29.330128205128204,2.280420777764179,31.0
-2.0752943699723336,26.619698394506344,54.34107696056619,0.9573654305401696,42.070253164556966,27.28860759493671,2.8468790963270805,25.0
-1.6569359221065878,24.648547808132708,59.93644960132028,1.0935745818933136,33.838961038961045,22.674025974025977,2.776862970798216,25.0
-4.283050574226184,26.305886973085435,59.1968296061234,1.168514564672043,31.01180124223602,27.43167701863354,4.0937804202524415,17.0
-1.6346543781248957,24.495989060077374,57.96504694614444,0.9006717615441241,42.070253164556966,27.28860759493671,2.304874979850902,30.0
-2.9322702019897644,21.88632246424075,60.24446628033031,0.942094206932201,42.070253164556966,27.28860759493671,3.8085043916007733,18.0
-3.601302966138378,25.07897416003381,59.56086275559949,0.8615843976417705,42.928205128205136,29.330128205128204,2.712911711018165,26.0
-4.269413774171509,25.285842014374424,63.21987334197428,1.0762891576915874,30.94105960264901,21.473509933774835,3.5968466559882417,19.0
-2.9981271957887463,28.106038482601612,58.79024566217445,1.18407537200397,42.928205128205136,29.330128205128204,5.707708711876256,12.0
-2.116453366527754,27.35520705793581,61.67902038050835,1.0563808879392702,30.94105960264901,21.473509933774835,3.8274687716956275,18.0
-2.3787405681999054,26.63791623941444,53.73060733949702,1.0468306120024904,33.838961038961045,22.674025974025977,2.969181677461299,24.0
-4.349321965608079,21.133870955525726,60.17273876883602,1.0213959722001735,31.01180124223602,27.43167701863354,4.946904514230176,14.0
-4.281294493896289,27.20616290663715,63.53291177574013,0.8353822962742147,42.928205128205136,29.330128205128204,3.897433700593579,18.0
-3.2913801521020885,25.00305156354515,55.7859849184975,1.0918015305717534,33.838961038961045,22.674025974025977,2.884574405341767,24.0
-3.6141285178561704,28.940995361061592,61.6865628100797,1.0408198174197403,42.928205128205136,29.330128205128204,6.761554891954968,10.0
-3.8028470308318565,29.198709341305428,60.871839517931534,1.0645907075425147,31.01180124223602,27.43167701863354,6.960616355853085,10.0
-3.6569865032738593,20.551565906017856,50.892892953077336,1.1595244372109685,31.01180124223602,27.43167701863354,5.096954267165865,14.0
-2.0895517701093462,28.206415603544787,58.72262464436108,1.1135843148244071,42.070253164556966,27.28860759493671,4.963662484266221,14.0
-1.7123158391044382,20.376973904226706,51.95284023801204,1.1123661008618104,30.94105960264901,21.473509933774835,4.368987115387835,16.0
-3.2846919164173007,23.671696256950227,64.50978758345887,1.1708735075517391,42.928205128205136,29.330128205128204,4.031465760916045,17.0
-1.7816669936025087,25.422999756210793,62.17111254050984,1.1959739805851997,42.928205128205136,29.330128205128204,3.5248887948290992,20.0
-3.5355128962563542,21.481007986271273,51.6458570187068,1.032513092784424,42.070253164556966,27.28860759493671,3.78488932821113,18.0
-3.070689040968625,27.46313812569077,51.82627996471518,0.8435526464124663,42.928205128205136,29.330128205128204,3.147505220700544,22.0
-3.821913006552001,20.083547041721385,58.917107823689285,0.9836519631101746,31.01180124223602,27.43167701863354,5.539999505899722,13.0
-2.578571873472468,21.68599048434037,55.17333761259775,1.1150404585846578,42.070253164556966,27.28860759493671,4.211145768613331,17.0
-1.5630566544755733,25.807968298534757,50.52358788609664,0.8110901299047397,42.070253164556966,27.28860759493671,1.9426901370798355,36.0
-2.6895207118698643,27.143875620372924,58.124622617495795,0.8227549753424597,31.01180124223602,27.43167701863354,2.8208041636587877,25.0
-3.4265577476593534,29.16643102693916,55.81767649528771,0.8268631129531285,30.94105960264901,21.473509933774835,4.596609100123468,15.0
-2.556547662028415,27.054966519346237,51.51614738557614,1.0924143033313243,30.94105960264901,21.473509933774835,3.2879161576417597,21.0
-4.131237964603837,26.71779270254866,62.02880588383974,1.000466651425269,42.928205128205136,29.330128205128204,4.211606524603758,17.0
-1.8340227592038039,23.943411463506642,63.72615147918209,0.9475591774082375,30.94105960264901,21.473509933774835,2.6508314320516364,26.0
-2.990748147660491,20.012844255268014,61.34890901021195,0.8422468181046945,31.01180124223602,27.43167701863354,4.675169885174199,15.0
-3.1519507738810737,21.20159258735622,62.33633465024416,1.0928961000823556,30.94105960264901,21.473509933774835,5.109458060753919,14.0
-2.7424056346394425,25.34554544756039,53.24735850899176,0.9284079242203599,31.01180124223602,27.43167701863354,2.4747724871646395,28.0
-2.6256484116317926,26.751298858444198,53.95359426377902,0.9061296280258669,30.94105960264901,21.473509933774835,2.652340575471561,26.0
-4.284672581320461,24.174482838964625,53.12791310448782,1.0609276806214203,42.070253164556966,27.28860759493671,3.079856982803952,23.0
-2.4521483363297927,27.306790115283903,61.47595147048346,1.0236043570387368,42.928205128205136,29.330128205128204,4.2621103562729425,16.0
-3.774204959053411,25.218622953321788,64.21875618401745,0.9449642567253207,31.01180124223602,27.43167701863354,3.1950976614690707,22.0
-2.3581421024802305,20.741761955943122,60.75255810100854,1.0565949883222352,42.070253164556966,27.28860759493671,5.010299474245746,14.0
-2.0323956168474098,21.92016250967949,63.22200147319334,0.9084886081536473,31.01180124223602,27.43167701863354,3.3227716804013827,21.0
-2.088124477342439,28.399982232439427,59.58048642324759,1.1179321046417308,31.01180124223602,27.43167701863354,5.291142901641188,13.0
-2.8424970977763326,27.249127466244396,55.81489850838199,0.8917275801230616,31.01180124223602,27.43167701863354,3.137715349128141,22.0
-2.9394903230677465,28.94761987012495,56.38642422395458,0.8635350781528063,33.838961038961045,22.674025974025977,4.45350154948526,16.0
-4.071372115981765,21.175572491209365,51.129821482511076,1.1129757637995499,42.070253164556966,27.28860759493671,4.728202410732772,15.0
-2.1739615487905932,29.90222534615074,50.47185792869039,1.0831568122791733,42.070253164556966,27.28860759493671,6.111191329866991,11.0
-3.685771858659857,22.094067139499337,60.43213406283616,0.8730555902807194,42.070253164556966,27.28860759493671,3.4637087299600453,20.0
-3.0099137315461606,20.11779876286642,56.57643338016771,0.8464983010759752,42.928205128205136,29.330128205128204,4.645603307718718,15.0
-3.64717772121745,29.97422939053554,58.28322602081944,1.1353596353946769,33.838961038961045,22.674025974025977,8.061554782872358,9.0
-4.098514911000921,22.81073885445113,58.36491871433624,1.1106393928786753,30.94105960264901,21.473509933774835,3.6837610661193905,19.0
-2.61132690932479,26.6801945251256,54.16063719999952,0.9309029494798657,42.070253164556966,27.28860759493671,3.0166282550914656,23.0
-4.337003895531288,21.76682314176305,57.13838766244236,1.0632789632853465,42.928205128205136,29.330128205128204,4.386297481769317,16.0
-2.2540642976214,25.802285321991416,57.06140332501553,0.8496640746191244,42.928205128205136,29.330128205128204,2.498969205426328,28.0
-3.5472396142166502,29.040349864545593,55.826408318417855,1.0028190636190712,30.94105960264901,21.473509933774835,5.3031079617442165,13.0
-4.499595920986544,23.201811674284386,62.31013075101606,0.807492116824168,30.94105960264901,21.473509933774835,2.6769720681166858,26.0
-2.9666125822883105,26.702539760443592,56.76746005531394,0.9566407523686222,33.838961038961045,22.674025974025977,3.104509044147246,23.0
-4.359444274417191,21.879035887984166,59.054667867589814,0.8299371285885621,30.94105960264901,21.473509933774835,3.4315859968210174,20.0
-3.6714913265373017,26.247953987187252,63.43280180571239,0.990058872062753,42.070253164556966,27.28860759493671,3.8699304243720256,18.0
-2.3790705376328516,23.364503518175102,62.99350434288384,0.9686726587411577,42.928205128205136,29.330128205128204,3.015025963569343,23.0
-4.311931135134403,22.112082585879516,63.356333056687475,0.9777540106552224,42.928205128205136,29.330128205128204,4.3188151251197535,16.0
-1.981984522931993,23.131820507036352,54.05007494697521,0.8181325208191976,30.94105960264901,21.473509933774835,2.095089186375576,33.0
-4.488540232024251,21.788410685077995,50.52473732462094,0.944646536512733,30.94105960264901,21.473509933774835,3.3201514776772347,21.0
-3.7595283923942935,29.01916107837883,53.91600199842994,1.1025935396399666,30.94105960264901,21.473509933774835,5.9336749383374165,12.0
-2.2772878315437857,23.971868863171288,54.18061018431063,0.947565749341448,31.01180124223602,27.43167701863354,2.1354843657895564,33.0
-3.5511895508120794,22.452793049743672,63.64040490087452,1.0860687810438323,42.070253164556966,27.28860759493671,4.281474292166461,16.0
-4.19432283580196,24.484078410159327,59.73864099256956,0.9477914894534933,31.01180124223602,27.43167701863354,2.8765964665081087,24.0
-3.4192982435987163,23.205361668064956,51.22555939403343,0.9692957765960746,30.94105960264901,21.473509933774835,2.4973381839859194,28.0
-3.688820140846423,27.444192538133258,52.03067894016652,1.0255568451317065,42.070253164556966,27.28860759493671,3.970735965901652,18.0
-1.971864293518335,29.712199118854944,52.33514188312963,1.180272774722833,30.94105960264901,21.473509933774835,6.146510629921225,11.0
-3.5599562472445707,24.380336566976467,59.456326222533846,0.8435441786586622,33.838961038961045,22.674025974025977,2.5851732204191062,27.0
-2.133202584671978,28.610333999722403,61.031210382605046,0.8131655074644695,42.928205128205136,29.330128205128204,3.9850988453160383,18.0
-1.8243835655677958,25.658630735596194,62.89465865848094,1.043182873524018,33.838961038961045,22.674025974025977,2.9393216381332583,24.0
-3.1985477412704113,21.572356650942336,64.10954826209365,1.1796388355713705,33.838961038961045,22.674025974025977,5.07647163493563,14.0
-1.770170568436824,26.906227420813416,53.025568360796626,1.1958892530218859,30.94105960264901,21.473509933774835,3.4619686894782533,20.0
-3.3680458381104215,25.1343449712582,54.646587270860735,0.9936656989568007,42.928205128205136,29.330128205128204,2.874996926143606,24.0
-1.6077647505296753,26.506065232521035,53.60484321117246,0.9872326484340394,30.94105960264901,21.473509933774835,2.6330366053847403,27.0
-4.232131426423281,28.89687412571665,55.38142351199207,1.0579855082980785,33.838961038961045,22.674025974025977,5.910753229034367,12.0
-2.438942200490272,24.404345706560463,63.719976611356245,1.022253902881988,42.070253164556966,27.28860759493671,3.1121036513748317,22.0
-3.018557878629214,29.011776232173556,58.626688504090424,1.0536352230456472,42.928205128205136,29.330128205128204,5.961000541505095,12.0
-3.337053583633059,27.50669014281655,61.07287845986748,1.1495997702151577,31.01180124223602,27.43167701863354,4.67778549171593,15.0
-2.6018643637541974,24.88604925877985,57.351788541901726,1.0985224677950436,31.01180124223602,27.43167701863354,2.7052892102290715,26.0
-2.3884287250970067,26.032221356579637,50.432868700041865,0.9987509566747182,33.838961038961045,22.674025974025977,2.495019130495302,28.0
-4.4869101910490725,23.255811325190116,50.96293228996721,0.9847457836000678,42.070253164556966,27.28860759493671,3.045835407329428,23.0
-3.999140733758404,29.835972997387742,58.068845469018285,1.0558406994052465,33.838961038961045,22.674025974025977,7.274304788661853,10.0
-2.360861848097044,26.67351163050396,60.78183552230038,0.982282513768119,42.070253164556966,27.28860759493671,3.5322489984769527,20.0
-2.5008437592653805,20.4384685249663,53.22995791293097,0.9831117405062559,31.01180124223602,27.43167701863354,4.23641456486904,17.0
-1.6018574846139684,23.266219057480086,60.82864360988456,0.8065223607146019,31.01180124223602,27.43167701863354,1.987269815245615,35.0
-2.216886629247651,26.233144337590574,62.15998660225269,0.8696256549629234,42.928205128205136,29.330128205128204,2.8476508611565436,25.0
-1.647681876805986,20.563332777992397,56.17846217543167,0.9954054559983012,30.94105960264901,21.473509933774835,4.156887272222433,17.0
-2.392378495395579,20.23884191319143,61.19628849266157,1.1290613836201477,30.94105960264901,21.473509933774835,5.830446165531367,12.0
-3.6058433740816707,24.500242395278025,56.0604492549269,0.9114908026908497,33.838961038961045,22.674025974025977,2.6317680962898033,27.0
-4.1839052332474305,23.3269017969267,60.175259441825304,1.0090573732524597,33.838961038961045,22.674025974025977,3.219234268962904,22.0
-2.1545284099651933,24.38298608033166,61.459955739793145,0.9379848339036929,42.070253164556966,27.28860759493671,2.5655288392006566,27.0
-2.5675523355722523,22.626933098800052,64.87889927462166,0.8419215958158357,33.838961038961045,22.674025974025977,2.8044514248098467,25.0
-4.3554419628201115,21.64717746942981,55.18094993095394,1.1833193932285202,42.070253164556966,27.28860759493671,5.180865515439166,14.0
-3.419848602297065,26.891433569803375,56.165611708619174,1.1418695481001206,31.01180124223602,27.43167701863354,4.016078730627086,17.0
-1.6296005535471414,25.145711162678005,52.48430089115257,0.8313969697867626,42.928205128205136,29.330128205128204,2.206261541517221,32.0
-2.9987965628693964,22.001542112493667,53.0610958760271,1.0879149049873138,42.070253164556966,27.28860759493671,3.6473084277922867,19.0
-3.201812591940886,23.19589426259998,60.400925038975664,0.9390319617430001,30.94105960264901,21.473509933774835,2.8216714711795228,25.0
-3.126901184522118,25.91807907663326,63.75568385231714,1.197939922824717,30.94105960264901,21.473509933774835,3.913300317896329,18.0
-3.873351827984509,20.72229348272478,55.91907427491861,0.920959407931591,30.94105960264901,21.473509933774835,4.526012673473621,15.0
-3.3938784874056145,21.474530092661794,52.69766670253312,0.89549537814504,42.928205128205136,29.330128205128204,3.447576606210511,20.0
-3.39056023203847,20.732456041073902,54.276492490744914,1.0271562193221622,33.838961038961045,22.674025974025977,4.632982517911195,15.0
-4.3429349394375825,28.12317332714119,56.82577557212208,1.1340504653372816,42.070253164556966,27.28860759493671,5.824123146435308,12.0
-2.197297114446245,27.52409233212009,54.35975494048053,0.8770075487279192,42.928205128205136,29.330128205128204,3.1688070000922024,22.0
-3.250486704288363,27.53312931879257,53.503686246827996,1.0837611078877325,30.94105960264901,21.473509933774835,3.932575947667684,18.0
-2.03346033955073,27.16325343476028,61.039767331356195,0.8245626332564487,42.928205128205136,29.330128205128204,3.0446870088280336,23.0
-1.948955996640314,26.69385423669869,50.11767381860935,1.167573897244199,31.01180124223602,27.43167701863354,3.0316323755822006,23.0
-3.8640178359040256,24.76991915378175,58.08845791004725,0.8324299664589195,33.838961038961045,22.674025974025977,2.4454524781342966,29.0
-2.527939553489614,26.42278163507115,61.90650210544631,1.165692550537665,33.838961038961045,22.674025974025977,3.93847104629201,18.0
-3.083154587511055,20.383615547879746,53.99342429476202,0.9963228997810811,42.070253164556966,27.28860759493671,5.058074396431061,14.0
-1.8595297862355449,26.214644226567845,59.049372659180264,0.9792364451183679,31.01180124223602,27.43167701863354,2.678174582402217,26.0
-3.8527779624706375,27.77877705536877,60.033501584279264,1.1893228318001505,42.928205128205136,29.330128205128204,5.735664259484344,12.0
-2.4665603990698672,25.0035836038439,59.82537044607635,1.1961536710792875,33.838961038961045,22.674025974025977,3.1574029317293637,22.0
-2.6767436332418324,23.57513328427237,56.687744512980764,1.0600712503844048,42.928205128205136,29.330128205128204,3.0012811595537587,23.0
-3.614095567284502,22.77426734800979,55.198669818136686,0.8508477167428194,42.928205128205136,29.330128205128204,2.7298479377644274,26.0
-4.090197289046483,26.428020501620825,62.538861095417204,1.002468034262081,42.070253164556966,27.28860759493671,3.9940423496343787,18.0
-2.5450807185681703,26.928011986299087,61.376689354997964,1.011665240382265,33.838961038961045,22.674025974025977,3.730427586298622,19.0
-2.284207625603008,28.709675998625425,54.81882760120869,1.0057785712541238,30.94105960264901,21.473509933774835,4.25430239598955,16.0
-3.55311796870995,23.42334082460991,51.54528791663309,1.027796735408004,42.928205128205136,29.330128205128204,2.926099044223881,24.0
-2.565502187933059,27.697723073855855,51.07711318168204,0.8074898855177564,42.928205128205136,29.330128205128204,2.891227053516513,24.0
-3.31460727716549,25.61355824189338,51.41413966848404,1.084490912588201,42.928205128205136,29.330128205128204,3.0253524746285954,23.0
-2.360379350152147,28.82836490678079,58.74304041788064,1.0849577207811951,42.070253164556966,27.28860759493671,5.59619341680329,13.0
-3.9023541753178406,25.278121082956208,50.774932637434844,0.8461879100711552,42.928205128205136,29.330128205128204,2.4575806831802316,28.0
-1.829354992091477,25.176298283979673,55.053903124460575,1.0280957769783203,42.928205128205136,29.330128205128204,2.638029801411479,27.0
-3.637771210603261,25.778770814409093,61.29799552871344,1.0273444729743098,33.838961038961045,22.674025974025977,3.4277713165421675,20.0
-3.3966420367315413,27.493153551424342,54.415222497730674,1.07298016807616,33.838961038961045,22.674025974025977,4.179538979256421,17.0
-4.325724143758951,29.64690478828461,61.44962115770195,0.8341590768540325,42.928205128205136,29.330128205128204,6.433453757108177,11.0
-4.165463363036171,20.735633542157657,61.182005573105826,1.0506013229064386,42.070253164556966,27.28860759493671,5.837511060513007,12.0
-2.9524142918630156,20.53434602391017,53.68740698949824,0.9123007802985365,42.928205128205136,29.330128205128204,4.342317028217567,16.0
-3.6972219698160855,29.375503374073386,60.93233270139118,1.0028011961984689,31.01180124223602,27.43167701863354,6.480555984190865,11.0
-1.9935593227734167,25.298756255182063,61.216649574081515,1.1093294210816307,33.838961038961045,22.674025974025977,3.1424001106230035,22.0
-4.4559198340351385,26.14903014566936,55.961808885005404,1.0822583745452052,30.94105960264901,21.473509933774835,3.549880188224332,20.0
-3.3627178539841913,24.82423601594729,53.15630725612277,0.8475612070711974,30.94105960264901,21.473509933774835,2.2093534210868504,32.0
-3.487963359692722,20.936574526074743,57.81906210337804,1.0364739148464293,31.01180124223602,27.43167701863354,4.931833651633694,14.0
-4.442017107247197,27.680893784186665,63.820963820002945,1.1876466123762954,42.928205128205136,29.330128205128204,6.220282480458632,11.0
-4.12689480299847,27.47224645088587,59.59425098648093,0.862707774934001,42.070253164556966,27.28860759493671,3.9765336856032514,18.0
-3.259071975244094,23.11703321492812,52.59383746440892,1.141162835090166,30.94105960264901,21.473509933774835,3.2129679221659453,22.0
-3.0214062466576603,23.062392452284005,60.2413538710028,1.0810192322215109,42.070253164556966,27.28860759493671,3.6062914898505003,19.0
-3.2871307582353926,28.378413809055186,56.40804540922752,1.1096013251639039,42.070253164556966,27.28860759493671,5.449810372599311,13.0
-2.9071869647637185,20.723572577413265,58.8729319603306,0.9127833308570582,31.01180124223602,27.43167701863354,4.170039289767579,17.0
-2.7146049752829553,28.811051483565656,61.01096052534662,0.915155571751937,33.838961038961045,22.674025974025977,4.901551390286551,14.0
-4.470228536616493,22.566616898959143,57.724210272716675,1.1624077823105952,33.838961038961045,22.674025974025977,4.355879574948901,16.0
-3.1077145216394886,25.92984747755494,62.209759618599634,0.9439328128370235,33.838961038961045,22.674025974025977,3.0349911361396416,23.0
-1.609502277337235,29.35994179001778,60.83233368974942,0.8252061562771242,31.01180124223602,27.43167701863354,4.457445792283979,16.0
-2.9429031596113537,26.781225015366466,59.22610010027766,1.0402386814317799,31.01180124223602,27.43167701863354,3.5290065178080288,20.0
-2.4673731976231403,24.144298124670364,52.26189223748527,0.8499270676167371,42.070253164556966,27.28860759493671,2.149858616688732,33.0
-3.5644084262493503,26.895342089054154,62.53923666367352,1.1186384965631633,42.928205128205136,29.330128205128204,4.640967284297814,15.0
-2.1780258655417124,23.4397963631637,64.03858377979724,1.056698577000423,30.94105960264901,21.473509933774835,2.966766320054144,24.0
-2.181235554371655,22.77258416349186,52.05447685713942,1.1498906020884831,33.838961038961045,22.674025974025977,2.898472313645296,24.0
-2.936111857037583,29.966832779346795,57.323616941501456,1.113934899913054,42.070253164556966,27.28860759493671,7.525744395039732,9.0
-1.5719585301623593,27.507902311797878,53.88333112955757,0.8448454593352785,33.838961038961045,22.674025974025977,2.63168912872812,27.0
-4.1233493557120395,26.447199773818177,61.317849611383465,0.9524282705737689,42.070253164556966,27.28860759493671,3.7990007713018716,18.0
-4.449157005331257,23.552896432193187,60.8244445400705,1.1098240999658349,31.01180124223602,27.43167701863354,3.8041793290419896,18.0
-2.189525364728712,20.49160829155048,52.11327680855598,0.9669365893065303,42.070253164556966,27.28860759493671,4.188554076993142,17.0
-2.0785333879053525,20.310568760351558,63.155409068924556,1.1889461939119914,42.070253164556966,27.28860759493671,6.381086738267902,11.0
-4.1393783126382715,25.54181255448799,52.714595959670035,1.0942961799573796,30.94105960264901,21.473509933774835,3.076514934425809,23.0
-3.703251501124182,27.62032721039051,61.95888538472161,0.8061999666761285,31.01180124223602,27.43167701863354,3.7211065399680447,19.0
-4.447342909900113,25.37379190443855,56.85470539442007,1.1519942766243345,42.070253164556966,27.28860759493671,3.7626591689980082,19.0
-3.6200741676583057,28.407850719391146,54.92408440337227,0.8403219139474231,42.928205128205136,29.330128205128204,4.381597128147468,16.0
-2.1805743782439855,20.334265330932215,52.3735889401132,0.8562094896720344,33.838961038961045,22.674025974025977,3.636886066327783,19.0
-2.946118416862263,23.6675207642594,52.51421384219944,1.0937969602444204,42.928205128205136,29.330128205128204,3.0311702398341787,23.0
-3.4557132204951357,22.37070391174178,59.9283583205135,1.145987423772192,33.838961038961045,22.674025974025977,4.193625053263432,17.0
-3.384782115281009,24.47272968157122,58.256455819206806,1.0145398511598225,31.01180124223602,27.43167701863354,2.897592457241947,24.0
-4.495939122853596,20.723763931941225,51.83128132476849,0.9156198931783117,42.070253164556966,27.28860759493671,4.279917739129528,16.0
-3.600598417304292,29.541316415710725,51.69046790657488,0.9405262181012702,31.01180124223602,27.43167701863354,5.4633341176882775,13.0
-2.5606237750862086,22.232554010693608,51.08465862159187,0.9371557318384224,42.928205128205136,29.330128205128204,2.8219224194693813,25.0
-1.5774166685509288,29.22307775483585,61.15651021060316,0.9306712415238049,42.070253164556966,27.28860759493671,5.101787057713134,14.0
-1.9588175190483015,24.258931550366817,60.67823127843934,0.8971638687286599,42.070253164556966,27.28860759493671,2.2736138070380605,31.0
-4.429215106063412,29.855241332552183,50.87646486281863,1.0435468378516932,31.01180124223602,27.43167701863354,6.716215594388963,10.0
-1.804318185975482,25.540583834602106,58.404051133954596,1.1601621274260268,42.928205128205136,29.330128205128204,3.1376706043899847,22.0
-2.1504047601041223,29.308328641758074,51.27014232864035,0.9228329652333365,30.94105960264901,21.473509933774835,4.235877649941626,17.0
-2.158871629287059,20.053489886942227,63.556186559134126,0.8746777189845649,42.070253164556966,27.28860759493671,4.850350663452104,14.0
-3.1260127229892856,27.482388061809,63.606761287701985,1.1354310665485698,30.94105960264901,21.473509933774835,4.923731361271792,14.0
-3.3059841211364915,29.030506531025154,60.47349484719695,1.0967133323558813,33.838961038961045,22.674025974025977,6.555257489904316,11.0
-3.591252813500422,21.397205669789543,63.89283382159175,1.172334812623964,30.94105960264901,21.473509933774835,5.4108603416951935,13.0
-4.302915423136903,20.961258517321514,62.17179545620536,0.8662078942419639,42.070253164556966,27.28860759493671,4.870522900169275,14.0
-3.8152939095189025,24.245726071859558,62.42807863890574,0.8577005256466367,42.928205128205136,29.330128205128204,2.8086110687794172,25.0
-3.7601890950659262,29.336789061329352,58.545617758549,1.0165717577219986,42.928205128205136,29.330128205128204,6.736704896785834,10.0
-3.0477687908693953,25.42386560190439,54.59088797324264,1.0457734619340382,30.94105960264901,21.473509933774835,2.6708085751990045,26.0
-2.257666780209918,25.27456463721732,53.266986726746325,0.9920693767438358,33.838961038961045,22.674025974025977,2.231081409357662,31.0
-3.0785705148061604,21.41126118299322,54.90800033058394,1.0395866545295502,33.838961038961045,22.674025974025977,4.16519500290761,17.0
-4.326466651658518,20.00789511093219,59.427431451335934,0.8721519075500286,33.838961038961045,22.674025974025977,5.557811912701641,13.0
-1.6266305970353883,28.10140090745461,52.589848037485986,0.9918455016656333,42.070253164556966,27.28860759493671,3.554016372046251,20.0
-1.6718270427176631,20.875745629862383,53.879603549559825,1.063237024375867,31.01180124223602,27.43167701863354,3.896764800756397,18.0
-2.144431370554775,26.338498187353238,57.02091294193197,0.9730825796994815,33.838961038961045,22.674025974025977,2.8047428445662734,25.0
-1.5260162953073384,29.146164545151915,53.495751477869234,1.071778934326639,33.838961038961045,22.674025974025977,4.845597103295538,14.0
-2.866553001599211,22.08651913158431,58.82965504574092,0.9804765122215359,33.838961038961045,22.674025974025977,3.4104398727796514,21.0
-1.6116949492403818,26.652728362369107,63.84764042684495,0.9334398323369109,33.838961038961045,22.674025974025977,3.0642145114271195,23.0
-4.273184878149747,20.786985767075095,61.2213404855469,0.9214420188348369,33.838961038961045,22.674025974025977,5.0443130077551945,14.0
-3.402957755215886,26.03755143837613,59.9963992122337,0.9643608235954352,30.94105960264901,21.473509933774835,3.135085238565182,22.0
-3.8238561959797024,21.639317209532027,58.74082213975668,0.8092358490728804,42.070253164556966,27.28860759493671,3.4893062563530286,20.0
-3.91250074759719,27.35953560515178,57.31921863885597,1.0674100553784456,31.01180124223602,27.43167701863354,4.28564217163773,16.0
-4.077591153321972,23.012312947939083,52.7984578945199,1.1380422563921047,30.94105960264901,21.473509933774835,3.466998502626309,20.0
-2.63275907530201,24.633910088046463,63.42065683140298,0.9418508377772474,30.94105960264901,21.473509933774835,2.721219977997174,26.0
-2.156034432758085,25.994305420276216,53.728040030192545,0.8184132544566874,42.928205128205136,29.330128205128204,2.2254629472190506,31.0
-2.765104801738918,21.712734106662396,51.36963316367241,1.194710238954223,42.070253164556966,27.28860759493671,4.067792824610313,17.0
-4.059111871235371,27.41637818617621,61.25022768843043,0.9054793021804268,42.070253164556966,27.28860759493671,4.2451848885303125,16.0
-2.0666286901995874,23.026403406368146,52.63423301496749,0.8506484486763093,30.94105960264901,21.473509933774835,2.060911586738549,34.0
-2.5921358785088144,26.623718599127535,55.57843999311764,0.9479010031892112,33.838961038961045,22.674025974025977,3.001719404869493,23.0
-3.3355028816190133,21.582830506993737,50.4242739243647,1.0954228162534227,42.070253164556966,27.28860759493671,3.8450177523931823,18.0
-2.4776091133918112,26.881176592063504,52.05601913810672,0.9175666387562263,33.838961038961045,22.674025974025977,2.7025089039542074,26.0
-3.7202850622715014,21.281880728104618,52.59805446139868,1.0298812815677951,33.838961038961045,22.674025974025977,4.157244044749178,17.0
-3.4644233745173683,24.253564962699837,50.81615191625267,0.9662239977748569,42.070253164556966,27.28860759493671,2.385893576588231,29.0
-1.7475424706040292,22.47206073738877,59.84985434934268,0.8471055969106475,31.01180124223602,27.43167701863354,2.360868011072822,30.0
-3.628486482985739,27.483752494281823,62.55511693704676,0.9321148049968441,42.070253164556966,27.28860759493671,4.340999435620885,16.0
-3.09003519552619,22.620350045068747,55.59973109548911,1.0899482022856266,33.838961038961045,22.674025974025977,3.199574002421256,22.0
-1.8295765878119559,28.817173063953962,63.118647150773015,1.0448015589325783,42.928205128205136,29.330128205128204,5.47442328318925,13.0
-2.3768359491974174,28.918202114066126,53.2001986184019,0.8479113519534245,31.01180124223602,27.43167701863354,3.9733770686816303,18.0
-4.313390321505892,21.96441315222786,54.880856353418594,0.8653289638857234,33.838961038961045,22.674025974025977,3.257736232407555,21.0
-4.058090867163089,26.138459450077242,52.261054895467524,1.0562933437229782,31.01180124223602,27.43167701863354,3.2896473330427005,21.0
-4.47647522768425,20.877176417199642,59.30838793128498,1.1253661657283476,31.01180124223602,27.43167701863354,5.646415640925159,12.0
-2.6072346293125097,23.915370996016293,56.2980438630546,0.9397897983832677,31.01180124223602,27.43167701863354,2.393532564630322,29.0
-3.156979723768745,27.133217295012724,59.19925020262848,1.0381243007373802,42.070253164556966,27.28860759493671,4.131901003528264,17.0
-4.097175447293173,26.594232468499165,61.425123580912754,0.8682574355008421,33.838961038961045,22.674025974025977,3.222530451345555,22.0
-1.6261976368296889,26.24700669406608,58.18554524049423,0.9245505347621296,42.070253164556966,27.28860759493671,2.7662373335411363,25.0
-2.9110208281631405,22.825408636624434,59.414455323526816,0.808108082269221,30.94105960264901,21.473509933774835,2.561628256902556,27.0
-3.7743201176613326,23.78024949434402,64.028754715915,1.107310379119809,42.070253164556966,27.28860759493671,3.625741783466993,19.0
-2.9981892865358772,21.029461447002863,54.48596464413265,0.9604039279091867,31.01180124223602,27.43167701863354,3.8718793773155182,18.0
-2.4611390017946766,27.19022820433601,55.3874590795093,1.1264502294615815,33.838961038961045,22.674025974025977,3.835510278877474,18.0
-4.271282346079307,25.038887967912736,60.76555042564006,1.0833491984090906,31.01180124223602,27.43167701863354,3.37003454373463,21.0
-3.675888554856324,27.087656323456546,59.1695827558308,1.1314977062913907,42.928205128205136,29.330128205128204,4.485753603568906,16.0
-2.0791035273480194,22.48943524796873,52.67799356809572,0.9142634678331532,42.070253164556966,27.28860759493671,2.6256505967172656,27.0
-3.121005388792016,23.244382286350664,55.642209650157355,0.8740434921711382,31.01180124223602,27.43167701863354,2.6723606764582333,26.0
-2.8602685739031153,23.342153372601146,57.01757019687072,1.1887622730606682,33.838961038961045,22.674025974025977,3.3108504756859682,21.0
-3.2015519933715924,20.25742409747216,56.29084756952584,1.0869311148163479,31.01180124223602,27.43167701863354,5.625599504643025,12.0
-4.368300172070985,23.410478728306234,52.67412212483061,1.133616907170668,30.94105960264901,21.473509933774835,3.196099326630919,22.0
-4.002750660539532,28.033045735180337,63.86645137676393,0.8052533494839735,33.838961038961045,22.674025974025977,4.278973289975163,16.0
-3.1633750837743273,28.972984957497385,61.43478142540964,0.9417846481183546,33.838961038961045,22.674025974025977,5.580409354733117,13.0
-3.8724436037762167,25.182183156359272,57.22033748161778,1.0971266762309326,30.94105960264901,21.473509933774835,3.1932772749993013,22.0
-4.350062914020964,24.555016952192204,60.20091542460255,0.8311931331959934,31.01180124223602,27.43167701863354,2.5556253929647212,27.0
-1.969051007844529,20.308246186993703,63.45924008203283,1.0269359718275743,42.070253164556966,27.28860759493671,5.508566433033913,13.0
-1.5564224125076525,28.792043375853826,52.04261213542357,0.9716291069820013,31.01180124223602,27.43167701863354,4.1165037949528545,17.0
-2.1205713780097817,20.130102134258728,53.75559576060466,0.8070466028564429,30.94105960264901,21.473509933774835,3.6497478009885556,19.0
-1.9386452348859988,29.44750080210212,58.140518708849676,0.8943902308477806,33.838961038961045,22.674025974025977,4.869698422187543,14.0
-3.774068609048864,24.892162486880906,61.98515557028538,0.9139167956266857,30.94105960264901,21.473509933774835,2.7968672715710055,25.0
-1.6181190734604005,23.419344935747265,50.54382343162291,0.844743978538529,42.928205128205136,29.330128205128204,2.199133341914733,32.0
-3.9092228866397147,29.2421843484266,64.76027225294541,1.0526147638970642,42.070253164556966,27.28860759493671,7.635543364250653,9.0
-1.6457105689145033,20.243909931100966,56.82359904323596,0.8969591505007556,42.070253164556966,27.28860759493671,4.120321119582007,17.0
-1.5155421181021467,25.81424894869087,55.388467109325845,0.9110477998477554,30.94105960264901,21.473509933774835,2.0920160466438933,33.0
-2.3648315827618536,25.489325244993374,54.390866567596575,1.159295439280059,30.94105960264901,21.473509933774835,2.7053733817796073,26.0
-1.5565688046245345,22.19320401211382,52.615350614763074,0.9868492370772558,42.070253164556966,27.28860759493671,2.840364784061626,25.0
-2.791380661298689,24.288874313502106,61.87360863395042,0.9568512587877089,31.01180124223602,27.43167701863354,2.7589538710679564,25.0
-3.721374650471729,26.522640059437702,64.33121247119145,1.0895484153258868,33.838961038961045,22.674025974025977,4.166934718098629,17.0
-3.1890123430031374,27.271311968819276,56.20467132268097,1.1638455187531649,33.838961038961045,22.674025974025977,4.31271532080938,16.0
-2.7193171938636422,20.0071685870658,64.28631042130185,0.8100145344949776,33.838961038961045,22.674025974025977,4.668534938486345,15.0
-4.280755313918955,29.368534300910152,62.35696423152551,0.9792955386221586,42.070253164556966,27.28860759493671,7.246694001693121,10.0
-2.632970206148262,21.645253723928125,57.21576691214477,1.0443125424311788,31.01180124223602,27.43167701863354,3.81215878163278,18.0
-1.5564664897131166,22.335804342223593,60.11039268689199,0.9274252392503959,42.928205128205136,29.330128205128204,2.893062599295211,24.0
-3.929677050648817,22.63473445693848,56.524762687556944,1.1089630888492967,42.928205128205136,29.330128205128204,4.064269467679298,17.0
-2.12221465113485,20.378201365520354,58.380851123188286,1.1885908281081095,31.01180124223602,27.43167701863354,5.396719499859068,13.0
-1.7763036186611418,21.23052123590325,50.87069505527756,1.1773709465001132,42.070253164556966,27.28860759493671,4.034130108490685,17.0
-1.6688952215393376,29.863499229441622,60.443952129508,0.9063930157519767,30.94105960264901,21.473509933774835,5.544157460939071,13.0
-1.6195931867836584,23.152167373772862,50.79236966726205,0.8905353113749944,30.94105960264901,21.473509933774835,1.998911125666864,35.0
-2.935621083835584,21.153010903390495,62.256274203794746,1.1829962124084883,31.01180124223602,27.43167701863354,5.263596318673267,13.0
-1.5680762760254892,21.069912611746233,62.37420394190836,0.9834513949725864,30.94105960264901,21.473509933774835,3.7992238561189047,18.0
-2.2280693785966834,27.194599676699717,53.556159313343215,0.8833190892338767,33.838961038961045,22.674025974025977,2.9559054060282035,24.0
-4.014985691289114,28.54568664032641,54.854941715537,1.0827987854521672,33.838961038961045,22.674025974025977,5.493567437757784,13.0
-3.06929968059609,22.5695229950847,57.2196556783744,0.9137681295615167,31.01180124223602,27.43167701863354,2.9387508472843487,24.0
-2.345006473883988,20.20909512335235,58.94994360398722,0.906898790028421,42.070253164556966,27.28860759493671,4.790263688951715,15.0
-3.75797905254275,22.23090018445356,54.31030492612995,1.1516996172311138,31.01180124223602,27.43167701863354,3.8131311832108103,18.0
-2.578154449353338,20.565156907967573,58.88729606947888,0.8649916613507614,42.928205128205136,29.330128205128204,4.2436301853357445,16.0
-2.500198562860142,21.033949366300416,54.466806098439484,0.8257571785864946,42.928205128205136,29.330128205128204,3.5059426374699534,20.0
-4.011900768574303,24.315081198476424,50.83236081606591,0.907674576068675,30.94105960264901,21.473509933774835,2.2122706158312835,32.0
-2.8047440626417313,22.299183708616326,50.037913247478635,1.0427781651352814,31.01180124223602,27.43167701863354,3.158486978431823,22.0
-2.185119267064177,25.159458785254234,51.51726586877643,0.8492351413613083,30.94105960264901,21.473509933774835,1.845069851155642,38.0
-3.0033130063921742,22.534937532571902,61.88376050246028,0.9886378689107175,31.01180124223602,27.43167701863354,3.257684450272799,21.0
-4.463690649671678,29.405373011029475,64.42146968575005,1.0509348441701278,42.070253164556966,27.28860759493671,8.214589194921638,9.0
-4.4728845927621235,29.059439679262645,56.40449298921829,1.1394947970372695,31.01180124223602,27.43167701863354,7.057145425129564,10.0
-3.4289119680899636,25.66806105010466,57.690259301749144,0.8919478364809018,42.928205128205136,29.330128205128204,2.60122860947593,27.0
-1.7214177947046538,23.54423991987386,52.20272253610139,1.1269385293531158,33.838961038961045,22.674025974025977,2.549307801574419,27.0
-3.813969661189174,23.811468820347358,58.26547029020236,0.8939625044524955,31.01180124223602,27.43167701863354,2.6873259887732592,26.0
-2.5969089333849387,24.11852283144497,52.16982353010465,1.070706616495856,33.838961038961045,22.674025974025977,2.5487744878700407,27.0
-3.833772387920038,27.27579322134944,59.16821496798245,0.972269428592982,30.94105960264901,21.473509933774835,3.988203200692803,18.0
-3.534990031021354,24.51638995518838,63.99888001371281,0.8458724969514682,42.928205128205136,29.330128205128204,2.7027433669711476,26.0
-1.955873731195548,28.567299465058973,52.9354780895456,1.0857053851287395,31.01180124223602,27.43167701863354,4.354146669411651,16.0
-2.3134156731901596,29.440947859303645,61.46845577085653,0.8871050474196072,42.928205128205136,29.330128205128204,5.561291956670488,13.0
-4.213802168060369,23.35946153378934,50.35253634227486,0.8706493704098366,31.01180124223602,27.43167701863354,2.273493019961526,31.0
-3.213893937040699,25.6069448137568,55.63245861982431,0.9433291714357532,33.838961038961045,22.674025974025977,2.6552419889519463,26.0
-4.4124907090642065,20.950565368325645,51.661227617457634,1.0613160979037934,33.838961038961045,22.674025974025977,4.665524218289118,15.0
-3.057329560190973,22.00469047766359,55.287131623935494,0.8935985915162511,42.928205128205136,29.330128205128204,3.1415857356860553,22.0
-2.5126979648967955,24.1346576671016,52.60305379458325,0.8734646155127543,42.928205128205136,29.330128205128204,2.201262326502752,32.0
-4.144492129205545,22.062027159017788,55.599574851843315,0.8039814502853457,42.928205128205136,29.330128205128204,2.940302792357695,24.0
-3.633345183272503,28.765604907887173,56.26284209161295,0.9886572388406895,33.838961038961045,22.674025974025977,5.231768429555615,13.0
-3.3064901234935293,21.582862560590982,54.508866841713775,0.971458227726073,42.070253164556966,27.28860759493671,4.011670583065791,17.0
-1.7414069260318508,24.55660821553092,59.849329242096935,0.8935470974549505,30.94105960264901,21.473509933774835,2.0928177163346993,33.0
-1.5202349537311077,26.056992404598756,63.78278076888365,0.8214608656038763,30.94105960264901,21.473509933774835,2.4942211806592134,28.0
-4.365266103013153,26.918639081608443,56.00893061157909,0.9717023498383348,42.928205128205136,29.330128205128204,3.8593611603989153,18.0
-2.216976229513824,23.83069369726507,52.88514734712532,1.1152820444286524,33.838961038961045,22.674025974025977,2.574385661843344,27.0
-3.38482780079297,28.690990687247286,54.06084137293975,1.0861128525308708,42.928205128205136,29.330128205128204,5.4495566648497835,13.0
-3.32262544131156,25.683191510779256,62.81001235244553,1.1443179559440682,33.838961038961045,22.674025974025977,3.7206842473436748,19.0
-2.237205079958932,24.39507780447552,58.574595849052216,0.8038330750852622,42.070253164556966,27.28860759493671,2.2907736956464837,31.0
-1.744720703563774,20.672406340520368,56.82516548460436,1.1865677267218393,42.070253164556966,27.28860759493671,5.037086780807101,14.0
-1.6472142164923547,24.646894684451652,52.2445508226339,0.9365649010509793,30.94105960264901,21.473509933774835,1.9894310447401262,35.0
-2.7686322418850375,28.207358408157305,56.74590962485673,1.196159118436786,31.01180124223602,27.43167701863354,5.289268722831895,13.0
-3.4286365220984916,26.145410182213155,54.1773800503608,0.9010477842407099,33.838961038961045,22.674025974025977,2.7294096650675335,26.0
-2.137352742423662,28.321624537291186,64.14744691780024,0.9886145550312979,42.928205128205136,29.330128205128204,4.813381984565318,15.0
-3.746995850213099,24.940116705993056,63.261051641235966,0.9415710706301215,42.070253164556966,27.28860759493671,3.1339158586837144,22.0
-2.8077779134994465,21.18461705094482,51.25853812742297,0.9423042859977211,33.838961038961045,22.674025974025977,3.601613182505903,19.0
-3.4242646154253804,20.136398458358812,57.74980233891864,1.1369128394992862,42.070253164556966,27.28860759493671,6.478322962702438,11.0
-2.530106778876372,23.03219546718591,53.37587518272008,1.0985675758949354,42.070253164556966,27.28860759493671,2.764581893582484,25.0
-3.7788032613194793,26.979904714977927,56.16165634286436,1.1968605740920193,33.838961038961045,22.674025974025977,4.438259422573694,16.0
-3.9252211627955225,27.902599039416938,63.152719973771845,1.045405873087005,31.01180124223602,27.43167701863354,5.187098288794393,13.0
-1.745282739973689,22.957528346203294,57.912717798328174,0.985302641757801,33.838961038961045,22.674025974025977,2.483947143796127,28.0
-4.194588951151389,24.95653920883247,55.0132294005614,0.8360295451787565,33.838961038961045,22.674025974025977,2.2371459613434554,31.0
-2.982126276795205,24.211189044340816,53.11832531157496,1.1986245678055427,33.838961038961045,22.674025974025977,3.090289094824752,23.0
-3.8374416511109732,24.105227843514278,62.004872891097335,1.0206122611729131,31.01180124223602,27.43167701863354,3.0900172929370138,23.0
-4.383210110022998,22.313487132001505,59.36777023046521,1.0801909878760567,42.070253164556966,27.28860759493671,4.251063511408962,16.0
-4.391943545125721,21.363711050294583,57.020981906393466,0.9626969548765245,31.01180124223602,27.43167701863354,4.24076794134903,17.0
-3.974334683682518,21.96688558231213,53.26226530794467,1.0190862832716943,31.01180124223602,27.43167701863354,3.5309827761115407,20.0
-1.8996889364819993,20.55332387163346,55.01369561235697,1.1770310927571548,30.94105960264901,21.473509933774835,4.824025984376594,15.0
-3.6525637680689202,21.98130741823577,64.39765140107778,0.8665677751726412,30.94105960264901,21.473509933774835,3.569672907947459,20.0
-1.6486224882741127,20.092008976253794,57.80134906408752,0.9169490337321019,33.838961038961045,22.674025974025977,4.203231854795899,17.0
-2.7551331210324195,26.272584006359782,56.01048921864879,0.8608238911112129,31.01180124223602,27.43167701863354,2.4732779027601026,28.0
-3.1901574306937017,23.16375407387683,57.82133063522486,1.1168863615219098,42.928205128205136,29.330128205128204,3.546300110226367,20.0
-2.759733495991636,29.731447114269088,61.68482758849413,0.8248181041687319,31.01180124223602,27.43167701863354,5.458901116738772,13.0
-2.9499048443211966,21.93717050776298,55.10163404754303,0.8326526599405354,30.94105960264901,21.473509933774835,2.796330863083331,25.0
-2.2236712387280244,23.45828570309594,52.68059181398913,0.9193976451149475,42.928205128205136,29.330128205128204,2.5256270076001504,28.0
-3.652511802081443,23.57841158641533,58.77404177508572,1.0056752723684046,42.070253164556966,27.28860759493671,3.2491084704612403,22.0
-3.440848825199093,20.084514960624606,59.978061552216005,0.9625099202238346,42.070253164556966,27.28860759493671,5.859171227110603,12.0
-1.817717092400248,28.39207953039459,60.69077004437824,0.8179265242683229,42.070253164556966,27.28860759493671,3.8011262578630967,18.0
-1.6606304605487834,20.319944601443247,63.22981386149195,1.1829966231483806,30.94105960264901,21.473509933774835,5.74485485708114,12.0
-1.8223253175405763,29.401798347292413,55.56761181033669,1.1811478081432334,30.94105960264901,21.473509933774835,5.950624336148719,12.0
-3.2416560181280594,28.920743510936205,51.130323443433376,0.911742529296304,30.94105960264901,21.473509933774835,4.427042459799047,16.0
-2.158903490979355,25.355219160859637,64.37522875446413,1.0926102461074325,33.838961038961045,22.674025974025977,3.1571586880180247,22.0
-3.0709928000967035,25.43595574911292,56.52517891156213,1.0314301645532895,31.01180124223602,27.43167701863354,2.853118129979865,25.0
-3.0073804435616935,26.537779229561565,59.34886264509697,0.8949906780022496,31.01180124223602,27.43167701863354,2.9835686251046254,23.0
-3.885959672828148,23.87050011934887,59.99457984692438,0.9048686206966462,33.838961038961045,22.674025974025977,2.7937197498799473,25.0
-2.726609090224451,26.472222833978556,58.19770563051805,0.9964612697241801,42.928205128205136,29.330128205128204,3.6055730583385968,19.0
-3.941592306739956,20.447683886884867,53.078862946044055,0.9676947765989441,42.928205128205136,29.330128205128204,4.889257114111149,14.0
-3.5053059027984186,20.540476273497266,61.32714575174212,0.9164917312925057,31.01180124223602,27.43167701863354,4.771639177630359,15.0
-1.9349093951401946,24.572304196195443,62.05627961456123,1.1230046385220596,31.01180124223602,27.43167701863354,2.993703628405323,23.0
-3.8787725723674344,25.49622301106035,58.2946337902616,0.9925851670549539,42.928205128205136,29.330128205128204,3.142108205567966,22.0
-4.286525144479701,28.87817640335819,57.32841740877262,1.0619392249556512,33.838961038961045,22.674025974025977,6.185921834651258,11.0
-4.292977222161551,21.046606339078963,51.70907274691978,0.8757094000671503,30.94105960264901,21.473509933774835,3.607657516254632,19.0
-1.6776464384906764,28.226479271938892,51.25927492249676,1.0134030650065946,30.94105960264901,21.473509933774835,3.6491294954052615,19.0
-2.9792386861144964,22.100473372920696,55.09347268345293,0.9271904197786486,42.070253164556966,27.28860759493671,3.2535182050891462,22.0
-3.271763784548945,23.94083648510032,54.6626923327609,1.0105654441579512,33.838961038961045,22.674025974025977,2.660952072571521,26.0
-2.0673642569762447,23.166024348274128,64.30484676444907,1.1123303333643713,42.070253164556966,27.28860759493671,3.5626568984826705,20.0
-1.9925222162684522,24.00155272865399,61.75434113665145,1.1075652840365047,33.838961038961045,22.674025974025977,2.7762600986333466,25.0
-3.503426900653186,21.504954980725856,59.8988644288859,0.9416882712137103,30.94105960264901,21.473509933774835,3.870733634277571,18.0
-2.4191458275786144,25.03570074403555,57.76472133526408,1.0777108468318557,31.01180124223602,27.43167701863354,2.7549971801223485,25.0
-2.1866315524443403,28.01642589831367,52.51051296089977,1.1765159801577108,31.01180124223602,27.43167701863354,4.1779922479672695,17.0
-2.5360479394021365,24.41534010378897,64.67685008276426,1.0502677319699625,42.070253164556966,27.28860759493671,3.0058661295769045,23.0
-4.045214775599701,24.90613575898199,55.62561047360315,0.8593640493530549,30.94105960264901,21.473509933774835,2.399151966388933,29.0
-1.8723507494488292,28.48767585281314,51.60388403670867,1.071883451711638,33.838961038961045,22.674025974025977,4.268032472658433,16.0
-2.8827163417919737,27.060581146380308,57.406983435736194,0.8419617545397245,31.01180124223602,27.43167701863354,3.0651614021726394,23.0
-3.652582720889989,24.90454408519785,63.10997017419625,1.1488441635172109,42.070253164556966,27.28860759493671,3.7129746868501696,19.0
-3.224315443686918,22.5769564818918,63.30936502665994,1.006664198320776,33.838961038961045,22.674025974025977,3.6827691232128794,19.0
-4.387286728803278,28.849267468449668,50.16448874084671,0.9540562945246318,42.928205128205136,29.330128205128204,5.174522549596957,14.0
-4.116399596332747,25.770204016905584,63.294436171270995,0.822802637859877,42.928205128205136,29.330128205128204,3.1456624528759085,22.0
-2.203359748452417,22.211476101106932,54.07226326249788,0.9523134938368438,30.94105960264901,21.473509933774835,2.760013663171602,25.0
-4.499965095733901,22.691197526380105,50.584585459526345,1.1612826671663157,42.928205128205136,29.330128205128204,3.604234813101333,19.0
-3.2503025145531232,28.031330889362458,62.716854055443115,0.8083931985145213,42.928205128205136,29.330128205128204,4.125863404475343,17.0
-2.9324694567432346,20.441455620874553,62.95800133982313,0.989859263112722,42.928205128205136,29.330128205128204,5.4315434956521855,13.0
-4.336096739997084,29.9209218702882,58.943466197635246,1.1724632364442489,30.94105960264901,21.473509933774835,8.730916829293992,8.0
-1.5807655110830012,21.303516797147918,58.616506359445374,0.9579363999060084,31.01180124223602,27.43167701863354,3.4080712686373538,21.0
-3.821624006250984,27.960685253969373,62.19680408932129,0.9712702749848602,42.070253164556966,27.28860759493671,5.013704082392888,14.0
-3.5874038410911573,23.94775316771683,61.79464329065419,1.031424022079648,30.94105960264901,21.473509933774835,3.1575026236923516,22.0
-3.588172463234918,24.922161832874668,63.35158210164056,0.9851749334308734,42.928205128205136,29.330128205128204,3.3118268208984474,21.0
-3.80875001364795,28.806505774645778,58.29121171395055,0.867440676495021,42.928205128205136,29.330128205128204,5.071442265846435,14.0
-4.495578533741066,24.12911189589213,64.51470639099213,0.8074222156279443,31.01180124223602,27.43167701863354,2.779776911764949,25.0
-2.311965617736011,25.374937536732347,64.94220246400008,1.0439246631914807,42.928205128205136,29.330128205128204,3.242464515055235,22.0
-1.5994635006021438,20.4929966240917,51.74816914997949,1.1683226348031248,33.838961038961045,22.674025974025977,4.58122799864715,15.0
-3.827119550144865,20.02347473867453,62.743156393311835,0.8425456532108663,33.838961038961045,22.674025974025977,5.299710479003571,13.0
-2.510858424589733,22.44799873001726,57.497333866228836,0.8843810877011014,42.070253164556966,27.28860759493671,2.866827652102533,24.0
-2.2743110191238545,26.80583092918767,55.81349507449748,0.9480917943299894,31.01180124223602,27.43167701863354,2.863978926012229,24.0
-1.954723862728426,21.212648933591367,59.19608464824073,1.1234968916084478,30.94105960264901,21.473509933774835,4.287960524189681,16.0
-3.2321124089591726,21.137619588045496,50.8394833589301,0.9077041265883911,33.838961038961045,22.674025974025977,3.3765148275716603,21.0
-3.5912072830787123,24.109606080359033,57.596916781506195,1.1528217617115073,42.070253164556966,27.28860759493671,3.3428748899967666,21.0
-3.5241145979309065,26.478370386082265,63.0633585504,0.8219831498600266,42.070253164556966,27.28860759493671,3.2385742270291917,22.0
-2.3621360007044614,27.120719922479303,53.201922742084534,1.1763826485035738,42.070253164556966,27.28860759493671,3.7652289180729537,19.0
-2.049661600483092,21.784506740983748,56.39584842154137,1.024298831149506,30.94105960264901,21.473509933774835,3.3201943422410274,21.0
-3.955158096730192,20.795881473720424,64.09221331572313,1.0635110713950817,42.070253164556966,27.28860759493671,6.172673796112635,11.0
-3.3871769755267045,29.40397033945544,56.42845756708546,0.9470758090145412,33.838961038961045,22.674025974025977,5.668790949324462,12.0
-1.7941794097525499,22.606663825621016,55.37551448498598,1.112797714204424,42.070253164556966,27.28860759493671,3.2556269178412327,22.0
-2.0799194409157824,28.533464976087238,56.608049721850676,0.8666265000337625,33.838961038961045,22.674025974025977,3.7780860791678594,19.0
-1.5454247917125725,28.634914504628185,57.79179149776334,0.8195647301113949,42.928205128205136,29.330128205128204,3.653221087159333,19.0
-2.2372552209537577,27.725225917625444,59.47987016197203,0.9582067772430228,31.01180124223602,27.43167701863354,3.580309091705119,20.0
-3.320414396916233,21.6883360665257,62.010392013750966,1.1414782855924157,30.94105960264901,21.473509933774835,4.822890096420685,15.0
-2.728086498016087,28.218014592542005,56.78153308646471,1.1019707346550778,30.94105960264901,21.473509933774835,4.661296214341033,15.0
-2.516957237258039,27.692505592415866,62.262214026352105,1.0068623881955832,30.94105960264901,21.473509933774835,4.26475929842893,16.0
-4.264632551048628,25.967229901062172,58.00580992028121,1.0288550988661413,30.94105960264901,21.473509933774835,3.2910274550457617,21.0
-2.866509122688405,23.372020351689528,55.077207655519665,0.8519571305195022,42.070253164556966,27.28860759493671,2.537827695761771,28.0
-2.3720375145821713,22.62508604266544,59.86926242179121,1.1362726034470327,33.838961038961045,22.674025974025977,3.7658326335506707,19.0
-3.9980360879968186,21.218892120803588,60.76583382115237,1.1147838731856787,42.928205128205136,29.330128205128204,5.377495174032411,13.0
-2.1581048477233287,25.097570669008714,58.370734634442314,1.062588157554777,31.01180124223602,27.43167701863354,2.5965873673914226,27.0
-2.748681658457665,25.852608755098466,50.84922459702085,0.9864764145315754,42.928205128205136,29.330128205128204,2.7000254831119195,26.0
-1.6433346429072162,23.59338990515787,52.54824312741238,1.185783707311805,31.01180124223602,27.43167701863354,2.6966791280768008,26.0
-4.372733105379325,24.753590676808685,54.279465813353426,1.1516127887505885,42.070253164556966,27.28860759493671,3.5015581494104797,20.0
-3.704021587333599,23.635144573692667,54.2393840892724,1.0577721974058474,30.94105960264901,21.473509933774835,2.8617600252990565,24.0
-2.695338362100528,26.410060573207012,60.10131200370306,0.9487203990869152,31.01180124223602,27.43167701863354,3.2332138099134067,22.0
-3.610320263382208,29.012592077965635,50.27522992510449,1.0472089114726049,31.01180124223602,27.43167701863354,5.184933360017649,14.0
-2.3567275077862733,21.639202620469447,61.3352266557428,1.0301763706122662,42.070253164556966,27.28860759493671,3.9785068656930545,18.0
-2.222984152434207,23.814088099031235,53.980137122104,0.9576967951339665,31.01180124223602,27.43167701863354,2.2556949964731796,31.0
-4.192452107800577,21.408686039508613,54.650327693241536,0.9226695886752304,42.928205128205136,29.330128205128204,3.9074314933800656,18.0
-2.9584366073796966,26.249437704078318,57.918647419158866,0.962804316894929,33.838961038961045,22.674025974025977,3.162668098758427,22.0
-2.9733283332268323,27.28870509488596,53.23888401408436,1.0295645624133591,30.94105960264901,21.473509933774835,3.4441036602069985,20.0
-3.3921576893533767,29.31912732597456,63.26706970363291,0.9712539378844378,33.838961038961045,22.674025974025977,6.487726181720109,11.0
-1.7012254122909836,22.78871926260965,51.28053168989848,0.9054297952805536,42.928205128205136,29.330128205128204,2.2653602465884397,31.0
-2.0174810403803365,29.5021120586543,56.66573543451597,1.1043853271043234,42.928205128205136,29.330128205128204,6.248070048768266,11.0
-2.4083718542710897,20.632626718206748,62.74133404182335,1.0125869983829652,31.01180124223602,27.43167701863354,4.678610285107399,15.0
-2.3570200927950076,26.030138633645883,59.23765841631854,0.8270700652902401,42.070253164556966,27.28860759493671,2.5800434936190415,27.0
-3.114851568560643,20.571327193433298,54.384942737639506,0.9473266022504502,42.070253164556966,27.28860759493671,4.626658039045374,15.0
-1.7370164367102725,28.937741877619448,56.311403116646915,1.1539653828847973,42.070253164556966,27.28860759493671,5.5080709933560685,13.0
-2.4162137182401437,25.29809057070054,60.60041570513772,1.1020946124799806,42.928205128205136,29.330128205128204,3.0491280041715605,23.0
-2.313056815032551,26.69348350762796,64.59891115045849,0.9292987135776029,33.838961038961045,22.674025974025977,3.3633019446211545,21.0
-1.9149272886379642,28.315739259104525,63.39708077569151,1.1752732608178036,42.070253164556966,27.28860759493671,5.522807170614182,13.0
-3.677785231973427,21.503106224839687,55.13649212573565,0.8306411633432841,42.070253164556966,27.28860759493671,3.549785798242005,20.0
-2.078787288399891,20.38591561938134,64.97296818931787,1.1844938815568755,31.01180124223602,27.43167701863354,5.9525465385922205,12.0
-3.9142781911305238,28.78881145912852,50.052569952965875,0.8982820369938703,33.838961038961045,22.674025974025977,4.25794640229722,16.0
-3.4639741432653364,23.149332274589327,50.41444633712623,0.8036376721209677,31.01180124223602,27.43167701863354,2.151284115001433,33.0
-3.4931686371904718,21.289789079271653,62.35760772756791,0.9735232146073307,31.01180124223602,27.43167701863354,4.33137424105493,16.0
-1.5644235948325784,24.684612370870866,52.99194030249578,0.9435881718748035,42.070253164556966,27.28860759493671,2.0674007046092346,34.0
-1.9303883287562194,25.98306075696019,50.91153902594361,1.0156356020827175,42.928205128205136,29.330128205128204,2.58475370911533,27.0
-2.396490415229221,20.3097060342251,53.55722109854754,1.1187091442279382,30.94105960264901,21.473509933774835,4.6842812182171985,15.0
-2.3188297151538295,22.748956582570877,56.391502309712905,1.1369723208601787,30.94105960264901,21.473509933774835,3.379291687310687,21.0
-2.8137816167922867,20.327998742768962,60.958494056501074,0.9604919998446767,31.01180124223602,27.43167701863354,4.985104218416354,14.0
-1.6587279986744425,24.20335389195499,59.36503289826808,0.9719382974825401,42.070253164556966,27.28860759493671,2.367741511402361,30.0
-3.0112237413529153,28.951000290662442,53.56431826340631,0.8592710921317895,42.070253164556966,27.28860759493671,4.3714363894298796,16.0
-3.3584468703903165,29.826524114935694,57.54905672150876,0.8190190435524655,33.838961038961045,22.674025974025977,5.6102862976304735,12.0
-4.010893989205227,26.370475535036277,63.89321158097853,1.0564859960940098,42.070253164556966,27.28860759493671,4.268631208558326,16.0
-2.141383043216826,21.616376937845917,62.22511665475636,0.825775050221077,42.928205128205136,29.330128205128204,3.435379648719943,20.0
-2.296668203773226,29.05849389999306,54.8478467724769,1.0935320477685824,42.928205128205136,29.330128205128204,5.554619080326467,13.0
-3.3469348844275952,25.162478232000606,64.73396842033544,1.015636058008899,42.928205128205136,29.330128205128204,3.419399851160434,20.0
-4.424419758122312,21.53749312102918,60.62930600652697,0.8794331912904334,31.01180124223602,27.43167701863354,4.028821415432142,17.0
-1.983008016845968,29.217266694516614,50.93674033500173,1.01580917740506,30.94105960264901,21.473509933774835,4.674757306575151,15.0
-4.465746049637779,27.57469050723103,50.52741069932958,0.8731990866408396,30.94105960264901,21.473509933774835,3.498414242208472,20.0
-2.388900661112847,27.317052727231516,52.526119235150446,0.9754948830041648,33.838961038961045,22.674025974025977,3.105384987474227,23.0
-1.5892286708218286,27.091807037944047,60.9178380207522,1.1198241264968916,33.838961038961045,22.674025974025977,3.7368859918882644,19.0
-3.1870160155553897,22.003398210964423,52.75608388763642,0.984767717364255,30.94105960264901,21.473509933774835,3.139552437990996,22.0
-3.795079785012142,22.11006691707526,57.6723015381325,0.8594797273190193,30.94105960264901,21.473509933774835,3.143466520056505,22.0
-2.385386969869855,26.88292998427255,51.39890180271247,1.089531472729178,31.01180124223602,27.43167701863354,3.2163325230771576,22.0
-2.048615573953245,22.197227501103967,63.81329236745293,0.8747073665080036,30.94105960264901,21.473509933774835,2.8282807939391597,25.0
-2.860709051766458,24.386716968030488,55.15940920375351,1.0954199497480437,42.070253164556966,27.28860759493671,3.0242962423988784,23.0
-1.5988941742315612,27.820018255939413,63.621980848409464,0.9917409156863333,42.070253164556966,27.28860759493671,4.078224743186637,17.0
-4.344993835026116,27.83952518097841,64.17313462865816,0.9814967036377207,42.928205128205136,29.330128205128204,5.3358861126842205,13.0
-2.9856132050864157,24.532617725258596,50.09192970970521,1.14057401514299,33.838961038961045,22.674025974025977,2.799775676853068,25.0
-2.3446381580323497,27.92189938275245,56.96202780798098,1.0834414097362675,31.01180124223602,27.43167701863354,4.298747961811777,16.0
-1.9120785865524632,28.38621796198057,50.36984083560339,0.8131643187819757,42.070253164556966,27.28860759493671,3.208680713130107,22.0
-3.96223316427663,26.5477575128426,63.63039149454359,0.918469725840641,42.070253164556966,27.28860759493671,3.618741864863909,19.0
-2.099989554708956,22.2842585230842,57.776113171018636,1.1483682643399593,31.01180124223602,27.43167701863354,3.417042701130881,20.0
-2.841878772844364,22.740117803855476,51.124160190477454,0.8073304674180795,42.928205128205136,29.330128205128204,2.396387839669416,29.0
-3.3103389540301102,23.148411554087353,51.6541509241485,1.018101378504788,31.01180124223602,27.43167701863354,2.6661079806089605,26.0
-4.104854914262719,21.16804107733952,55.752635367391086,1.0911302676695775,42.928205128205136,29.330128205128204,5.028602054369181,14.0
-1.9041127232732626,22.73159620369945,64.10351289309334,1.0487424341938303,31.01180124223602,27.43167701863354,3.3480265114534418,21.0
-4.028180375460854,22.09519224312532,60.393637273521215,1.1042128808417746,31.01180124223602,27.43167701863354,4.225016527387774,17.0
-3.5706364223727025,24.55328749808602,63.01428299283698,1.0902767395658983,31.01180124223602,27.43167701863354,3.3613344466865596,21.0
-3.6298634041126894,29.08437547872265,55.4968496950997,1.0768122780612452,31.01180124223602,27.43167701863354,5.980755702086822,12.0
-1.8857578974274372,21.04480316753958,50.648205493249975,1.1286159443702608,42.070253164556966,27.28860759493671,4.0207969245777635,17.0
-2.481891017373306,27.202679239473955,64.61476455806621,1.0582762673798154,30.94105960264901,21.473509933774835,4.068282196011353,17.0
-2.109955808425883,26.872830044131277,50.257594859935544,0.9609673977027928,30.94105960264901,21.473509933774835,2.581058823628254,27.0
-3.748596303622503,20.957541986633576,64.21477479621633,0.988763643965835,42.928205128205136,29.330128205128204,5.282113565420437,13.0
-2.625377701179003,29.225724049058,55.53016135773717,1.0866899130725802,42.070253164556966,27.28860759493671,6.075287113997894,12.0
-2.784762050568754,25.684722021568195,50.15135607532822,1.1505224118667177,42.928205128205136,29.330128205128204,2.9006767241571385,24.0
-2.001508869635187,23.63725521135684,60.337358475867624,0.9088875203359102,30.94105960264901,21.473509933774835,2.4974545954753395,28.0
-1.7817388185562182,27.565385834953066,64.70810456047032,0.9368307183884284,30.94105960264901,21.473509933774835,3.6592751779181376,19.0
-4.463529685567839,22.57365458401634,64.48438584256388,1.1722957585449651,33.838961038961045,22.674025974025977,4.630556936440156,15.0
-2.477940242823622,26.935098370463205,52.41405516803628,1.0314047169637781,30.94105960264901,21.473509933774835,3.0683930489222284,23.0
-4.344492602640813,20.39711207572247,52.71871709099233,0.8715847268540005,30.94105960264901,21.473509933774835,4.327142358649132,16.0
-2.8534240047679322,28.39408037609272,58.4830837192949,1.065478055564953,42.928205128205136,29.330128205128204,5.3979276361953925,13.0
-3.6371018128689654,24.481708470213185,59.55957239642487,1.1963048622157517,42.070253164556966,27.28860759493671,3.631067234753095,19.0
-3.5796702014335766,26.36692914357942,61.09126870498798,1.12938142578816,30.94105960264901,21.473509933774835,3.905542132161,18.0
-3.44112448964293,22.212378198066837,52.71575540708221,1.0982964546205611,42.928205128205136,29.330128205128204,3.85574563187394,18.0
-2.63612265285117,26.77073712658448,64.38510630146652,0.8832186617065078,31.01180124223602,27.43167701863354,3.2530754957201578,22.0
-3.4978501029936924,27.722402758932766,59.581088844338566,1.1504559138736028,30.94105960264901,21.473509933774835,5.187311535447322,13.0
-2.301902848229159,24.732131868843986,62.705703783058325,1.0103155374142185,42.928205128205136,29.330128205128204,3.0480111546883855,23.0
-3.286417843278391,26.177269240617942,58.100985729262575,1.1557160088287821,33.838961038961045,22.674025974025977,3.5916452433443715,19.0
-4.294940399070124,24.563259238223985,56.214152713848236,0.9319311317699517,30.94105960264901,21.473509933774835,2.7933408494536742,25.0
-2.1487204725476783,28.940913692578455,64.65774359892494,0.8248204210541732,42.070253164556966,27.28860759493671,4.936463631329952,14.0
-3.642725026221882,24.978691805143193,58.73182056229754,0.9903903874638984,30.94105960264901,21.473509933774835,3.024341347846042,23.0
-3.201699361202212,28.41808709028819,63.00310374198769,0.9079350419271511,42.070253164556966,27.28860759493671,5.1170574870072745,14.0
-2.4436683503342955,28.013520582702483,64.29938594549435,1.0860917159105192,33.838961038961045,22.674025974025977,5.135565726641448,14.0
-3.502631528553864,24.105048213483563,60.13031940512989,1.182842621142413,42.070253164556966,27.28860759493671,3.618791944277403,19.0
-4.330243031559853,22.30084491857475,58.23408017778012,1.0763896604606256,30.94105960264901,21.473509933774835,3.9298878666576273,18.0
-3.378236858961559,24.060821325597708,50.05266276365976,1.1547735718836813,42.928205128205136,29.330128205128204,2.916717523592666,24.0
-1.6666542519170897,28.2621737577522,50.60029461108509,0.9812096054404825,42.070253164556966,27.28860759493671,3.4895835169956344,20.0
-2.5747968081043253,22.276325358193922,53.012768240766746,1.1086562948781207,42.070253164556966,27.28860759493671,3.577554619747884,20.0
-2.4855625539983794,25.244363458577492,52.79012647783993,1.1372173746686813,42.928205128205136,29.330128205128204,2.858025150650515,24.0
-2.6031535390870806,28.060967479607477,53.82138192799768,1.0843502510334169,30.94105960264901,21.473509933774835,4.384411816125224,16.0
-3.9030235831216897,23.534774751283788,54.57401956546491,1.0031109144278259,42.070253164556966,27.28860759493671,2.890868374823834,24.0
-3.2449984076931595,26.422096370026974,55.400982403260926,1.0503464438461472,30.94105960264901,21.473509933774835,3.362268867834949,21.0
-2.2471806049100453,22.456315740488144,56.30806535103315,1.080202798271552,33.838961038961045,22.674025974025977,3.171978943259357,22.0
-4.195881307340523,21.0927944536816,51.48299507684022,0.9012337612885708,42.928205128205136,29.330128205128204,3.836248557702925,18.0
-3.666441671730863,27.94384225092856,50.63542897929173,1.123831704365994,33.838961038961045,22.674025974025977,4.658988138930303,15.0
-3.671042674602439,20.989686234087067,60.109166736095354,1.1801298155869093,31.01180124223602,27.43167701863354,5.720204973644241,12.0
-3.203943217216482,22.713813950795846,58.060022372646166,0.9860957260719744,42.928205128205136,29.330128205128204,3.329983296400574,21.0
-1.558893777173445,28.551094219974402,56.662163033301795,1.080426873243951,33.838961038961045,22.674025974025977,4.573885218790661,15.0
-4.297492359948534,23.46469287078667,59.51659911752529,1.0948103623161416,42.070253164556966,27.28860759493671,3.7703086030158577,19.0
-2.943897016858215,29.73045349514161,62.41519110805311,1.064899019008592,31.01180124223602,27.43167701863354,7.260225548473824,10.0
-3.9619059539633685,29.797343347738597,56.41539363674307,1.0188460433314541,30.94105960264901,21.473509933774835,6.838441692811249,10.0
-1.5879703637707676,22.68276020453557,59.61679197577969,1.1526591818299243,31.01180124223602,27.43167701863354,3.2058882105491975,22.0
-4.160089485817608,20.409782222498905,64.30358335752737,0.9795706837075577,30.94105960264901,21.473509933774835,6.081742273666153,12.0
-3.289196992915226,27.05063284205379,62.59436743792341,0.8244411825946415,33.838961038961045,22.674025974025977,3.5542640030501005,20.0
-2.2863450454961813,24.50986502648344,56.39001215753614,1.137822550284864,30.94105960264901,21.473509933774835,2.937592435119794,24.0
-2.3863367159176643,21.007528439595763,59.67075256722114,1.0695925089266203,30.94105960264901,21.473509933774835,4.543038239381566,15.0
-3.2318140893182035,27.07522818978043,52.65606382873909,1.1397034505998587,33.838961038961045,22.674025974025977,3.7882467949265073,18.0
-3.460427496141845,20.31174909111921,58.40783277342635,0.8554189769778777,42.070253164556966,27.28860759493671,4.677775905162498,15.0
-3.307162864341388,28.701966904922422,64.71992436707664,0.8123011762038865,33.838961038961045,22.674025974025977,4.691389727876392,15.0
-3.7071712105240824,21.386525291133037,57.774726728037834,1.1737498161530004,42.928205128205136,29.330128205128204,5.178584372250726,14.0
-3.8840011838796005,21.27311878746725,63.91457448785221,0.8590913223402298,33.838961038961045,22.674025974025977,4.430560018730958,16.0
-3.05088090732333,21.756722979685847,56.11002380754891,1.1238609328281808,42.928205128205136,29.330128205128204,4.449741023959651,16.0
-3.694398731797178,29.602663584920666,64.98267240776947,1.1292839768722542,33.838961038961045,22.674025974025977,8.472262843981268,8.0
-3.6376150053082497,26.93169360253846,58.688300528413365,1.0834820802196012,30.94105960264901,21.473509933774835,3.922728095745059,18.0
-2.5297318095763286,28.013715354636368,50.63403491353902,0.8525048844371484,42.070253164556966,27.28860759493671,3.3552390246834127,21.0
-1.5943880049003232,23.97634985732753,58.80132195037082,1.066959449824323,42.070253164556966,27.28860759493671,2.6990821242878877,26.0
-2.689088398321875,23.363127275049557,54.11859043519395,1.1556346333307461,42.928205128205136,29.330128205128204,2.9573417425692923,24.0
-4.269061598805101,22.3448400678317,50.48721983053842,0.9702126579203533,30.94105960264901,21.473509933774835,3.1261283005906093,22.0
-4.273249158437799,24.80648028312409,62.31279957041995,0.9654067417514396,31.01180124223602,27.43167701863354,3.019477838450816,23.0
-1.645730337463302,25.518287335341686,54.13594455471134,0.9771433238317676,33.838961038961045,22.674025974025977,2.220617557563047,32.0
-3.608127629077999,26.317748436527552,61.94822831069747,0.8329087562704827,30.94105960264901,21.473509933774835,2.900501419339669,24.0
-4.2237990417525735,22.571185039986943,54.32326374433801,1.1568102276119894,42.928205128205136,29.330128205128204,3.988654274715821,18.0
-2.7028662385488555,29.486540809029904,52.914895308106615,1.1476731455922042,42.070253164556966,27.28860759493671,6.4697656248259,11.0
-2.629053665129202,21.69758498207136,64.60903361156642,1.1991637287161145,33.838961038961045,22.674025974025977,4.887270887921919,14.0
-2.5544855396439354,29.656531747664125,55.424679916325296,1.0340732565993653,33.838961038961045,22.674025974025977,5.8292978788899426,12.0
-3.697793916427376,20.14856122507504,59.02064317164741,1.1004766545805542,33.838961038961045,22.674025974025977,6.439754491071824,11.0
-4.454667947356575,24.811256918168457,59.14972239221707,0.8810687625229219,42.070253164556966,27.28860759493671,2.779042279347268,25.0
-1.6049538916365842,23.333678381165626,58.407102232602526,1.0670115272896679,42.928205128205136,29.330128205128204,2.7690025856752247,25.0
-3.7473208629266925,24.491234139302506,63.72043615281822,1.0598931395029563,42.070253164556966,27.28860759493671,3.4754173090226113,20.0
-2.4719211358423574,25.70664578980789,60.11661607050303,1.1604834943366449,42.928205128205136,29.330128205128204,3.4861856214648546,20.0
-2.380110390363871,24.35589158012709,56.05599506157395,1.1323170891356296,30.94105960264901,21.473509933774835,2.924157650059992,24.0
-2.669977748761543,24.14846850301595,62.93570576786411,1.1753865850471052,42.928205128205136,29.330128205128204,3.567473834077507,20.0
-3.5612778173590556,27.327234154133066,52.71594348673946,1.147533389080643,42.928205128205136,29.330128205128204,4.405624415961487,16.0
-3.6867112387078027,26.858762750864646,58.16355136415626,1.1474775579595407,33.838961038961045,22.674025974025977,4.265772168781521,16.0
-2.7069951518918907,28.33271282035848,64.25825557915634,0.8254893306754874,42.070253164556966,27.28860759493671,4.396450720985149,16.0
-1.9017130991649256,22.499589812394955,59.38096444820619,1.1383847810783823,42.928205128205136,29.330128205128204,3.6244537299351505,19.0
-1.6597988132298132,26.095285097540636,62.254526757123145,1.0429913578012473,30.94105960264901,21.473509933774835,2.7952345720137317,25.0
-4.182282586788727,25.85194785392854,59.80341088317789,0.9521777807063845,33.838961038961045,22.674025974025977,3.188208831583383,22.0
-4.035514162206841,23.697378108726888,62.59056295306836,0.822605849755225,30.94105960264901,21.473509933774835,2.793603485595098,25.0
-1.665791223650761,24.86057541902681,64.16731819767865,1.0710695099072187,30.94105960264901,21.473509933774835,3.220319989623398,22.0
-2.2903943149956225,23.137821433057287,54.09382591299105,0.9312807002150469,42.070253164556966,27.28860759493671,2.3990247903012216,29.0
-1.851018525510681,21.41844397616985,52.54491621885078,0.9871105059944139,31.01180124223602,27.43167701863354,3.225508978509925,22.0
-3.8921020975939706,22.13801210662733,57.259861254988095,1.0726913748220537,42.928205128205136,29.330128205128204,4.0884876904163985,17.0
-2.7372423866717943,21.055136464012012,60.52793640236324,1.1647098188096572,31.01180124223602,27.43167701863354,5.27931177896804,13.0
-2.3965812167475793,26.830695751901242,53.407868797733244,1.1301747662419994,42.928205128205136,29.330128205128204,3.4263210942580997,20.0
-2.459664343659082,26.607273931091516,50.06152175645251,0.98023885164144,31.01180124223602,27.43167701863354,2.7047000531832013,26.0
-3.2755449273999058,29.506063715798728,55.14402673755058,0.9551132629785516,30.94105960264901,21.473509933774835,5.474937996400444,13.0
-4.453815324926074,27.29678413647241,64.53289003201682,0.895911895537619,30.94105960264901,21.473509933774835,4.15512613534531,17.0
-2.7512218295872106,20.520458387561316,60.4245119090877,0.9489707004703873,33.838961038961045,22.674025974025977,4.709395405300649,15.0
-3.7406953824611735,28.842451739289544,56.01988165911836,0.8444185549167593,31.01180124223602,27.43167701863354,4.629646517531857,15.0
-3.149237261571329,28.62675162945726,52.88864146020261,1.1884422033459017,31.01180124223602,27.43167701863354,5.3425049355986705,13.0
-1.6272569547485478,24.433203207726987,55.34134510632121,1.0295669775838316,42.070253164556966,27.28860759493671,2.514289591491466,28.0
-3.3028940470726957,25.858630505279216,52.54759149951872,0.8511223371180852,42.928205128205136,29.330128205128204,2.457355427439867,28.0
-1.9805951800067199,29.76078332472519,51.59458731969427,0.9411224037063624,42.070253164556966,27.28860759493671,5.1726222168579845,14.0
-3.934378182752247,25.323043638481664,63.601135588588306,1.0188156574482623,33.838961038961045,22.674025974025977,3.4918333871632674,20.0
-2.4826185059249135,29.0532182837609,64.9647550756321,1.013154254656348,42.070253164556966,27.28860759493671,6.115883856589255,11.0
-1.5689791366831694,20.830387578101863,52.461716593936856,0.814201347487453,30.94105960264901,21.473509933774835,2.9732904359607146,24.0
-4.1943206973811895,21.910518687086828,50.8178383831742,1.1803364136916445,31.01180124223602,27.43167701863354,4.030558265984896,17.0
-4.475040173318424,24.407549434413177,54.945966607193185,0.9101502725899778,31.01180124223602,27.43167701863354,2.719312321271981,26.0
-3.1992516221021567,25.847568083373048,56.92488771142123,0.8064738675727565,31.01180124223602,27.43167701863354,2.388754744667996,29.0
-4.2221235508458985,28.162278518628,53.072318706137814,0.830577603580113,30.94105960264901,21.473509933774835,3.744201116338166,19.0
-2.254846950971306,29.88262115143187,54.52137367697838,1.0320779612991908,42.928205128205136,29.330128205128204,6.251587563556736,11.0
-1.7563540084543234,23.888514964741162,53.01306103537487,0.8551142082700388,30.94105960264901,21.473509933774835,1.9857869025700217,35.0
-3.1979370818737234,20.474156361400848,61.61390852648677,0.8166899171414014,30.94105960264901,21.473509933774835,4.408734156028945,16.0
-3.723865073533677,28.011715032953248,60.68866914870891,0.9518505865650846,33.838961038961045,22.674025974025977,4.600503154540543,15.0
-3.1967900429801706,26.043807190828083,59.52427273641473,1.0491044769360753,31.01180124223602,27.43167701863354,3.1731414938712814,22.0
-2.329656546449997,21.985428588682016,55.808267856188074,0.844735921936645,33.838961038961045,22.674025974025977,2.8088366450089994,25.0
-4.472837515258887,24.948284566214202,63.63561411971354,0.9253311328605263,30.94105960264901,21.473509933774835,2.955942004542067,24.0
-2.7316380315459083,27.423102455337244,64.5429881230253,0.9671042686498169,30.94105960264901,21.473509933774835,3.8906612245004815,18.0
-2.660124945337863,27.70411787068644,52.60458968938118,0.8637840391147069,33.838961038961045,22.674025974025977,3.022296700941445,23.0
-2.5869352593121935,24.99618411998762,53.34518962117817,1.002429559386684,42.928205128205136,29.330128205128204,2.514316515407711,28.0
-3.7739337600573686,23.05214530128859,57.88446542000555,0.8340856347607084,42.070253164556966,27.28860759493671,2.6432360293510144,26.0
-2.35784182986562,29.737425820384935,51.36875853923368,0.8186073985380276,30.94105960264901,21.473509933774835,4.157688470265327,17.0
-4.225825541004671,26.63362610956493,56.54672598234669,1.007934146862054,42.070253164556966,27.28860759493671,3.663034747903389,19.0
-3.9021889905995977,24.082375193462987,58.72686897166565,0.8991587891003503,42.070253164556966,27.28860759493671,2.866144621507743,24.0
-1.8675898600365541,22.804632242046523,57.83110356706,0.8381495231592111,42.928205128205136,29.330128205128204,2.320450197154771,30.0
-2.283830547820301,27.311029830035622,54.96362874617039,0.9695650349950529,31.01180124223602,27.43167701863354,3.189123312519018,22.0
-4.458763337965964,22.421834455937677,58.1366870911581,1.1660562958069578,33.838961038961045,22.674025974025977,4.549409492448355,15.0
-3.7548712188905995,21.717099889736883,64.38201431388272,1.089676978661662,30.94105960264901,21.473509933774835,4.788190372904602,15.0
-3.856780551020506,25.2983388896207,53.090261064370644,1.126246366138811,42.928205128205136,29.330128205128204,3.2809415406920905,21.0
-3.6875810158890823,22.89987392644142,59.82247037591006,1.1487655955034546,31.01180124223602,27.43167701863354,3.703629818487177,19.0
-3.757320689160341,26.28905144923615,50.65095041234078,1.1890510965585674,31.01180124223602,27.43167701863354,3.65910475685976,19.0
-4.312421112771463,21.179386748742335,50.99624606722153,1.1052986294056693,30.94105960264901,21.473509933774835,4.44833333883383,16.0
-3.123178450209539,26.549411045673217,58.277423363353776,1.0433631687757918,33.838961038961045,22.674025974025977,3.463490280429838,20.0
-2.3017995756415046,22.83296527997702,51.57408770491924,0.9461703521208988,42.070253164556966,27.28860759493671,2.6780172119848693,26.0
-2.6798048258476905,20.002429344345128,50.33520182640286,0.8726572946230865,42.928205128205136,29.330128205128204,4.188249397590531,17.0
-2.4813849942057606,21.269360576741764,52.572694964720334,1.0746639495933177,42.070253164556966,27.28860759493671,4.00950817970587,17.0
-4.256552464391283,29.33615377835094,58.472737564993615,1.1979799944487768,42.928205128205136,29.330128205128204,8.227323422088359,9.0
-1.6455278694696385,28.67354639115358,60.55011431778399,0.9869434738475676,31.01180124223602,27.43167701863354,4.532777790353298,15.0
-1.9845244984709254,22.336090320362366,53.0371784621207,1.089471747237123,42.928205128205136,29.330128205128204,3.2210098248522616,22.0
-2.0847290445130118,27.783719045454912,60.023891558122614,0.9980369799972625,30.94105960264901,21.473509933774835,3.977474022583999,18.0
-2.0310485848746973,26.085715931739742,52.737144966488444,0.9727733693453906,42.070253164556966,27.28860759493671,2.515212795982303,28.0
-1.701868475601716,29.709047114498695,59.201861399468854,0.9641222454239661,42.070253164556966,27.28860759493671,5.743925831313855,12.0
-2.867238101658907,23.736056595340592,56.179395198436985,1.001849873172679,30.94105960264901,21.473509933774835,2.5852999273659885,27.0
-3.8991539463971225,26.814606125171714,59.80699264000425,0.94675826474615,31.01180124223602,27.43167701863354,3.4384438382950346,20.0
-2.6496491764423764,20.635357224239186,64.9257912871887,1.0995093287287232,31.01180124223602,27.43167701863354,5.430360192443242,13.0
-2.271355518996183,23.96247346816406,64.06725447848842,1.1497088106366067,31.01180124223602,27.43167701863354,3.2654680151383526,21.0
-2.2862478199379237,29.638176611881804,50.06422636754156,1.1531541226580737,33.838961038961045,22.674025974025977,5.983631489066567,12.0
-2.9356529274993597,25.389808744501206,63.281581465434584,0.8910794853703304,42.928205128205136,29.330128205128204,2.94192744250604,24.0
-4.2946238419992655,22.878795033348446,50.9973619276215,1.1583636554925962,42.070253164556966,27.28860759493671,3.3888375306123923,21.0
-3.3866611847096166,21.20270963128607,64.29569879239767,0.9366204927420421,42.070253164556966,27.28860759493671,4.662026949462264,15.0
-1.737700174609928,27.035283401815306,54.22738518649527,0.923723066194119,33.838961038961045,22.674025974025977,2.6523322228391013,26.0
-2.746653270727722,26.448560434297267,55.73052245616906,1.0907024229592943,42.928205128205136,29.330128205128204,3.4783591540560677,20.0
-2.8850041702328597,23.739387136037745,51.374573077635915,0.9218785360345157,42.928205128205136,29.330128205128204,2.320885682961299,30.0
-3.6934394568534197,29.50941351865834,51.684091374933644,0.8211865622438841,33.838961038961045,22.674025974025977,4.81619017687625,15.0
-3.394653240250263,20.222028129878503,60.901108478439795,0.9494471089241232,42.070253164556966,27.28860759493671,5.584563024339049,13.0
-1.8139617325404922,23.037238516318258,64.16498353622437,1.0885862401433395,42.070253164556966,27.28860759493671,3.1928963752535364,22.0
-2.5006108574194927,29.210694862995815,59.161227424314646,0.9307833681080706,31.01180124223602,27.43167701863354,5.0406552394565045,14.0
-2.137838919743001,23.209354383194402,60.737750232902165,1.0518236223980586,33.838961038961045,22.674025974025977,3.001925993202327,23.0
-3.1369637307970346,22.522528338551705,61.4295461689573,1.0640477777052522,31.01180124223602,27.43167701863354,3.664844537700203,19.0
-2.6092583416315263,25.342204099312475,53.942214118294125,1.0934944046905424,33.838961038961045,22.674025974025977,2.6256297836736184,27.0
-3.7548491737703773,28.238017499205377,50.678444463803224,1.1588521865243746,33.838961038961045,22.674025974025977,4.830348006530768,14.0
-2.3836175091495413,21.03146760878361,50.02809115878753,0.9730257997073726,42.070253164556966,27.28860759493671,3.6044267012413367,19.0
-3.217195998889988,29.430207096457362,55.25973924431028,0.8665728306649829,31.01180124223602,27.43167701863354,4.856881542933324,14.0
-3.172363455555763,27.95072881181164,53.621963422988244,0.9275702861727557,30.94105960264901,21.473509933774835,3.555427073656809,20.0
-2.552033026269355,21.81250255551552,50.93476587573778,0.9728669020695944,30.94105960264901,21.473509933774835,2.9512588287429122,24.0
-1.69115813559322,27.120079611981627,52.692924387405,1.0855565877312452,42.928205128205136,29.330128205128204,3.2857680333857213,21.0
-4.307980960174137,23.849587226375572,51.86748347401922,0.8052488502246534,30.94105960264901,21.473509933774835,2.1074654821708374,33.0
-2.025770287958977,24.022946780763185,63.72317570926056,0.9263141533759516,30.94105960264901,21.473509933774835,2.454979979123987,29.0
-3.6228506687634208,27.832900924388664,52.10400820188753,1.1119370324077267,30.94105960264901,21.473509933774835,4.39174276240657,16.0
-3.1682416364808663,29.627848079807322,58.06472695981519,1.068343081332278,31.01180124223602,27.43167701863354,6.663680903535801,11.0
-4.434260013674973,21.26655872847194,58.89658932668247,1.092695989434242,42.070253164556966,27.28860759493671,5.383220873835311,13.0
-3.596861766497061,24.206302368788194,58.15234186562951,1.124724307775678,42.070253164556966,27.28860759493671,3.3322240126206526,21.0
-2.9921062721096083,24.809416080843036,51.48584651323982,1.1132942875511849,42.070253164556966,27.28860759493671,2.824015679652778,25.0
-4.331471767957683,23.763118169549976,54.78197542625827,1.0728732664611111,42.070253164556966,27.28860759493671,3.373355549439247,21.0
-3.0267128118505044,23.63189123716225,50.769054986947296,0.9758646129482362,42.070253164556966,27.28860759493671,2.5973593733195286,27.0
-1.7186681134247181,20.522686675615965,55.93504871144474,1.1934393315512615,33.838961038961045,22.674025974025977,5.109397069160494,14.0
-4.183820345676584,26.855386205626232,52.82898396907388,1.0276292782360295,33.838961038961045,22.674025974025977,3.669731954810598,19.0
-2.206677815773487,24.362144171200455,58.42448799926569,0.8811076837475357,42.928205128205136,29.330128205128204,2.3732413524966898,29.0
-3.2709868398720223,21.947938026439267,60.39212590773651,0.9171251420419138,42.928205128205136,29.330128205128204,3.6372192703646293,19.0
-2.534478856426986,28.160335023020686,57.9817979030706,1.0774249823881878,42.070253164556966,27.28860759493671,4.843602398855312,14.0
-3.719290206044312,28.02560748151628,56.513550449170936,1.1698958260797854,31.01180124223602,27.43167701863354,5.1786125049237235,14.0
-4.021523212375925,24.863916280888937,55.81000131285039,0.8714880516823591,42.928205128205136,29.330128205128204,2.611171948038903,27.0
-4.018612157186321,22.984506611477606,62.62537652145505,0.8329385982983146,30.94105960264901,21.473509933774835,2.995434725027581,23.0
-4.288524163070566,26.380927257964522,53.29052097597905,1.1526124192168024,42.928205128205136,29.330128205128204,3.8643330476537705,18.0
-3.943059885296271,22.88152135777403,61.01327509293303,1.1661111915651337,30.94105960264901,21.473509933774835,4.020136388698848,17.0
-2.5073418450330953,22.36007930323712,61.36223487110178,0.9105517381263598,33.838961038961045,22.674025974025977,3.013636697504591,23.0
-1.854928164469476,27.305146540263266,56.28800010906102,0.9509142897484959,31.01180124223602,27.43167701863354,3.1258155846437106,22.0
-2.0576229432265145,20.403252397209506,54.45950898838459,1.0640751989991433,30.94105960264901,21.473509933774835,4.467077199144684,16.0
-2.4445970703765476,20.94768471034594,57.05812229068963,0.9319720083369899,33.838961038961045,22.674025974025977,3.795748204962274,18.0
-4.168704409766692,20.067881740235897,51.39820888839048,1.1508634833080211,33.838961038961045,22.674025974025977,5.987713379500893,12.0
-3.6324376611121503,21.52943186475426,50.68895048343635,0.8430314810855452,30.94105960264901,21.473509933774835,3.053173218580501,23.0
-3.570579374032593,20.689900087104593,51.67404799177838,0.8151928883840781,31.01180124223602,27.43167701863354,3.5182053170792744,20.0
-3.7501291608071363,29.958023677799186,52.80717547193339,0.8833944826971158,30.94105960264901,21.473509933774835,5.674567331924407,12.0
-2.9549830208708308,22.888099699540895,57.56265230507064,0.9144351112819876,42.928205128205136,29.330128205128204,2.9274603361732345,24.0
-2.893338555360982,21.492680126692473,62.737049542416834,0.84517063651555,42.070253164556966,27.28860759493671,3.679510677199925,19.0
-3.4293420744866694,22.409962579959178,53.5346349799953,0.8262761717362588,42.070253164556966,27.28860759493671,2.8396244093626297,25.0
-3.438632523790692,29.36125571540135,64.02743016120166,1.1022430854007192,33.838961038961045,22.674025974025977,7.3961776594364315,9.0
-2.014333206281756,25.201602230243957,64.32361863402505,0.865710626360903,42.928205128205136,29.330128205128204,2.536048685972404,28.0
-2.1321214550409433,23.64818096307857,64.38356907267809,1.1655688796265216,42.070253164556966,27.28860759493671,3.366393718264777,21.0
-3.576612504957763,28.733914579092193,62.56344102014486,0.9471998645792384,33.838961038961045,22.674025974025977,5.4979472804639204,13.0
-1.758634668380222,23.949902705490324,55.45737561196581,1.0682423238885381,30.94105960264901,21.473509933774835,2.311393966341109,30.0
-1.641554948992482,23.350085699576958,51.09025866503934,0.8901608459075201,42.070253164556966,27.28860759493671,2.1602027548122047,32.0
-3.5197723739098774,22.072825225497354,58.532280976497425,0.8961291073967468,42.070253164556966,27.28860759493671,3.538385471356921,20.0
-3.436725153620835,23.777968239094115,58.380221659058506,1.0298836811470302,30.94105960264901,21.473509933774835,3.0378826424093535,23.0
-2.9830975397341235,23.166843560169262,62.74963650664393,1.0242571700583945,42.928205128205136,29.330128205128204,3.4251758409442936,20.0
-1.6766375623989793,26.773039592981412,64.93986576419158,1.1074916912048325,42.070253164556966,27.28860759493671,3.8182838107602333,18.0
-1.8710417005730653,22.89582704670727,57.62235959840221,1.1031253222777064,42.070253164556966,27.28860759493671,3.075802070517341,23.0
-4.192296112249231,25.771997464225613,55.178060465596765,1.0682751058654645,31.01180124223602,27.43167701863354,3.4040874353609,21.0
-3.3218077701857514,20.658921650319726,52.788525673344004,0.9796522263573963,42.928205128205136,29.330128205128204,4.66766444346194,15.0
-2.8398864307506844,21.912891566965143,50.07199737226056,1.156256154512247,30.94105960264901,21.473509933774835,3.5337407246767665,20.0
-2.99060258234538,24.07405271611349,57.63670538733319,1.0490313960885196,42.928205128205136,29.330128205128204,2.9339263907038027,24.0
-3.918410796189322,29.369492539086956,58.33278000053893,1.1960793961849427,30.94105960264901,21.473509933774835,7.747265255292591,9.0
-1.923549686495536,23.772519857156954,62.37407719726096,1.1277479271737434,30.94105960264901,21.473509933774835,2.9551855967431857,24.0
-2.469177651009488,26.64074121199834,57.56865451839201,0.8177239244953305,42.928205128205136,29.330128205128204,2.725790761446502,26.0
-1.9862748754445891,22.550872224213983,63.74702522999085,0.9282375628321271,30.94105960264901,21.473509933774835,3.102550721160354,23.0
-1.9237071619515835,21.27033575973232,59.42125214857153,1.0287502865883806,42.928205128205136,29.330128205128204,4.045125309635598,17.0
-2.254932439002781,20.5853660008005,62.60504357331625,1.0885878151485948,42.928205128205136,29.330128205128204,5.595922008325565,13.0
-3.182368196250848,23.054134985427513,52.22452602211621,1.0201345991047766,42.070253164556966,27.28860759493671,2.9677953035990625,24.0
-2.6683597349537265,21.57661026796908,62.83004195453472,1.1144521689848728,30.94105960264901,21.473509933774835,4.481800604379393,16.0
-4.018903781640771,21.740104480161243,60.12715781665773,0.9130622611029379,30.94105960264901,21.473509933774835,3.7146762691611963,19.0
-2.479063747575277,27.6075930838695,52.55349548657496,0.8735648204931301,42.928205128205136,29.330128205128204,3.110466579261277,23.0
-3.9622402327821575,20.158380709448743,52.84645337219016,0.8215666735159081,31.01180124223602,27.43167701863354,4.254303340119343,16.0
-2.4181512284695295,25.578101257354344,63.89750928566332,1.0293254978286088,33.838961038961045,22.674025974025977,2.955341512262148,24.0
-3.811205517738094,23.79461380593465,50.483230406755595,1.0754398082701981,31.01180124223602,27.43167701863354,2.7670351829610764,25.0
-4.14734609954934,25.06549999908547,56.93802414943559,0.9304598868477446,42.070253164556966,27.28860759493671,2.9414484134619503,24.0
-4.004146529571128,25.62830237214603,54.70212934901152,1.0454336739423506,31.01180124223602,27.43167701863354,3.1563033073618882,22.0
-4.4940235943427895,23.133676944572784,59.97616159997642,0.8208628923413317,42.070253164556966,27.28860759493671,2.8267622859001493,25.0
-2.3437811464394094,22.95108860184285,62.59444081353488,0.8397173385187215,42.928205128205136,29.330128205128204,2.8500281289675664,25.0
-2.3027968528248626,27.334018493349056,55.40567182334854,1.0807019089033993,30.94105960264901,21.473509933774835,3.812995215463443,18.0
-2.9551999502602215,28.71276988121157,56.403531309842556,0.9472278820869195,33.838961038961045,22.674025974025977,4.750116413191476,15.0
-4.015911596833849,21.925816324585277,64.72876676752121,1.0685336124412022,42.928205128205136,29.330128205128204,4.804075931242956,15.0
-4.249336987467931,20.97618760535149,61.75874764518804,1.1326884481119672,42.070253164556966,27.28860759493671,6.098488535229769,11.0
-4.442613100688139,28.97795806392026,63.458061963976874,1.1410489749904467,42.070253164556966,27.28860759493671,7.955334277044609,9.0
-4.002755469104338,23.498954636473986,56.58143330977445,0.8688670581857805,42.070253164556966,27.28860759493671,2.764679945090746,25.0
-1.82743339505056,25.51317390662814,53.51114305976173,0.9945142289405386,31.01180124223602,27.43167701863354,2.3251307934679843,30.0
-3.7753894748949546,23.595431445200035,56.17795198079678,1.0935706894529946,42.070253164556966,27.28860759493671,3.3575619296450974,21.0
-3.437186018348353,21.258023363460513,60.7413787674727,1.1095922385067643,31.01180124223602,27.43167701863354,4.925158310400276,14.0
-4.183963546556001,25.893316449477283,51.64145607253969,1.113870392291551,42.928205128205136,29.330128205128204,3.4351753959164433,20.0
-3.832916085755489,25.251408517696298,54.05703658424763,0.8912669337522338,30.94105960264901,21.473509933774835,2.409307061921036,29.0
-2.9423262876593848,22.029935591911972,50.69953850692386,0.8770139270895094,42.070253164556966,27.28860759493671,2.7823934009279463,25.0
-2.6767419507130423,24.51869044652278,56.485216075071975,1.0360049873094783,42.070253164556966,27.28860759493671,2.7165427605219103,26.0
-3.7639430575013666,27.96947504015646,62.4116860396942,1.0964343190952879,33.838961038961045,22.674025974025977,5.672238599582055,12.0
-4.326803522324648,25.904261031078914,50.36995532447016,0.9276558062136773,30.94105960264901,21.473509933774835,2.7925381739295254,25.0
-3.326901392617804,20.96917327066995,60.12985290210749,0.8418820627449687,31.01180124223602,27.43167701863354,3.9627918112329725,18.0
-3.7973898872209975,25.48021497229135,63.98743811770609,1.086698553164031,30.94105960264901,21.473509933774835,3.7341164835579335,19.0
-3.841338230310594,27.02738299289587,53.553917922667736,0.9198791325520018,31.01180124223602,27.43167701863354,3.3046758293074467,21.0
-1.620411591859634,27.927034057807514,60.404522610914725,0.8665450897246888,33.838961038961045,22.674025974025977,3.4459260520155808,20.0
-2.6510985422228277,26.291175786342666,64.626528516503,0.8590894113588528,31.01180124223602,27.43167701863354,2.737673918645286,26.0
-2.829364670483712,21.526581645407838,64.43417090228695,0.9259638190106865,30.94105960264901,21.473509933774835,3.8911850974295796,18.0
-3.2526746894300342,27.101732665901608,53.52393789543715,1.0370712263654982,33.838961038961045,22.674025974025977,3.5261922198490105,20.0
-3.2131669997095673,26.773418460815165,51.50496579818103,0.9433608954775267,42.928205128205136,29.330128205128204,2.936627964734273,24.0
-2.8772849884857576,20.244268829406334,52.22423806843874,0.8082647406373726,31.01180124223602,27.43167701863354,3.5304627140440163,20.0
-2.4107105788916785,24.11747667590243,60.53053502723213,0.8387633738711244,30.94105960264901,21.473509933774835,2.2917670745895733,31.0
-2.393561711454512,23.329502469623733,60.886383131799136,0.9162012988794477,30.94105960264901,21.473509933774835,2.641939595815046,26.0
-3.9849182768836515,26.694120642536433,60.11354842442299,1.0638817928588367,31.01180124223602,27.43167701863354,3.8659151719755096,18.0
-2.999661743770119,22.161358123109206,55.041175816133574,0.8394060293874136,42.928205128205136,29.330128205128204,2.8067496512136847,25.0
-3.264125714897694,25.908719229742587,52.54665409637183,1.0242627414002727,30.94105960264901,21.473509933774835,2.913178347962034,24.0
-1.8884191011918476,29.132059618141724,58.7114163792838,0.8479543483296017,31.01180124223602,27.43167701863354,4.221991419842536,17.0
-2.6057432363448707,27.97802372208608,57.255206686368,0.8846461309397526,30.94105960264901,21.473509933774835,3.6450239236378943,19.0
-2.9024878007520547,29.214577362165304,60.93251220683455,0.8688754110223051,42.928205128205136,29.330128205128204,5.408925372858722,13.0
-4.153816073463248,29.7850596693269,56.62040118028432,0.8268914542283242,33.838961038961045,22.674025974025977,5.838981286673563,12.0
-2.6830863320297658,20.106701270061627,55.079595420297025,1.068531926954636,33.838961038961045,22.674025974025977,5.18707069594326,13.0
-4.148388282959299,26.227412763774776,54.40217866038522,0.9853614189544138,42.070253164556966,27.28860759493671,3.313856807564767,21.0
-3.488380273302744,24.128393977589063,53.172054800746196,1.1324213763589352,31.01180124223602,27.43167701863354,2.938950684225719,24.0
-4.071474105557004,28.59854490335122,53.98619564279992,0.8395563359929268,31.01180124223602,27.43167701863354,4.2377055226242,17.0
-2.4237790589268933,22.518147020091316,51.42245658266152,0.857893173335229,42.070253164556966,27.28860759493671,2.453253838620221,29.0
-3.881243658491542,29.81029489115076,55.20285516393334,0.9225830925401802,30.94105960264901,21.473509933774835,6.141632310047044,11.0
-3.324421880435922,26.13707969543747,50.54854718544437,1.1063463947755232,31.01180124223602,27.43167701863354,3.2338825661326935,22.0
-1.812975667143664,27.935374022288308,52.7962077074949,0.9223035292622795,42.070253164556966,27.28860759493671,3.642948691238425,19.0
-3.887050849803089,20.855995528227684,61.201556669291435,0.963367482999477,42.070253164556966,27.28860759493671,5.090374616166194,14.0
-2.9765848081236626,21.834578847588652,54.88203483014934,0.9206414265188658,42.070253164556966,27.28860759493671,3.1013195865670165,23.0
-3.242185016501934,27.58403673034203,60.02355525466016,0.832089716720412,31.01180124223602,27.43167701863354,3.5385174894925147,20.0
-4.445627876862811,20.219865220393235,60.75326263395916,1.1757734491584748,30.94105960264901,21.473509933774835,7.139043493105381,10.0
-2.1217256592815614,28.168779858937828,58.7177801409817,1.0194155968284755,33.838961038961045,22.674025974025977,4.442494950813881,16.0
-4.292862281056201,20.139490186919115,64.38046612048097,1.1151332752741987,31.01180124223602,27.43167701863354,7.23111951870625,10.0
-3.0772349370691394,26.571188390612733,50.3215979993467,1.0633428368741185,42.070253164556966,27.28860759493671,3.1969327798074243,22.0
-2.81796511518315,23.650939202318057,61.07978975882213,1.00570171162479,31.01180124223602,27.43167701863354,3.008669115138927,23.0
-2.614720630156239,26.11494852719199,64.38179965910612,0.8358713026637521,42.928205128205136,29.330128205128204,3.006248519015734,23.0
-2.4341051120763733,26.960314069891137,62.93407594029409,1.0570934181081217,30.94105960264901,21.473509933774835,3.6694701135239027,19.0
-3.7401828494318545,23.424752191863043,52.5183903770752,0.8621481423747329,42.070253164556966,27.28860759493671,2.404892623993966,29.0
-4.470063670024652,21.079624481108354,54.90230459377598,0.9657532677425107,42.070253164556966,27.28860759493671,4.612439251402904,15.0
-2.329669012935264,20.696458677482656,52.58677759814698,1.0516452573921722,31.01180124223602,27.43167701863354,4.15924206153383,17.0
-2.8930302019572642,25.889360225625477,59.01962545722056,1.1128916001888494,33.838961038961045,22.674025974025977,3.322591484437921,21.0
-1.9916468903782536,25.206553537341115,60.68281972969238,1.0740180702834479,31.01180124223602,27.43167701863354,2.8610240601131487,24.0
-2.035834911297917,27.422010091211327,54.75610654044587,1.0686134116218515,42.928205128205136,29.330128205128204,3.845724913769258,18.0
-1.9700214966363507,25.097355100039373,58.09259860976443,0.859616883670083,30.94105960264901,21.473509933774835,2.310982538883073,30.0
-3.0447160200613794,24.224457900308792,60.363808551067926,0.9384514160286351,31.01180124223602,27.43167701863354,2.6970698215995976,26.0
-3.499114812489403,23.980871782362307,56.32009724916573,0.8171649090640777,42.928205128205136,29.330128205128204,2.2981747622535433,30.0
-2.12532539222589,20.264469025976673,62.81023295683189,1.0877907572705858,42.070253164556966,27.28860759493671,5.826325691345868,12.0
-3.1461176609122354,23.355572016966573,61.57324902931725,1.1810343925269677,31.01180124223602,27.43167701863354,3.6201950875005164,19.0
-3.9496734107896962,29.760201575244942,50.96998315775856,0.9056441560716303,42.070253164556966,27.28860759493671,5.861146532079294,12.0
-1.9350779413155772,28.735555762270888,59.31687948636244,0.8350786836649238,42.070253164556966,27.28860759493671,4.197709363396971,17.0
-1.8523203696829582,23.293780670342176,53.52988326439625,0.9902280307014615,42.070253164556966,27.28860759493671,2.701799575165578,26.0
-3.1010707315794894,25.87795405066372,58.36277397000913,1.1426792892510276,30.94105960264901,21.473509933774835,3.358295204725324,21.0
-4.272900818070638,28.47296745535494,64.3533266394945,1.0207896781087118,42.070253164556966,27.28860759493671,6.406007414357764,11.0
-3.3365217302492063,24.41274336750069,63.18593006828375,0.8187108600760453,30.94105960264901,21.473509933774835,2.6971931891332317,26.0
-2.0893870216121897,20.17957863750151,56.067746046726974,1.1897088962111784,31.01180124223602,27.43167701863354,5.43152409819065,13.0
-1.7946779143613139,20.7451046181864,54.372707875165304,1.1314599639850402,33.838961038961045,22.674025974025977,4.416664551160867,16.0
-3.8895817725072126,25.103927213487065,53.516086166123884,0.8526376308206041,33.838961038961045,22.674025974025977,2.252286119983023,31.0
-4.299079163924185,29.694393756758785,57.9877230463478,1.1687191026014037,42.070253164556966,27.28860759493671,8.650594520112696,8.0
-1.867948640601484,26.932095422188677,51.713726798870844,0.9802753154420755,42.928205128205136,29.330128205128204,2.8222095111834773,25.0
-3.3317851830633742,20.709161914385696,58.23912512192373,0.9487591962299765,33.838961038961045,22.674025974025977,4.684976406505118,15.0
-2.87471710719731,21.893608757918628,50.02000459236188,0.9844213322108752,42.070253164556966,27.28860759493671,3.197250183788158,22.0
-1.5958025638477231,27.7132314321685,54.85774446118767,1.1338287827483788,30.94105960264901,21.473509933774835,3.7328897396309495,19.0
-4.300305816257332,28.41439759956245,53.29901470745872,1.0637918713147143,42.928205128205136,29.330128205128204,5.542652437028693,13.0
-2.5550459776437133,26.17694586188591,64.56828184941173,0.823699380959891,31.01180124223602,27.43167701863354,2.7140681632630983,26.0
-4.277683732275399,26.444231696298168,60.90863479354968,1.1830417484464684,30.94105960264901,21.473509933774835,4.494872650917566,16.0
-3.3735932146004988,20.283374503833848,55.24480070693357,0.8591136533913272,31.01180124223602,27.43167701863354,4.1648704960448395,17.0
-2.08855636441966,28.285302595815086,51.392676297959305,1.0982271806941404,42.070253164556966,27.28860759493671,4.387640731341204,16.0
-3.199583301733097,27.882752081708297,57.75200892035936,1.0544546121712524,31.01180124223602,27.43167701863354,4.580428788179976,15.0
-1.508452938291149,22.590351441033473,53.20171821989064,0.8750112191786243,30.94105960264901,21.473509933774835,2.1715037256903513,32.0
-2.8228221451601936,27.08676719965507,58.046443188475365,0.8682928304452199,33.838961038961045,22.674025974025977,2.979048847665506,23.0
-3.5365135420921394,22.14854606424998,62.53043531268339,1.1481310374818767,42.928205128205136,29.330128205128204,4.693226062607668,15.0
-3.8396660222857406,20.40330161051513,59.23688828152078,0.9678779693998388,42.070253164556966,27.28860759493671,5.641583037012553,12.0
-3.4484383971415147,22.011365425903772,59.50682629317503,1.0618306056696554,42.070253164556966,27.28860759493671,4.306349257648454,16.0
-3.3824001787213476,21.786288767542995,58.115454335942175,1.0016284015426693,30.94105960264901,21.473509933774835,3.7604024923104205,19.0
-4.293858966828117,23.37747996734847,63.90898448947114,1.0909414068303838,33.838961038961045,22.674025974025977,3.737286938831071,19.0
-3.3912774017196803,24.18449497175458,63.978540266309054,0.9916969500157322,42.928205128205136,29.330128205128204,3.1858311391070107,22.0
-3.1072844407823252,25.08538891497708,57.69084801610328,0.9149519661022274,31.01180124223602,27.43167701863354,2.4584858831641054,28.0
-2.331786743283586,24.76753875508328,54.586392307152565,0.9453533483985985,42.928205128205136,29.330128205128204,2.4335192557239633,29.0
-2.529811545835176,22.706746059652893,56.893805088191655,1.143631077780137,31.01180124223602,27.43167701863354,3.338564077403207,21.0
-2.373703034312537,20.291706685740746,52.79836868293424,0.9872138771690908,31.01180124223602,27.43167701863354,4.220871021072933,17.0
-4.474908954369429,26.05101622237151,59.545164729771344,0.8853797328978438,31.01180124223602,27.43167701863354,3.1911980686705035,22.0
-3.846997801258392,23.957448298473544,57.501385036733495,1.1738421552309013,31.01180124223602,27.43167701863354,3.4137875883179003,21.0
-2.5149471348004306,22.986721573875496,51.549507167199195,1.1186401825993508,42.928205128205136,29.330128205128204,3.0582189147662477,23.0
-3.048031895460759,28.669410428305124,52.96471671679423,0.8222664584224797,30.94105960264901,21.473509933774835,3.6054972136993437,19.0
-4.484059572994962,27.467433077981596,57.1944793429929,1.199577184792207,30.94105960264901,21.473509933774835,4.913886983769987,14.0
-2.086516072704533,28.57765548372442,63.313834860782876,1.0779706785760408,33.838961038961045,22.674025974025977,5.250735834496068,13.0
-2.181571280128988,24.94982794712461,58.495860809466464,0.8641066396162348,42.070253164556966,27.28860759493671,2.2651242453941216,31.0
-2.854742511019312,21.309312521267774,60.22302500312706,0.8948670725194386,42.070253164556966,27.28860759493671,3.974191929954731,18.0
-4.300610022671184,26.962214361212723,55.08542824615864,1.0769781924966186,33.838961038961045,22.674025974025977,3.8001624304278923,18.0
-2.200454851402246,22.06073779937175,58.57117089566351,1.1119044221116487,42.928205128205136,29.330128205128204,4.009847549453346,17.0
-2.748859236805908,24.412296690917167,56.71069733957101,0.8956143772599224,31.01180124223602,27.43167701863354,2.314861084368104,30.0
-2.1541200685261224,20.650007889488887,59.886948689347406,0.9027875415597083,42.070253164556966,27.28860759493671,4.389802144608892,16.0
-2.2447590228124787,28.253084024229825,50.75863349118516,0.9228482779488243,33.838961038961045,22.674025974025977,3.408402358061135,21.0
-2.0909937841264887,21.259406410475005,57.39950324358439,1.0392073459346547,42.928205128205136,29.330128205128204,4.153378166719843,17.0
-2.9459758007861256,29.0309750704931,54.4398893771595,0.8687264713205108,31.01180124223602,27.43167701863354,4.418619549964256,16.0
-4.079026445419455,28.64230602261557,54.89277591916864,0.841697279553911,30.94105960264901,21.473509933774835,4.421345019162059,16.0
-2.486527579860934,24.64582764439246,64.41376147337093,1.0715456356342055,31.01180124223602,27.43167701863354,3.0284686370948863,23.0
-2.638578644844088,27.443682043039907,52.74042219067074,1.1116391759172681,42.928205128205136,29.330128205128204,4.033221164151769,17.0
-2.2732404384027385,26.194450738181533,54.66867878867895,1.0003717617666021,42.070253164556966,27.28860759493671,2.9679045930139734,24.0
-3.990356981847794,28.030756423377447,57.64838863596307,0.9455330841073541,42.928205128205136,29.330128205128204,4.641446203735837,15.0
-3.9150744002991322,24.31805100785912,62.945404222244356,0.9728170854105905,31.01180124223602,27.43167701863354,3.0855842217671006,23.0
-1.8287714483420148,27.8580848424435,56.25005124809556,0.9553631335487808,42.070253164556966,27.28860759493671,3.4928529054817123,20.0
-2.250066604643788,24.62456817065148,61.15797921332256,1.18399396329507,42.070253164556966,27.28860759493671,3.374404770612136,21.0
-1.7753145338990315,29.409657878427936,62.845611473222036,1.107235962087656,42.928205128205136,29.330128205128204,6.910198940161574,10.0
-2.223854036508238,24.863721008251474,54.65024533732773,0.8832348859400442,31.01180124223602,27.43167701863354,1.9703151854909655,36.0
-2.7085340820290944,24.626192719337297,55.89125275308065,0.953675660821592,42.928205128205136,29.330128205128204,2.5371187182522448,28.0
-2.537601788916379,27.850718615635127,55.34834335532534,1.0176049165452439,42.928205128205136,29.330128205128204,4.221628493704762,17.0
-1.8326162281799703,28.21577691760838,62.492837129268814,1.0451943448254752,33.838961038961045,22.674025974025977,4.653981742275495,15.0
-2.7635797364641785,25.544891143211707,50.665202929304016,0.9872735584115069,31.01180124223602,27.43167701863354,2.405194933034157,29.0
-2.602826027014838,21.797978134950753,54.6263163324302,1.1240506540047837,33.838961038961045,22.674025974025977,3.754799767635337,19.0
-4.030569851989198,24.677582309575797,60.19112836392695,1.1070424077832928,30.94105960264901,21.473509933774835,3.318045325779959,21.0
-3.078236339651692,29.680725029096784,58.48165249348014,1.0020631674512668,33.838961038961045,22.674025974025977,6.4696209725743214,11.0
-2.350808664125703,27.529861930391853,56.54434038940541,1.1417717547126922,30.94105960264901,21.473509933774835,4.111741753795555,17.0
-3.6871719050509038,28.11162603879132,58.09922340832077,1.1004358121769544,31.01180124223602,27.43167701863354,5.057329270474866,14.0
-3.893237458426395,20.328254988192402,52.963768787424776,1.1114327394882573,42.070253164556966,27.28860759493671,5.780195893023045,12.0
-3.5585195753267533,24.6785946263416,56.46074932412016,1.1825603117733667,30.94105960264901,21.473509933774835,3.3976716416825696,21.0
-3.7754981160214998,26.466211336575554,57.52554476264524,0.9065867764836811,42.070253164556966,27.28860759493671,3.198261115513185,22.0
-3.8552620888908127,28.300326836280746,63.51783682931902,0.9070592649467397,31.01180124223602,27.43167701863354,4.804599580704185,15.0
-3.2254474713957393,20.492736535827714,53.91252744205965,1.155580902276256,42.928205128205136,29.330128205128204,5.593481203120725,13.0
-1.7764844583493975,28.52438885641873,63.01742753247399,1.1088905493542718,42.070253164556966,27.28860759493671,5.4408118098670055,13.0
-2.9788210597838454,25.484009367419116,59.663621012389726,1.170618216574251,33.838961038961045,22.674025974025977,3.2928340661637896,21.0
-3.936238857554031,21.973139705760598,50.305112466014016,0.8252520641297812,30.94105960264901,21.473509933774835,2.751163683009627,25.0
-4.269084991857378,23.172552164497,60.8694700534909,1.0511028309046386,33.838961038961045,22.674025974025977,3.5530107501310697,20.0
-2.411531564586224,22.819295517515606,50.53327816323583,0.8578513352493791,42.070253164556966,27.28860759493671,2.2271376470369497,31.0
-3.3516037066908364,25.308590342884756,64.9607169022072,1.0015588793170331,30.94105960264901,21.473509933774835,3.2155157383061357,22.0
-2.034507160243922,20.516856799111316,63.089550315367966,0.8622987727413778,31.01180124223602,27.43167701863354,3.9783657660174487,18.0
-2.5214676940776894,21.585361584999234,54.46015621310069,0.8512314035939518,42.070253164556966,27.28860759493671,2.913408343890381,24.0
-2.1112756483758943,28.126930433757824,53.86116845295058,0.8048673381528133,30.94105960264901,21.473509933774835,3.1317343120088905,22.0
-3.6841618817446538,21.32603990746811,55.721616231584136,1.0520955249531618,30.94105960264901,21.473509933774835,4.12344649972698,17.0
-2.4229232326168257,22.33396269458127,55.342504479716645,0.9436090466760344,42.070253164556966,27.28860759493671,2.8892333283520135,24.0
-3.707814045918844,24.533706056041574,55.585067275780716,0.8420753139515887,31.01180124223602,27.43167701863354,2.1173450583202538,33.0
-1.6827945616491253,25.171208881133303,54.77414819179221,0.9291351110925239,30.94105960264901,21.473509933774835,2.0809692917161042,34.0
-2.590877155399877,27.636104796141588,59.31700110272497,0.867577636580634,42.928205128205136,29.330128205128204,3.668698147193475,19.0
-3.526464599473974,24.473324266661876,52.463954955809356,1.1766779326006638,42.928205128205136,29.330128205128204,3.173040041888062,22.0
-3.691464413123182,27.898646210355388,62.6897193866902,0.9280019543045392,33.838961038961045,22.674025974025977,4.800592089150063,15.0
-3.9272202447850697,26.183463070454575,62.18603726046973,0.933581409315756,42.928205128205136,29.330128205128204,3.6164943916096126,19.0
-2.4160771233188165,21.130997394238225,57.14724811782906,1.1359432013598343,42.070253164556966,27.28860759493671,4.61815761647374,15.0
-3.8438531610062183,21.563314383928386,62.79094947917822,1.0591023045144017,42.928205128205136,29.330128205128204,4.883531593110361,14.0
-2.714090202217533,24.37033725449771,53.7071760504544,1.0840686429612005,30.94105960264901,21.473509933774835,2.8968020096914997,24.0
-3.706094919223928,23.968893930890395,50.2634818355595,1.0544007215955842,33.838961038961045,22.674025974025977,2.7807076723309287,25.0
-2.5140931656183945,27.435442696372945,59.288118875447346,1.1784785135794262,30.94105960264901,21.473509933774835,4.484089067603712,16.0
-2.0551808143783825,25.80737139797352,56.86864110447073,0.8828003326232181,42.928205128205136,29.330128205128204,2.4569907362302197,28.0
-2.1659242705660406,23.881330810022494,58.50746819443806,1.1956156967023182,42.070253164556966,27.28860759493671,3.252458021864249,22.0
-2.2174460072076547,21.707602834503856,63.490091135276046,1.1323824710226051,31.01180124223602,27.43167701863354,4.157231316544245,17.0
-3.936832782923244,22.26837102325495,64.54888360348914,1.0355890355505368,42.928205128205136,29.330128205128204,4.437660970079061,16.0
-4.2348451590464435,25.75501018469059,59.516797096334045,1.0649486497584997,33.838961038961045,22.674025974025977,3.556898797099053,20.0
-2.403153514537843,24.234388048997925,61.460833847786574,1.0595303506002456,31.01180124223602,27.43167701863354,2.7740595538939887,25.0
-3.394958358616946,25.14927508860672,51.257126502307464,0.8233584896236616,33.838961038961045,22.674025974025977,2.035839074603427,34.0
-3.2029613207899583,21.706774353022336,52.410733773372584,0.8872065994127755,30.94105960264901,21.473509933774835,3.1916130314435085,22.0
-4.406552721619827,26.629062523445658,60.99807207429465,1.1845883538098996,31.01180124223602,27.43167701863354,4.586492985045813,15.0
-3.7212706521748524,28.52538740855967,56.47048184582003,1.0137457715437517,30.94105960264901,21.473509933774835,5.296780769965966,13.0
-4.398970788376608,22.579395067869005,56.689479056066084,0.9513414413047648,42.928205128205136,29.330128205128204,3.3348142632603337,21.0
-1.862442682196257,24.915142258318266,54.629115224531546,1.10481538535563,31.01180124223602,27.43167701863354,2.4838142728895445,28.0
-3.7698099503444085,29.75527329020902,59.110345752166154,1.0098075770623238,30.94105960264901,21.473509933774835,6.85302639098626,10.0
-2.827988491280976,23.332417405507275,52.77747568124304,0.8052651085727591,33.838961038961045,22.674025974025977,1.975557418891337,35.0
-4.383062038016609,25.95046344923761,59.40374418970843,1.094495038686047,30.94105960264901,21.473509933774835,3.6375244162256894,19.0
-2.4994578260830256,20.901957002002444,52.6069828570286,1.0928870240211446,42.070253164556966,27.28860759493671,4.449994248186709,16.0
-3.5309179627377185,26.06015002479443,50.9573905206457,0.8660594848439898,30.94105960264901,21.473509933774835,2.420165851584049,29.0
-1.8062424391270024,20.89631773304618,54.95536533048592,1.1826640353696853,42.070253164556966,27.28860759493671,4.617918754896847,15.0
-1.8356454331978926,29.59235435323822,53.467105130147715,0.8895632526164458,42.928205128205136,29.330128205128204,4.585063798454855,15.0
-3.524128144914757,27.156626520723115,63.33487457834499,0.9830997469528797,30.94105960264901,21.473509933774835,4.218319254789047,17.0
-1.7971173129285964,27.881597881357063,50.8243018080294,0.8458943845043659,31.01180124223602,27.43167701863354,2.768736539008911,25.0
-1.5115269795036634,27.041043607716368,52.64920538861184,1.0413129277802353,31.01180124223602,27.43167701863354,2.80737005657282,25.0
-2.023753007628156,25.897290360764657,58.23079408374574,0.950180448022885,30.94105960264901,21.473509933774835,2.5959988560178444,27.0
-1.965385956734313,24.499127810855054,57.216007862712104,0.9412693848838822,42.070253164556966,27.28860759493671,2.410987199405448,29.0
-3.7529737916727304,28.583733797610623,50.687780275620526,1.1307907508883788,30.94105960264901,21.473509933774835,5.143659061633206,14.0
-2.769892803426731,29.56835667543063,50.10878642022717,0.8038246851401913,31.01180124223602,27.43167701863354,4.183748389820477,17.0
-4.298232258097896,24.990361729040814,64.82101912941725,1.1191787083569689,30.94105960264901,21.473509933774835,3.6606904491291505,19.0
-4.215246189534991,29.31535049155262,59.88252050538257,1.0285794262992314,31.01180124223602,27.43167701863354,6.874964145070165,10.0
-1.503322163900128,25.833329099885177,55.481091963523355,1.1944394053920795,42.928205128205136,29.330128205128204,2.974285299609434,24.0
-3.5200822517222674,25.383841868964332,57.05648371494862,1.0357772882416996,33.838961038961045,22.674025974025977,2.9485397991584477,24.0
-2.2554482638534608,24.544827329553566,53.9982518068143,0.8221516536591832,30.94105960264901,21.473509933774835,1.9840016645324965,35.0
-2.0800048409195506,22.092877615301198,55.173106755398145,0.8202581305774905,42.070253164556966,27.28860759493671,2.7395817127247377,26.0
-1.9259301869783125,20.037196608180594,59.73566700902321,1.1532611945487328,30.94105960264901,21.473509933774835,5.919586971556104,12.0
-1.5071151077935303,22.41506226856061,63.24217698301056,1.1364856582044212,30.94105960264901,21.473509933774835,3.624368548749226,19.0
-3.7755105442293964,25.09723171603565,52.76195034621777,0.9383560302328093,30.94105960264901,21.473509933774835,2.4536081764303,29.0
-4.378947519420901,23.799599522597525,62.60542258077978,1.0472129936724548,31.01180124223602,27.43167701863354,3.3236818338359453,21.0
-3.266425446016242,24.484852280026338,51.82334944277404,0.9958365428222401,33.838961038961045,22.674025974025977,2.616104340837271,27.0
-4.10975799051316,29.806482195640495,53.22488335382587,1.186865622054421,31.01180124223602,27.43167701863354,7.848231318473877,9.0
-4.432722332513834,23.502723706693274,50.55762932074469,1.1799843603507565,31.01180124223602,27.43167701863354,3.1887787101796374,22.0
-3.418719518575542,24.52182939360108,52.11217793139499,1.1935356034163098,42.928205128205136,29.330128205128204,3.2491418518665074,22.0
-2.148785246774291,21.335155513528196,63.759547181960755,1.1465795122537057,31.01180124223602,27.43167701863354,4.663855368522981,15.0
-2.8014579263247876,20.479577324369878,56.89158119927568,1.1638206363100405,33.838961038961045,22.674025974025977,5.666197681266804,12.0
-3.561666032368938,27.754095145924946,51.1649879266753,0.8869115115068545,30.94105960264901,21.473509933774835,3.312826229765392,21.0
-2.536973983521841,25.706831750719786,64.39590257058443,1.1324027155959098,42.928205128205136,29.330128205128204,3.8749196855269807,18.0
-3.8039454590735677,27.60704806043895,63.18488461637975,1.08354284528171,42.928205128205136,29.330128205128204,5.397446388897037,13.0
-4.456855661783745,21.498627988865515,61.32023781302212,1.185114603531228,33.838961038961045,22.674025974025977,5.747409113115187,12.0
-2.206939840690718,25.71828771182691,64.00209187921337,1.0285047313770477,42.928205128205136,29.330128205128204,3.1777960404702528,22.0
-2.628770745407973,22.536424743413754,53.301941312536464,0.8340668666842226,33.838961038961045,22.674025974025977,2.4463562430235957,29.0
-2.21309212649712,22.2806181690002,62.545539395151295,1.038959556474861,30.94105960264901,21.473509933774835,3.3898565585075544,21.0
-4.383185949937003,20.115260140529852,60.34986794531459,1.074632371208515,42.070253164556966,27.28860759493671,7.0348449145302405,10.0
-1.9886411165080435,21.30340723569072,63.04638874351532,0.8881284114849713,42.070253164556966,27.28860759493671,3.853505601325384,18.0
-2.6414213998910903,23.092681114996953,61.95367348613945,0.9576453534050914,42.070253164556966,27.28860759493671,3.3209784460052525,21.0
-2.8098139478620796,21.16878760590939,55.19742594765238,1.039401365620672,33.838961038961045,22.674025974025977,4.161243902467322,17.0
-2.6261578556564054,29.858584404109376,61.615978055258836,0.9496422949266022,33.838961038961045,22.674025974025977,6.537035453428095,11.0
-1.9067002593949076,23.086326485239507,53.93684454477336,0.9499790868954656,42.070253164556966,27.28860759493671,2.440541963122265,29.0
-2.7391904803232787,21.303239467023282,54.928882445420825,0.853234655669119,30.94105960264901,21.473509933774835,3.2527167211700996,22.0
-2.757148860335462,21.990823128279576,51.61858575834464,1.1762986892310665,31.01180124223602,27.43167701863354,3.574968363829117,20.0
-1.5279625288027026,25.877032283414763,64.02614923970702,1.1001977537980385,31.01180124223602,27.43167701863354,3.120663238800242,22.0
-2.229809498794296,20.640435238647886,54.36505045100422,0.8004973755464408,42.928205128205136,29.330128205128204,3.4870846430083735,20.0
-3.1731185836465943,28.62434130141157,57.809336977571775,1.1062453136088661,33.838961038961045,22.674025974025977,5.59653880175168,13.0
-2.377808999901217,29.61499679237147,55.86999254699289,1.0959179970631434,33.838961038961045,22.674025974025977,6.273603849522233,11.0
-3.3323085849246343,22.46747420667381,64.39892180875252,0.8038923840622092,42.928205128205136,29.330128205128204,3.1099101237966926,23.0
-3.813373612549503,24.500952685908594,55.02573756407723,0.9478417190455058,33.838961038961045,22.674025974025977,2.580185553526193,27.0
-2.7094443693367216,20.22134451029497,61.67818732134033,1.0426990761302122,33.838961038961045,22.674025974025977,5.7367643375810005,12.0
-1.7154537056581454,26.407102247272213,62.8312423194677,0.9811002607432143,42.928205128205136,29.330128205128204,3.1869115091338505,22.0
-1.712581439953612,24.13926058052589,56.53409746221449,1.111194447488203,33.838961038961045,22.674025974025977,2.6672158327893105,26.0
-3.474284165683529,22.700584661015558,55.67257721679397,0.9701833330537736,30.94105960264901,21.473509933774835,2.8742920311185527,24.0
-2.916967601334915,22.068371106166083,61.21618731398942,0.8615451877815349,42.070253164556966,27.28860759493671,3.351290650060455,21.0
-3.8650923042904166,26.540230776587606,63.693439704593516,1.1905662497095313,42.928205128205136,29.330128205128204,4.877199434503977,14.0
-1.5131066715033494,24.162170310323145,61.323975996083576,0.8968159971104187,42.070253164556966,27.28860759493671,2.3091686324189906,30.0
-1.5566462763961928,21.79659289029912,53.40689548387798,1.0870769242165328,42.928205128205136,29.330128205128204,3.603507770756212,19.0
-2.551473210877658,26.891090814868242,63.32461621156558,0.8572625246656288,42.928205128205136,29.330128205128204,3.0563044211705264,23.0
-2.0867578209675797,25.650722830366938,55.8137250115525,0.931605045513573,30.94105960264901,21.473509933774835,2.437157319106711,29.0
-2.3546995161488997,28.58672054929496,58.643441176669015,0.9768110433721695,31.01180124223602,27.43167701863354,4.658511758460955,15.0
-2.7205253428815954,21.17475898876493,62.47153428939067,0.8768928018108256,33.838961038961045,22.674025974025977,3.9454317595752375,18.0
-4.3399560090333065,27.85666601944456,52.82592151100738,0.9799838305474438,33.838961038961045,22.674025974025977,4.254107608692804,16.0
-3.1357069723420166,26.73516786817259,61.767652035163294,0.8628651291967,30.94105960264901,21.473509933774835,3.1699066432656116,22.0
-2.475641093497768,21.15010936828098,58.94244196866016,1.023602615594356,42.070253164556966,27.28860759493671,4.471383885033969,16.0
-2.467405158348946,26.948207298717207,63.40012462741412,1.0654853010080776,42.070253164556966,27.28860759493671,4.011447941234999,17.0
-3.380632144732849,24.415472888798305,52.57955602765315,0.8249737136112043,33.838961038961045,22.674025974025977,2.1316106746167827,33.0
-1.6749240400259082,29.44984785555843,56.31023355561393,1.1484528484328673,33.838961038961045,22.674025974025977,5.950489665717151,12.0
-3.997928903289657,21.416113506178995,62.49264639300256,0.8740563540168143,42.070253164556966,27.28860759493671,4.162911958063307,17.0
-2.998921661353318,26.42833390815738,50.288475551851405,0.8901449701281295,42.070253164556966,27.28860759493671,2.6608406010713974,26.0
-2.4273480703475316,23.81980045462946,51.68302050148464,1.064539936033225,30.94105960264901,21.473509933774835,2.4156047973454946,29.0
-2.408592582324572,29.568146705908777,64.85847819135103,0.9875004241737656,42.928205128205136,29.330128205128204,6.646789720422738,11.0
-2.554083129693553,23.299748952902764,54.205912678855256,0.9997582396684263,42.928205128205136,29.330128205128204,2.6809455351335254,26.0
-3.6741353596444197,29.621859094918,64.6331479058593,0.8512619938252531,42.928205128205136,29.330128205128204,6.514066729240218,11.0
-4.031380293940134,29.01485851100749,52.73797326513011,1.1222943287505633,30.94105960264901,21.473509933774835,6.1216015703099,11.0
-2.5921790195198673,22.703832353106563,55.41641664511003,1.046821698441684,42.070253164556966,27.28860759493671,3.1847866689056294,22.0
-2.702093651581687,28.035417768264278,61.29304166755356,0.8541528173237825,30.94105960264901,21.473509933774835,3.9681346700337756,18.0
-3.961931969132277,29.95604201803506,59.866676108572676,0.9495997468102384,30.94105960264901,21.473509933774835,7.018239589075343,10.0
-2.38458256328831,22.526630021712823,58.716835998935835,1.124163973094012,31.01180124223602,27.43167701863354,3.538202271899589,20.0
-3.134484024799031,24.367771693233195,57.94848763707511,1.0273420183946482,42.928205128205136,29.330128205128204,3.236170443826185,22.0
-2.4967182251905413,25.201807365667598,62.651606654971104,0.8434595116531722,42.928205128205136,29.330128205128204,2.571247942121798,27.0
-1.9878987606895482,22.949311358038642,53.52422844250089,0.9491108183157146,33.838961038961045,22.674025974025977,2.519382216758691,28.0
-3.9908147142692307,20.152648396460297,56.637063904902774,0.8970777593822938,33.838961038961045,22.674025974025977,5.1014883836411835,14.0
-4.44256539600949,22.201292441975266,52.33178438234686,1.0069862214614906,30.94105960264901,21.473509933774835,3.3229651232058113,21.0
-2.16269224081264,22.819368843417585,58.939123935960566,1.1373444515487958,42.928205128205136,29.330128205128204,3.5323226991972145,20.0
-2.670907724542152,24.435997013181872,53.7581663640698,0.974506853921768,33.838961038961045,22.674025974025977,2.4169396072909315,29.0
-2.401081291133635,21.71102478413402,55.00763096515079,0.9733368121473293,33.838961038961045,22.674025974025977,3.278860581291346,21.0
-1.9855350750340723,28.732543566916725,57.06876074935292,1.1621403609308147,33.838961038961045,22.674025974025977,5.286111559935554,13.0
-2.0915671955264985,27.049111327313362,50.40155878554692,1.030474165002909,31.01180124223602,27.43167701863354,2.9994510655950433,23.0
-1.6172395592135258,20.85200477559662,51.37906903881257,1.0264764349589628,42.070253164556966,27.28860759493671,3.6717397981590634,19.0
-2.892194763443645,26.500924511399315,60.288938310623294,0.9047639567501558,42.928205128205136,29.330128205128204,3.3894464541517,21.0
-3.034513102020284,26.536564764056205,56.43454971076261,1.0430890991348505,33.838961038961045,22.674025974025977,3.3535738270141087,21.0
-3.29433840032781,29.562211736436275,62.97185332999843,1.0303641869669586,30.94105960264901,21.473509933774835,6.893704855351516,10.0
-4.038926871467386,20.030208713561613,60.42008005466299,0.9587405881367456,33.838961038961045,22.674025974025977,5.867790285973961,12.0
-2.782178301353933,22.479324498058073,50.12151412470984,1.1962782263596723,31.01180124223602,27.43167701863354,3.2469792780509055,22.0
-3.6689624270220635,29.277914793753155,59.25068496150702,1.1527563859792347,30.94105960264901,21.473509933774835,7.394196209598377,9.0
-1.7360774633610738,29.32133915398283,51.405872990895745,1.0998345160307261,30.94105960264901,21.473509933774835,4.940537946537098,14.0
-2.750427587168707,27.205864193706375,61.71399769685741,1.0149382353652001,31.01180124223602,27.43167701863354,3.8584731547944244,18.0
-2.7214794584756694,27.6576332104754,64.87261532417753,0.9848239207578521,33.838961038961045,22.674025974025977,4.3260086696547555,16.0
-3.43522601736897,20.91482957929647,57.96798191362267,0.8739589580892798,31.01180124223602,27.43167701863354,4.043045872716011,17.0
-4.344031944066877,25.138758347782336,60.24169250291196,0.9222949896058494,33.838961038961045,22.674025974025977,2.9164431774911055,24.0
-4.404768703881034,22.315829912889996,53.55971241342127,1.109584319929284,42.070253164556966,27.28860759493671,3.9147953239887894,18.0
-3.2299945675404076,21.812180436136174,56.563966156306904,0.9814995815750206,42.928205128205136,29.330128205128204,3.755487259470223,19.0
-4.2463038657082866,28.103032991233327,62.84142998354575,1.1529078066278005,42.070253164556966,27.28860759493671,6.429273980008804,11.0
-2.6794591333795825,21.350381366805475,52.51134421619377,0.8591644545382116,42.928205128205136,29.330128205128204,3.1540397047691098,22.0
-1.857080983081028,24.686516369963854,53.98303408420643,1.0033388384054547,42.070253164556966,27.28860759493671,2.3295731024519037,30.0
-1.8512555504438337,29.385782395860332,56.68150512929045,1.0587862736085234,42.928205128205136,29.330128205128204,5.921463871445284,12.0
-2.522863769603303,21.858320555653425,60.68373337766021,1.0067393825231703,33.838961038961045,22.674025974025977,3.671320969386536,19.0
-3.866304505581207,29.779934237382346,55.63825932193511,1.155690756633995,31.01180124223602,27.43167701863354,7.539204531936225,9.0
-1.911009505923384,29.942879857610592,63.91598419674506,1.1958253127316558,30.94105960264901,21.473509933774835,7.888639085480535,9.0
-1.8417196940603757,25.55617154682403,51.41685576903079,0.8463338633365479,42.928205128205136,29.330128205128204,2.028799921887338,35.0
-3.9100392451411237,21.70142740177158,55.562062963172714,0.8519819616307684,42.928205128205136,29.330128205128204,3.3478190100901397,21.0
-2.2877217426879684,23.161048879408956,60.63431185142633,0.8521296454240485,30.94105960264901,21.473509933774835,2.6034157402069034,27.0
-3.6404413532186313,24.24492832676535,53.38980148492239,1.072470838428211,31.01180124223602,27.43167701863354,2.890514653113706,24.0
-2.092079062941211,23.093242243582228,59.84619701344509,0.9490704381983351,31.01180124223602,27.43167701863354,2.8009565687842293,25.0
-1.5082863002891918,22.806355798765157,52.46325437341019,1.0933258645063624,42.928205128205136,29.330128205128204,2.8345495071839766,25.0
-4.409921984011822,29.722297092163576,50.839704272925296,0.9621885891547914,42.928205128205136,29.330128205128204,6.147269436535795,11.0
-1.8079024026272044,21.533648274157457,51.815235751229736,1.0510426885328255,33.838961038961045,22.674025974025977,3.4489960274211207,20.0
-2.632108399204026,27.333279087168624,63.94977174701202,1.1079432022715574,33.838961038961045,22.674025974025977,4.419786706852704,16.0
-1.5798521425055365,20.00410289439175,58.27626324409327,1.0192863642619683,42.070253164556966,27.28860759493671,5.0278809217601586,14.0
-3.1049714474207173,25.96182669402377,61.94518663219473,1.0158014361800025,33.838961038961045,22.674025974025977,3.3107066960507745,21.0
-1.9578362082858787,29.159430039540524,54.989817513575765,0.8352937301142538,33.838961038961045,22.674025974025977,4.221898129168892,17.0
-4.312817794205168,22.879340940932188,58.8898797182817,0.9643126971637739,42.070253164556966,27.28860759493671,3.596740103291125,19.0
-3.4941628497651127,21.85525975257719,57.424282005574874,1.018310861289975,30.94105960264901,21.473509933774835,3.8950817463461274,18.0
-4.29895038674637,26.51679794878427,64.18606939103441,0.984792330266564,31.01180124223602,27.43167701863354,3.8827365370489635,18.0
-1.5739705995627884,27.12601407298393,61.213619540811656,1.1603128000753702,42.928205128205136,29.330128205128204,4.064974564064565,17.0
-2.04907827818449,26.880305189519813,60.958139472448686,1.1626122528477958,30.94105960264901,21.473509933774835,3.890314481125901,18.0
-1.9423577362620885,23.19316880021374,50.69529904151419,1.1287669522355046,42.070253164556966,27.28860759493671,2.737838829847466,26.0
-1.6861043056983176,22.52202402159331,58.24504503505537,0.950119230149248,31.01180124223602,27.43167701863354,2.798435403431016,25.0
-4.244689541640644,29.55918799962044,57.00487180852722,1.0869196606750138,31.01180124223602,27.43167701863354,7.320387233570109,10.0
-3.34320722246,29.232995082699297,63.917633999092914,0.9581153844278439,42.070253164556966,27.28860759493671,6.5809145126840205,11.0
-4.286895332867994,24.573166098928205,53.860129822842985,0.8930374395903037,30.94105960264901,21.473509933774835,2.2197944838650012,32.0
-3.867620695349914,28.461938661543734,54.047501799366415,0.9371610574203526,33.838961038961045,22.674025974025977,4.571009791204809,15.0
-3.811902668886983,24.52323477634296,56.170193733222504,0.8283858533142142,30.94105960264901,21.473509933774835,2.2914796158244353,31.0
-3.092678366857264,24.243890180725103,53.65054570109564,0.9327110036018589,42.070253164556966,27.28860759493671,2.485323230577323,28.0
-3.6943134976390724,21.567629475992945,51.93775876713124,0.9842968869044686,31.01180124223602,27.43167701863354,3.5083033841971663,20.0
-4.197065679546717,24.264060564919728,62.86122269976201,1.182192357912332,42.070253164556966,27.28860759493671,3.8807251811370804,18.0
-3.997526732717677,25.37416938599807,58.374147866058735,0.92536423448785,33.838961038961045,22.674025974025977,2.9036356527627705,24.0
-4.0581733093437276,20.225043274286865,62.9204407843485,1.1609814156822083,33.838961038961045,22.674025974025977,7.121662703488408,10.0
-1.5807696062631051,24.441130051754065,62.46702148105544,0.8915433103293988,33.838961038961045,22.674025974025977,2.3466463096963373,30.0
-2.2221224792445793,27.813562183952,54.230635321845064,0.8763875591036998,42.070253164556966,27.28860759493671,3.2808553248867116,21.0
-1.596715604191314,26.800460563742696,58.216061664864114,1.007598182572866,30.94105960264901,21.473509933774835,3.1515753078812456,22.0
-3.1807785404762745,26.35156988863935,51.248265541101055,1.0690045477189623,42.070253164556966,27.28860759493671,3.279551001305752,21.0
-3.6648945550120304,29.095554284372025,63.728778260461375,0.8177329003209126,31.01180124223602,27.43167701863354,5.269555832907088,13.0
-2.10512040837244,20.1803200982523,56.0639407259773,0.8884263460188867,30.94105960264901,21.473509933774835,4.082101685474956,17.0
-3.5212382458765594,25.57047586192234,55.90514275833532,0.9822734666005266,33.838961038961045,22.674025974025977,2.930665807929412,24.0
-3.601849878883955,27.87348848409707,54.5413305592693,0.9324017343932726,31.01180124223602,27.43167701863354,3.9213030654040866,18.0
-3.8024820233765064,25.41335382701267,56.90995617066056,1.0850484317393287,33.838961038961045,22.674025974025977,3.2500819680918798,22.0
-4.110963065327294,23.238955525803792,53.77639079818172,1.0044642384165268,42.928205128205136,29.330128205128204,3.235876631036719,22.0
-3.730610816949702,21.36250565091978,55.62278409195207,0.8641436422415602,33.838961038961045,22.674025974025977,3.7189142066177934,19.0
-3.434040754578337,28.875630718161915,61.99920572877323,1.1577861517260362,42.070253164556966,27.28860759493671,6.986414851658806,10.0
-2.4780173755628088,24.707623923876028,62.513832553777576,0.9171622701933438,33.838961038961045,22.674025974025977,2.466532335459826,28.0
-4.312305473341645,28.781151969857014,54.562737164427745,1.0924524435857694,30.94105960264901,21.473509933774835,5.803821838419456,12.0
-3.868479181003971,25.85852122433168,57.03521645829182,1.1119663116421639,30.94105960264901,21.473509933774835,3.2931243781113713,21.0
-2.072929079124971,26.741921166150007,63.10729664420079,1.1852630801024409,42.070253164556966,27.28860759493671,4.190971888386676,17.0
-4.059234229248688,28.042611543784503,50.79009997744546,0.9994029866096406,31.01180124223602,27.43167701863354,4.231170281775522,17.0
-3.472064560432435,26.591555446001344,63.33717442993678,1.0463342061857728,30.94105960264901,21.473509933774835,3.8838726847364398,18.0
-1.9060232344255796,23.980548406789378,53.28776518478497,0.9339505173918135,42.928205128205136,29.330128205128204,2.1818036626194974,32.0
-4.035224066569672,25.13633383928651,60.17808866321564,1.0712717173648265,30.94105960264901,21.473509933774835,3.426044731135566,20.0
-4.251789493145431,28.030455246758798,58.738275445769006,0.9853533943465279,42.928205128205136,29.330128205128204,5.115828211698444,14.0
-3.0463860147599675,23.73650296372984,58.29411122283878,0.9750609458897689,42.070253164556966,27.28860759493671,2.8990660779370794,24.0
-3.592741466164391,23.88121456768497,62.89040337129232,1.142187011646442,31.01180124223602,27.43167701863354,3.6744710840941193,19.0
-2.8097749065484376,20.95690116058001,51.52358215466992,0.8200675373994755,30.94105960264901,21.473509933774835,3.113587226604023,22.0
-2.0885853285495743,29.145844352217477,55.20542037988454,1.1527849711327474,31.01180124223602,27.43167701863354,5.838692924456719,12.0
-4.08855453554177,20.91036314945442,58.07379119517148,1.1408279351314228,42.928205128205136,29.330128205128204,5.795230478746639,12.0
-2.757902746337145,26.48209177448556,62.16933280919059,1.0025465014247157,42.928205128205136,29.330128205128204,3.7749121707089035,19.0
-2.983473718830408,24.131944788027976,53.24664625117507,0.9960811416822513,31.01180124223602,27.43167701863354,2.3676771518070705,30.0
-4.0677636419604015,24.056193902554423,62.04394762061415,0.944722947214196,42.928205128205136,29.330128205128204,3.2197193117360987,22.0
-2.628004543413053,26.79551836572684,55.99457723740903,1.1976695166726938,31.01180124223602,27.43167701863354,3.726424166756523,19.0
-3.679078746417685,20.670937326298787,52.83370784650543,0.8444677331015366,42.070253164556966,27.28860759493671,4.1062362398850025,17.0
-3.0364970443679624,25.937057829514345,61.38479660665224,1.0360860942514427,31.01180124223602,27.43167701863354,3.206485635498597,22.0
-4.253183027168815,27.720317859723547,51.363483522118216,1.0726726360449668,42.070253164556966,27.28860759493671,4.55463542838033,15.0
-3.121247828359131,28.282127578865943,57.72151061113164,1.1737320032867777,31.01180124223602,27.43167701863354,5.364096634291773,13.0
-3.580609595871539,21.705303893937753,50.95813675792833,1.1120813987427045,42.928205128205136,29.330128205128204,4.147671176742409,17.0
-2.032856366443937,28.974190500781738,55.346267827366816,1.0575388811246187,42.070253164556966,27.28860759493671,5.166453497315728,14.0
-4.329063819007895,26.561460918474424,59.01615198509589,0.8467249267248491,30.94105960264901,21.473509933774835,3.2921315912648796,21.0
-3.2441781752450103,28.81854800820683,58.3417331223082,0.949493406732587,31.01180124223602,27.43167701863354,4.954727528895411,14.0
-3.124705727605686,24.852807171101983,56.06983126857,0.8555366570191941,31.01180124223602,27.43167701863354,2.1212128812167217,33.0
-2.3249817711026437,25.42033345097202,56.435719909581735,1.1524850929862054,30.94105960264901,21.473509933774835,3.0445241234751292,23.0
-2.777137274729367,29.19038277028671,53.4015433002615,1.0998484622254572,42.070253164556966,27.28860759493671,5.840283568602086,12.0
-2.498362988417457,28.999095433546717,56.83823882636155,1.1030147147188916,42.928205128205136,29.330128205128204,5.9075581038754095,12.0
-2.168852143044732,24.48160873369002,64.29882283581252,1.0609026071094176,31.01180124223602,27.43167701863354,2.8936465903231388,24.0
-1.9133910790254336,22.74412631635682,62.75679376675686,1.0028174147746838,31.01180124223602,27.43167701863354,2.9095565518691826,24.0
-3.5583735098325886,23.931704345642643,52.178493036145156,0.859988423785399,33.838961038961045,22.674025974025977,2.2338433931967328,31.0
-2.8859318839082913,23.8776432852975,50.44671180981381,0.9318779546820207,30.94105960264901,21.473509933774835,2.3192434000241953,30.0
-1.9796757646824004,22.86866874982794,64.00286469074946,0.8547663169907562,42.928205128205136,29.330128205128204,2.8666919035750738,24.0
-1.5316466071048307,22.685796043329667,57.901246248211216,1.0899652571409373,30.94105960264901,21.473509933774835,2.986208121852335,23.0
-1.8314420668687106,28.610629364797195,58.06756734723962,0.864091510408802,42.928205128205136,29.330128205128204,4.1839208896651625,17.0
-3.3855982121268697,20.698619206846615,61.71076993559784,1.0808454200686741,42.070253164556966,27.28860759493671,5.685945136551999,12.0
-3.914500448344049,26.776111820995943,54.7203346080699,1.0769021558383618,30.94105960264901,21.473509933774835,3.669062931867951,19.0
-3.0318223877802337,21.728200514564524,57.22861353254003,0.9837217915965155,42.070253164556966,27.28860759493671,3.8508913060051646,18.0
-2.2750756444918734,23.445058933940633,64.52994369720106,0.8540914616472209,30.94105960264901,21.473509933774835,2.506390199336032,28.0
-3.022292787740107,20.615430341348368,60.08223030398611,0.9259203304536147,42.928205128205136,29.330128205128204,4.76463558092182,15.0
-3.0504574100589945,22.69973636855462,52.30617547993679,0.9280372436302206,31.01180124223602,27.43167701863354,2.4992822341998955,28.0
-1.9853087367545985,27.68421071117242,51.9984012197653,1.0801540532573173,42.928205128205136,29.330128205128204,3.571256610802588,20.0
-3.415788662798441,28.850153245472587,53.06397137499508,0.8454972077654898,31.01180124223602,27.43167701863354,4.26463267132003,16.0
-1.9206159755650631,22.21527151902367,61.50067511631076,1.1316274584864363,33.838961038961045,22.674025974025977,3.752604201843339,19.0
-3.2795855971448296,24.63547839258922,54.43065505760924,1.1044029160743656,30.94105960264901,21.473509933774835,2.938581489698668,24.0
-3.5153006829649818,24.703240479372063,50.320832700126196,0.8745227672697096,33.838961038961045,22.674025974025977,2.1163413767105936,33.0
-3.1380302664009028,28.735753057597343,64.16261545258493,1.0876657527115556,33.838961038961045,22.674025974025977,6.210171801233898,11.0
-2.2126591239753948,27.627990528758055,52.54570124592366,1.0674052725871288,42.070253164556966,27.28860759493671,3.7958256781296775,18.0
-4.121993916408017,25.1307721836805,50.14337279222103,1.0992483200443706,42.928205128205136,29.330128205128204,3.1071482371889854,23.0
-3.9107423523839477,26.707472004717733,53.556974035749846,0.8755714221794778,30.94105960264901,21.473509933774835,2.8855689799472644,24.0
-1.6456655230107242,28.47355053909367,53.525431806772005,0.8630361288625875,33.838961038961045,22.674025974025977,3.499246361334451,20.0
-3.973525117855928,20.09538954025545,56.330078762685844,0.8945935943691017,42.070253164556966,27.28860759493671,5.151528197058581,14.0
-2.796818046206836,24.028900310500486,63.80584747250055,0.9463486812595903,31.01180124223602,27.43167701863354,2.7566138803787883,25.0
-2.762056600014186,29.072431672770787,63.18777376668647,1.1174659924143204,33.838961038961045,22.674025974025977,6.623870568010559,11.0
-3.0311266138492656,27.403130308439515,56.85341832473642,1.09516957499154,42.070253164556966,27.28860759493671,4.451147587759467,16.0
-2.5657642542695442,25.428413743340748,56.163498574877096,1.1701806369114132,42.070253164556966,27.28860759493671,3.2382969476899213,22.0
-3.810519822607145,25.296445270351334,58.32513629712277,0.8234518236394462,42.070253164556966,27.28860759493671,2.761869530016487,25.0
-2.8420131966697553,23.477700976044378,53.651810179576486,0.8046225124056743,33.838961038961045,22.674025974025977,1.96564501918896,36.0
-3.3834802342593084,25.205205336415144,50.78277487949544,1.0796555318803196,30.94105960264901,21.473509933774835,2.696549633837584,26.0
-2.5149982211124327,26.553831994634532,64.0883620425681,0.9117149983176663,42.070253164556966,27.28860759493671,3.3234978112689015,21.0
-4.076329369880551,24.18363038428793,52.80048477315759,0.9336315582135271,42.928205128205136,29.330128205128204,2.7153836629096264,26.0
-2.787367749481571,27.14153146392174,52.97601093868575,1.018720810365805,42.928205128205136,29.330128205128204,3.4178339436041796,20.0
-3.944188933850029,28.61232227260386,57.08690493280921,0.8409652492507195,33.838961038961045,22.674025974025977,4.663410937606255,15.0
-3.664070810654891,21.546848481848613,57.37420017260496,1.05707776661922,42.070253164556966,27.28860759493671,4.49478252025515,16.0
-3.84387059902925,24.515470228174244,50.27651314551113,0.9300589784924601,30.94105960264901,21.473509933774835,2.210988219053975,32.0
-3.951486660393549,24.080200912850813,52.21932108160956,1.0530860497203967,31.01180124223602,27.43167701863354,2.775410362460488,25.0
-2.022867145317999,26.87464804049728,55.67232227841113,1.1336027652293543,31.01180124223602,27.43167701863354,3.391284023682277,21.0
-3.642877297017329,22.498674652579293,60.25596040265809,0.868444533334972,33.838961038961045,22.674025974025977,3.3875910832376372,21.0
-1.7186286544066522,26.402509149522764,53.426276852479035,1.172349237165808,42.928205128205136,29.330128205128204,3.3239069293687153,21.0
-1.5902204239644275,28.77489241731488,56.34521669362644,1.0122752564249775,33.838961038961045,22.674025974025977,4.495059582762375,16.0
-2.786218590188708,24.181315997936228,58.360175970747,1.1691711060695873,30.94105960264901,21.473509933774835,3.099389681482868,23.0
-4.070996632002821,29.110156999792203,63.32888741934938,0.8830920328807113,33.838961038961045,22.674025974025977,6.0069914468788195,12.0
-3.3763552698612562,29.931637389334785,54.89105753490685,1.041825065841695,42.070253164556966,27.28860759493671,7.229862556429771,10.0
-2.106803209955358,21.060920499479522,52.00337398795225,0.9615548469294419,42.070253164556966,27.28860759493671,3.288731097202841,21.0
-3.3978278139087887,22.330531879848586,57.339083388464125,1.1096888764624053,42.928205128205136,29.330128205128204,4.046890184015568,17.0
-4.238948345091634,29.50379751482093,61.20082402526093,1.0423635772853186,33.838961038961045,22.674025974025977,7.463439791419169,9.0
-2.829645267215436,29.583276864813868,51.647896355791005,0.9978061827833273,31.01180124223602,27.43167701863354,5.248838807919131,13.0
-1.9646374455118956,20.977072753867585,56.370252375454406,1.1651941625724034,42.070253164556966,27.28860759493671,4.812401944748334,15.0
-2.1122208385694927,20.149985003771366,50.26677711893725,0.9508468256686721,30.94105960264901,21.473509933774835,4.191678647420053,17.0
-3.9746305796089403,21.611000232564223,50.503387724708766,0.8879920819592726,30.94105960264901,21.473509933774835,3.2422437473051753,22.0
-2.4817061567625998,29.960127833822483,57.24430044824999,1.0432404747408366,30.94105960264901,21.473509933774835,6.674485370471028,10.0
-3.8384872096930587,21.79999616610687,54.47295947226394,1.0496113748691256,42.070253164556966,27.28860759493671,4.263183034020203,16.0
-3.8453773963434834,25.025476067220232,62.67660948508118,0.9756378486287501,30.94105960264901,21.473509933774835,2.9927317393318233,23.0
-1.8777846800844444,28.48417726430511,59.032314591896814,0.9946440174757529,42.070253164556966,27.28860759493671,4.449968095110342,16.0
-3.7509931417793094,20.204016106882065,56.80899442614486,1.1838213657199599,42.928205128205136,29.330128205128204,6.811991663034011,10.0
-3.7102579604459667,26.044889822584594,56.11903056581444,1.0930742765587205,42.070253164556966,27.28860759493671,3.5311770761594827,20.0
-4.498039827716101,22.770254488696242,57.45868220284345,0.8442407005930308,30.94105960264901,21.473509933774835,2.775617087212707,25.0
-1.8879928976234472,28.623349164397318,50.60658246818992,0.8848520283482444,42.928205128205136,29.330128205128204,3.6571308154377964,19.0
-2.122215560372596,22.834611492640793,63.391900346309896,1.1902306537742235,33.838961038961045,22.674025974025977,3.7932208327681822,18.0
-2.618013194727966,26.86755720281909,64.97454733600938,1.0905862215174125,42.070253164556966,27.28860759493671,4.26310044075183,16.0
-2.249202708183473,26.74219632447397,52.72230687288048,1.1660180504578612,31.01180124223602,27.43167701863354,3.245722726527521,22.0
-4.043854297726525,22.2149354885964,51.8057444716193,0.9215445855954888,42.928205128205136,29.330128205128204,3.1937505832172315,22.0
-3.125029216237274,20.3479919986835,52.15366195172893,1.096746744034637,31.01180124223602,27.43167701863354,4.975500766158375,14.0
-3.4463418379536574,24.092495737853973,59.91540587351551,1.0856010834094045,31.01180124223602,27.43167701863354,2.9568759762072947,24.0
-4.218670421228951,22.891931519658698,59.92161257676162,0.91787599417575,42.928205128205136,29.330128205128204,3.3499047048938793,21.0
-3.0416085443552277,28.08977749613709,62.71886243417617,1.0203265301802822,30.94105960264901,21.473509933774835,4.74635534742839,15.0
-1.737781048972094,28.003641884553453,61.2773958263938,1.0509660445081181,31.01180124223602,27.43167701863354,4.343396932707773,16.0
-4.379822642847916,24.570239521926254,56.74534510054009,0.992452724330986,30.94105960264901,21.473509933774835,2.7596824689753063,25.0
-3.6256172595186182,26.06512225323219,59.19283042347978,1.1308714826632051,31.01180124223602,27.43167701863354,3.7640972278858227,19.0
-3.8773771913828896,26.04259515986925,60.32427005552012,1.1331476167191958,31.01180124223602,27.43167701863354,3.76519110351866,19.0
-3.785560039002911,28.271581484276233,57.69104705427838,1.1402402193206227,31.01180124223602,27.43167701863354,5.50554572198622,13.0
-1.7746963443618742,24.250024141231975,57.13476476677455,1.1213694276392652,33.838961038961045,22.674025974025977,2.7215389414307505,26.0
-3.0957928372971297,22.754466797905092,59.6764616846398,0.9952333908788579,42.070253164556966,27.28860759493671,3.2794457828784442,21.0
-3.1011017611805434,22.650349181405474,58.362118234634806,0.9525753192596029,30.94105960264901,21.473509933774835,3.0632162814325956,23.0
-2.218273072634153,25.361922792822043,59.65913458003865,1.1325505134857483,42.928205128205136,29.330128205128204,3.125406137220092,22.0
-4.0365233879852225,24.491482027322125,59.19282160945046,0.9960805834225067,30.94105960264901,21.473509933774835,2.914904077189872,24.0
-3.0382039376998478,24.401207709849363,60.78794840770482,0.8985485594511927,31.01180124223602,27.43167701863354,2.5754345473923537,27.0
-3.210044357636821,20.911373390897072,59.64205263174314,1.0029374129288866,31.01180124223602,27.43167701863354,4.515439337555062,16.0
-2.7092679283600316,27.186037406901956,57.79613729655901,0.8567399287676969,42.928205128205136,29.330128205128204,3.089916724733626,23.0
-1.5013268902486843,22.13736687981911,60.2269521692658,1.0766517962395195,30.94105960264901,21.473509933774835,3.358530562434927,21.0
-2.191653317753859,21.969536302087214,56.74222947778142,0.9343685126495626,31.01180124223602,27.43167701863354,3.005798437438535,23.0
-3.3064028909477186,24.127583202773934,53.62506838958902,0.9042635193789818,42.070253164556966,27.28860759493671,2.461940600397719,28.0
-2.017340843177859,22.277783416178014,50.02127330200873,1.182603498493898,42.928205128205136,29.330128205128204,3.336451408099189,21.0
-3.9878749100625592,25.838582673080154,58.399462207187646,1.110752398303323,42.070253164556966,27.28860759493671,3.749321513800277,19.0
-4.40860894107312,23.714633393344716,58.85982839912961,1.1148278010895727,42.928205128205136,29.330128205128204,3.7792485278238135,19.0
-3.8866548826071807,24.4891172259279,64.58073447163571,1.0494887877116734,33.838961038961045,22.674025974025977,3.4323313264717656,20.0
-3.478765331657221,25.37169321604029,55.42217501141413,1.1356691242041188,33.838961038961045,22.674025974025977,2.989770203505432,23.0
-2.9682577276213205,22.035355224818048,55.91199864242468,1.1036649924653525,33.838961038961045,22.674025974025977,3.586550562035171,20.0
-2.6546125783764003,21.5575162286553,53.02699372013285,1.0395094816534467,33.838961038961045,22.674025974025977,3.7846286215954112,18.0
-1.7681828483567346,28.80421902873605,51.05801442855983,1.1844497607406868,31.01180124223602,27.43167701863354,4.808987881241728,15.0
-2.970437971348627,24.33723702831421,61.59206739292611,0.8766379798737692,33.838961038961045,22.674025974025977,2.6232574156333373,27.0
-2.996173066122812,24.12093609632539,53.745215965089876,1.1773518875979003,42.070253164556966,27.28860759493671,3.072979873626547,23.0
-4.3492709705310535,20.356121502728413,59.13357291545057,0.960575264799546,42.070253164556966,27.28860759493671,5.747756874363134,12.0
-4.395265342031329,24.979763025873932,60.31659553318222,1.0113595933605946,42.928205128205136,29.330128205128204,3.343147870348444,21.0
-2.846520114250884,25.541697216110002,57.068550309374714,0.8490957278177236,42.928205128205136,29.330128205128204,2.7150506263920247,26.0
-3.1854641602549663,25.588408709546666,63.145281695407874,1.0160429755687164,31.01180124223602,27.43167701863354,3.217901834069906,22.0
-1.982458815059104,27.070311693228845,56.65692261469593,1.0444827007432773,31.01180124223602,27.43167701863354,3.264134948220904,21.0
-4.0179612458644645,21.774818349910117,54.273629345626475,1.1990806167234096,33.838961038961045,22.674025974025977,4.389236449247764,16.0
-4.425085013648851,22.52223134230619,63.44023284442434,1.1900769644286107,31.01180124223602,27.43167701863354,4.887697433183909,14.0
-3.1528836962096225,28.107304652304126,62.923464263749345,1.1865589167497148,42.928205128205136,29.330128205128204,6.099410324224053,11.0
-3.7875643297432275,29.47170616843394,52.46059920614619,0.939355224040823,31.01180124223602,27.43167701863354,5.517337197028733,13.0
-4.351156879983487,21.359327473673208,50.389415275308814,1.1965065994980173,42.928205128205136,29.330128205128204,5.012516794589869,14.0
-2.3262051394571133,24.97649554505218,51.34978334524431,0.9821912606380443,42.928205128205136,29.330128205128204,2.305388315355992,30.0
-4.165221000128257,22.14176252739587,54.29821097830725,1.1407345035047602,42.928205128205136,29.330128205128204,4.3369587244256795,16.0
-2.675041499976685,20.600731683549824,64.58389702612565,0.8865279876075888,30.94105960264901,21.473509933774835,4.465748882524188,16.0
-3.6568507494993323,23.255033381261356,58.377742297412375,1.002333271862641,31.01180124223602,27.43167701863354,2.982358122535087,23.0
-3.979511848934934,21.43687625184213,55.598925980439034,1.1864048384510422,33.838961038961045,22.674025974025977,5.046778955474257,14.0
-3.3607454312420475,27.099330734342463,63.3307414191912,1.178812558769371,31.01180124223602,27.43167701863354,4.746544094535147,15.0
-2.095662671331139,25.337254136714442,56.797044972177495,1.0734939511285706,42.928205128205136,29.330128205128204,2.8994439704648793,24.0
-3.323719269286282,21.43834470990311,54.728579426015315,1.119125729021224,30.94105960264901,21.473509933774835,4.315490495715963,16.0
-2.2476910523668328,20.092415884055143,64.11829293118487,0.8705706786409606,31.01180124223602,27.43167701863354,4.81839577027532,15.0
-4.123541109602548,28.08157049024213,62.74276499289017,1.0886634197936629,31.01180124223602,27.43167701863354,5.534182912918885,13.0
-2.1816857410047628,21.761944061642474,62.655025631291615,1.0472203233341488,30.94105960264901,21.473509933774835,3.813931368316302,18.0
-3.789200025280054,26.06216642220766,57.6842711457532,0.8366206943004985,30.94105960264901,21.473509933774835,2.641840693225445,26.0
-2.4678206103333817,23.369219130767455,61.841575982231824,0.8452636026358705,31.01180124223602,27.43167701863354,2.3690696807806106,30.0
-2.802655335477011,25.854859383150355,52.690300388968275,0.8433774471005048,30.94105960264901,21.473509933774835,2.246678639442647,31.0
-1.712565848364938,23.156536269823242,58.59834436334366,1.0897427739319343,31.01180124223602,27.43167701863354,2.977067989577019,24.0
-3.338032446074058,20.86939560692254,64.75768884271318,0.8566860832990291,42.928205128205136,29.330128205128204,4.77452952032784,15.0
-4.301504433496679,22.229500085577534,54.364376457769424,0.9870929084457882,42.928205128205136,29.330128205128204,3.645622683634496,19.0
-4.442533543346241,21.880585664790758,61.91528493871513,0.9427927223511031,42.070253164556966,27.28860759493671,4.332883675921087,16.0
-2.0194243170817407,24.280193524396438,57.35717610812101,1.0202016563080871,30.94105960264901,21.473509933774835,2.5243396055437497,28.0
-2.9257930870157036,26.582837834261575,50.59708524833131,1.082590594887761,30.94105960264901,21.473509933774835,3.1229152831675404,22.0
-2.1742678444951524,22.638060749463577,61.44529096723501,1.0738890148885327,31.01180124223602,27.43167701863354,3.234662529653538,22.0
-3.796723199965456,20.12069935300618,52.528537165881694,1.0062079663657506,42.070253164556966,27.28860759493671,5.582104668114795,13.0
-3.4647487634602987,25.189373642647567,59.47210350699125,0.9857339494441542,42.928205128205136,29.330128205128204,3.1506606533786488,22.0
-4.409688383366043,26.05759489358972,51.28496291070459,0.9591262380489035,30.94105960264901,21.473509933774835,2.9568328328424087,24.0
-1.6155230262776636,29.628704940018096,64.20301096243948,1.1447639793217517,33.838961038961045,22.674025974025977,7.1375125488622535,10.0
-2.4963962798975596,25.89470803093247,54.375858307705414,0.932340721949058,33.838961038961045,22.674025974025977,2.5471934284341997,27.0
-1.7003847367220812,24.711725593781416,53.396970375160926,0.903746328466998,30.94105960264901,21.473509933774835,1.8799400108089284,37.0
-3.703510777712783,25.73401625897704,51.937046060995016,1.0973261974621085,33.838961038961045,22.674025974025977,3.037394028388358,23.0
-2.6656091663230175,29.27900629862027,64.19003290008571,0.9439053846786906,33.838961038961045,22.674025974025977,5.742398381199042,12.0
-2.4645000951220863,28.283781456016463,60.67855613661958,1.1387994399029073,33.838961038961045,22.674025974025977,5.341409469274821,13.0
-3.5473508992272347,23.22978733363808,61.12491333077133,0.9311554874548579,42.070253164556966,27.28860759493671,3.1260156465486624,22.0
-1.9556722949531098,22.372543636571372,57.49106842070367,1.0807779298298352,42.070253164556966,27.28860759493671,3.3750127053493104,21.0
-1.6585156112992565,22.626336123660735,57.120916779057254,0.8180436025141344,42.070253164556966,27.28860759493671,2.4871133679062245,28.0
-1.845434646911987,25.04421039715213,51.65031864487215,0.954225152044128,42.928205128205136,29.330128205128204,2.157834736748831,32.0
-2.2827990721818825,27.440494512285778,58.39761643375988,0.9372920699870206,42.070253164556966,27.28860759493671,3.560314873633374,20.0
-3.6676059608251377,25.03219207182962,53.70374742663186,1.1266714957103694,31.01180124223602,27.43167701863354,3.003886179296242,23.0
-3.6551518736831046,20.677963958281126,64.65717999200609,1.1868221612913241,30.94105960264901,21.473509933774835,6.302456794559271,11.0
-1.6099190386618862,27.23580700439981,61.94871410022721,0.9843525106771845,33.838961038961045,22.674025974025977,3.4272786591736857,20.0
-4.469146512192924,28.05970128670954,56.19488090289332,1.1299345108615033,33.838961038961045,22.674025974025977,5.235671727418305,13.0
-2.3518500802735667,22.894978651197196,52.270118880373,1.079877880382946,31.01180124223602,27.43167701863354,2.7211756372516858,26.0
-2.3812615123342136,26.641257392833502,61.77997536708176,1.1869543950654773,42.070253164556966,27.28860759493671,4.2456851201269625,16.0
-2.6319313771506074,24.265919010543932,51.83080650621974,1.12444340573713,31.01180124223602,27.43167701863354,2.6601129748980363,26.0
-1.5296734617394026,28.891193557274427,52.84000630245606,0.8309912263854923,30.94105960264901,21.473509933774835,3.4167983247097538,20.0
-3.5643616927088244,28.452255581607396,53.17280776616341,1.0853126889528943,42.070253164556966,27.28860759493671,5.263361672341963,13.0
-3.4800844086202556,25.254319983096423,58.353359574096416,1.0141998861689494,42.070253164556966,27.28860759493671,2.985232448344262,23.0
-4.263181791160333,26.915055458135946,61.805849809855495,0.8065744231729309,33.838961038961045,22.674025974025977,3.3500872707483738,21.0
-3.1716055903687876,28.833497010221038,54.71472318087038,0.9005251834901775,42.070253164556966,27.28860759493671,5.02246670726135,14.0
-3.716854421295456,24.957170100782754,51.27004721412934,1.1687020980107572,42.928205128205136,29.330128205128204,3.334540239136794,21.0
-3.4698398934670673,23.13250740488822,56.96807695286629,1.1704245491147012,31.01180124223602,27.43167701863354,3.51386639167055,20.0
-1.996284629233117,27.53666137909581,61.221653617399035,1.1195401840802537,33.838961038961045,22.674025974025977,4.301176511791063,16.0
-1.693546459417513,22.200662547846918,53.32495764631082,1.1927118413111957,42.070253164556966,27.28860759493671,3.378746595286461,21.0
-3.9428007839844432,23.88531148006042,53.29886822059061,1.122618089849682,33.838961038961045,22.674025974025977,3.0123485040835454,23.0
-3.3824732053396023,28.657272371067936,64.20840541020067,0.8040816749140981,31.01180124223602,27.43167701863354,4.633808988769471,15.0
-1.714108313653818,27.24422340269315,64.31230590678767,0.9151337361206048,33.838961038961045,22.674025974025977,3.321040432453903,21.0
-4.314574617932332,24.03811005247499,64.85698598092364,0.8122496728951052,42.070253164556966,27.28860759493671,2.9842141289914483,23.0
-4.222918415665864,22.147445024083574,62.1148940236217,0.8376431874950239,30.94105960264901,21.473509933774835,3.5535173124518664,20.0
-4.011627032381312,23.559683908322366,52.82276253751918,0.8875363267803105,33.838961038961045,22.674025974025977,2.5303047328499964,28.0
-2.7143614976193757,22.84104149227433,53.179722811988924,1.0014234185302089,31.01180124223602,27.43167701863354,2.741554408208047,26.0
-4.0485831869820075,21.76089287943854,55.103378622835876,1.139012801384807,31.01180124223602,27.43167701863354,4.186023424707868,17.0
-1.5957708556477996,27.433329135656567,54.771987970002364,1.1447867024628433,31.01180124223602,27.43167701863354,3.7145588709832214,19.0
-3.159856418224439,22.520698868501714,64.34791623617014,1.0464807434229186,42.928205128205136,29.330128205128204,3.8842545998505122,18.0
-2.9954461189495007,24.54167470167764,61.83610974322541,1.171270375626494,42.070253164556966,27.28860759493671,3.4898080556684605,20.0
-3.7600241525837808,23.85859446836109,60.86013188242331,1.0000249306360833,33.838961038961045,22.674025974025977,3.2004818292129564,22.0
-3.0871192426957994,29.82077378635631,52.78944836087198,1.1556144176532805,42.928205128205136,29.330128205128204,7.374266034571198,9.0
-2.5142591020889653,23.910922441482207,63.642883390434946,0.9816261025328048,33.838961038961045,22.674025974025977,2.807251410249064,25.0
-2.246468589137872,20.799824827967548,62.41805569259261,0.9108900029687529,31.01180124223602,27.43167701863354,4.097020177408092,17.0
-2.238395751870261,20.89825752572084,52.45462761991885,1.1665651672401711,31.01180124223602,27.43167701863354,4.2852499649110465,16.0
-2.766326661917735,25.90753721353065,63.06755497941459,0.9551740302715477,42.928205128205136,29.330128205128204,3.056757053837886,23.0
-1.786920675018428,25.993635517382657,54.08371304555707,1.0013616435377846,30.94105960264901,21.473509933774835,2.4252029596226734,29.0
-2.047776458081672,24.18758990482655,51.21304618748159,0.9315442530122708,42.070253164556966,27.28860759493671,1.9833989464518471,35.0
-2.2288556559041237,24.318436923120295,59.85233459771315,1.0651350401162918,31.01180124223602,27.43167701863354,2.8225727616576175,25.0
-4.3331834349586185,20.539325828408714,59.80706989076496,1.198012490002414,42.928205128205136,29.330128205128204,7.026452890492019,10.0
-4.479366113341052,25.165465103892622,51.42398014348427,0.8102054195459079,33.838961038961045,22.674025974025977,2.3094764417624067,30.0
-3.862658168413581,25.047394753803516,54.782777134048736,1.1599392024028405,33.838961038961045,22.674025974025977,3.1551832156128095,22.0
-2.509429218259643,21.495493185569444,64.89221693383308,0.8015704227957062,42.928205128205136,29.330128205128204,3.419939511661003,20.0
-3.2664075333523623,21.038393861109277,60.17640000513106,0.9456911524584845,31.01180124223602,27.43167701863354,4.310184607444738,16.0
-3.292781222102065,21.235724905994903,60.95112749904994,0.8674427225158058,30.94105960264901,21.473509933774835,3.8471578790645973,18.0
-1.846239335311159,21.010282464912585,53.19375928406458,1.1029367122690206,31.01180124223602,27.43167701863354,3.911506601705532,18.0
-1.8133114556044836,26.0970819553676,51.18173106505871,0.8202443363028694,30.94105960264901,21.473509933774835,1.9329861395303987,36.0
-1.7724742078392426,21.964826524029185,54.153525346114066,1.0213939814337312,33.838961038961045,22.674025974025977,3.2318558377373634,22.0
-3.558365770454918,22.514301521874636,53.73347577789788,0.9179704535381251,33.838961038961045,22.674025974025977,2.945474089026176,24.0
-2.4268325617822146,21.735721441514396,53.5181615112208,0.8534680995458809,42.070253164556966,27.28860759493671,3.122701741461777,22.0
-3.685100456176891,29.57835304448503,52.891314828305596,1.1087272848410563,33.838961038961045,22.674025974025977,6.796391019678372,10.0
-3.9281705007766505,28.546174631518355,58.621335359831065,0.8869667337021027,33.838961038961045,22.674025974025977,4.961247973395011,14.0
-3.9461026279578926,22.30494837351521,54.92155213762733,0.8894700848219755,42.070253164556966,27.28860759493671,3.0926162553726964,23.0
-3.4736771374092177,23.27566293922126,62.30517522571296,0.9100307140551692,42.928205128205136,29.330128205128204,3.167160973476925,22.0
-3.2101271406605347,22.098928423049973,52.75921126771076,1.034706705531211,42.070253164556966,27.28860759493671,3.449750451618841,20.0
-2.0071524868347947,24.91875959460824,56.96940606302817,1.0638663726762994,42.928205128205136,29.330128205128204,2.5693601663129297,27.0
-4.140326719581863,20.196105324742536,50.2048675463912,0.807041009480538,31.01180124223602,27.43167701863354,4.115549337178513,17.0
-2.2952224578153175,26.713680088967955,57.22523483682788,0.8967478544455162,31.01180124223602,27.43167701863354,2.74342118813572,26.0
-2.905635257432084,25.231581498176418,50.83757331314712,0.9723883370021131,42.928205128205136,29.330128205128204,2.3598274698823793,30.0
-3.6361639719720227,28.986389283011032,64.66585267808965,0.9327907808644933,30.94105960264901,21.473509933774835,5.861281845553183,12.0
-3.0215412464015263,21.64392684328414,61.858881929756194,1.1536682634043545,33.838961038961045,22.674025974025977,4.63959017955296,15.0
-3.600173790668932,28.041092460611317,57.35167214954683,1.1150834923545676,33.838961038961045,22.674025974025977,5.063272048839053,14.0
-2.711754134285082,27.919610144667157,51.298810372690255,1.050356086215531,30.94105960264901,21.473509933774835,3.8251702545829342,18.0
-3.1984682314342674,21.27181189216887,58.88668161185622,0.9352169663988159,33.838961038961045,22.674025974025977,4.1681292745837,17.0
-4.0067834127633635,23.985592241441275,61.38145626052816,1.080268937938464,33.838961038961045,22.674025974025977,3.3589968076647136,21.0
-4.15025077633291,21.70152641144517,52.86075879507118,1.1374552051383178,42.070253164556966,27.28860759493671,4.655266960144921,15.0
-2.8599129537836094,22.54720500457549,58.52312511181236,1.0379321509435946,42.928205128205136,29.330128205128204,3.5837409706024754,20.0
-1.7927609001416895,22.632461748305445,62.213163475743016,1.1137845867573517,33.838961038961045,22.674025974025977,3.4542523884082046,20.0
-3.4681269403269432,25.562363940257725,61.523716664694746,1.099641984559899,42.070253164556966,27.28860759493671,3.7028421883035074,19.0
-2.3009996783321305,24.114109317604655,62.04488026800729,1.0286949244641288,42.070253164556966,27.28860759493671,2.947061042114411,24.0
-2.524015935180699,29.477328040063053,63.1898513730458,0.9248732867286044,30.94105960264901,21.473509933774835,5.925053634644573,12.0
-1.7053352570715568,21.263701419470053,64.06523153239205,1.0983128632005088,33.838961038961045,22.674025974025977,4.517234678493902,15.0
-2.0370569481025775,29.736921348501987,56.08281732805304,0.8827185465430426,30.94105960264901,21.473509933774835,4.804611542925058,15.0
-2.800184223283611,22.30638640214264,58.53153653784316,1.1117953385886135,31.01180124223602,27.43167701863354,3.6972304455353737,19.0
-2.528908505297678,27.72873936381853,61.859892890684165,1.1218186768570133,30.94105960264901,21.473509933774835,4.75747421192759,15.0
-1.8048406002478954,23.389699261728214,60.45709720918675,1.1288579518281492,42.928205128205136,29.330128205128204,3.150664588344591,22.0
-3.3014436462391954,21.43081395417314,64.93280342396568,0.989166388391383,31.01180124223602,27.43167701863354,4.495240511758693,16.0
-3.5196158824266677,28.578891852462398,50.20516476656966,0.8769923071081687,33.838961038961045,22.674025974025977,3.890979811095204,18.0
-4.467566749094411,23.088608992364634,55.32699822973686,0.8398894400264275,42.070253164556966,27.28860759493671,2.67260217591252,26.0
-2.0203467774256074,26.58855404226842,54.21541889405304,1.0973445001951696,33.838961038961045,22.674025974025977,2.953076990155398,24.0
-2.097057898789905,25.664436850866267,53.93473775248302,1.1545045538119252,33.838961038961045,22.674025974025977,2.7187590405061903,26.0
-4.186636445699546,24.717563093908744,53.337946737483286,1.0603353435347627,30.94105960264901,21.473509933774835,2.9572604478755755,24.0
-2.769427856601899,24.95819472648539,60.63685761222844,0.8576640241553479,42.070253164556966,27.28860759493671,2.262861606973385,31.0
-3.108054905499338,27.322379140922877,51.27139209912983,1.1739585794070295,42.928205128205136,29.330128205128204,4.093877148013209,17.0
-4.143872713472666,20.877729141234404,61.12413250915007,1.1956408058157277,33.838961038961045,22.674025974025977,6.161963308289713,11.0
-1.5582953188178292,26.68180661957905,60.4013876302441,0.9733514439739688,42.928205128205136,29.330128205128204,3.08945102558579,23.0
-3.855912337609934,28.95812101398579,53.76206198751345,1.0379301157095084,33.838961038961045,22.674025974025977,5.418445949003379,13.0
-4.298297459728317,20.577881970198643,53.79250674747742,1.110891408000663,30.94105960264901,21.473509933774835,5.478011284420154,13.0
-2.7154578614942713,21.406533392336666,59.43290878016754,1.0945559160200178,42.928205128205136,29.330128205128204,4.46635228952639,16.0
-2.283399968600902,27.166319367020314,61.43256658225517,1.1871148767733797,42.070253164556966,27.28860759493671,4.634344817863424,15.0
-4.4026696618584396,24.372816482446176,63.14728419631048,0.8459532364315157,42.070253164556966,27.28860759493671,2.8636021077800784,24.0
-2.5238470838189335,24.035486208136884,62.78209345781714,1.0322899464571222,42.928205128205136,29.330128205128204,3.06578635274028,23.0
-2.9031243721456366,21.369666345442358,64.4732449124578,1.0767725678692368,33.838961038961045,22.674025974025977,4.8089490891803,15.0
-4.190204973374855,25.06770040717788,58.72077343004767,1.156039369675068,31.01180124223602,27.43167701863354,3.5434875344426504,20.0
-3.982428369160914,21.265453111963772,63.62983342010539,1.1496438510872602,31.01180124223602,27.43167701863354,5.594931262082025,13.0
-2.7960771080517586,24.766204563105404,62.12769909890616,1.191199917424516,30.94105960264901,21.473509933774835,3.328860240576364,21.0
-3.610927159460135,27.63615298961657,63.420014364710205,1.0048313815750716,31.01180124223602,27.43167701863354,4.6629207973938716,15.0
-1.6850528140460517,22.582643578871636,50.1743990192805,1.1323043467252907,42.928205128205136,29.330128205128204,2.963738462364648,24.0
-2.0437793115478478,24.807861681797274,64.48854487798717,0.970912683250931,30.94105960264901,21.473509933774835,2.589184726253169,27.0
-1.5492983804590108,29.92015969396836,57.10295244269717,0.9689255511424129,31.01180124223602,27.43167701863354,5.561389276864464,13.0
-3.720987483148758,26.866504233540372,61.97274484362264,0.9013393457891437,30.94105960264901,21.473509933774835,3.630810684984614,19.0
-1.5908291016060687,28.413567713051986,51.90806179006671,1.1272949148076918,42.928205128205136,29.330128205128204,4.510805076033921,16.0
-3.206298390625326,24.148476065605458,55.93911643720961,1.194326042325406,31.01180124223602,27.43167701863354,3.2568600461464126,21.0
-3.457443614058736,27.678609231258555,54.071909945314864,0.9025366913389031,30.94105960264901,21.473509933774835,3.547084065262682,20.0
-4.34895141909194,20.40509172941322,54.37488155751406,0.8224526352084289,31.01180124223602,27.43167701863354,4.153281710699252,17.0
-4.341704226421192,21.22911182542245,51.848834299263224,1.126216974967603,42.928205128205136,29.330128205128204,4.820626220239224,15.0
-2.423966232160036,22.03070592920062,62.0864574881451,1.0480920210139024,42.928205128205136,29.330128205128204,3.9820816054395536,18.0
-3.1262130166979163,24.019519246152196,50.13863471871617,1.1838795202204018,31.01180124223602,27.43167701863354,2.9007064438226613,24.0
-3.8204351218916828,28.457448783257632,54.68758185477804,0.9008956876307809,42.070253164556966,27.28860759493671,4.869169802057372,14.0
-2.6580890810243023,23.462660507879306,52.61615814824623,0.8284110632005125,33.838961038961045,22.674025974025977,2.187631046466576,32.0
-3.7414256452496666,26.54621193515463,58.83558410912511,0.9969769043466006,42.070253164556966,27.28860759493671,3.5660998016085865,20.0
-2.7671047369667323,27.093142948034835,53.81378603921816,0.834186409186059,30.94105960264901,21.473509933774835,2.639371042856387,27.0
-3.422373759051929,25.861823540883414,53.8849768179215,0.904716000441083,31.01180124223602,27.43167701863354,2.781178470305037,25.0
-2.0293433201645428,23.572419681701362,57.32507215992978,0.8503911443276674,42.070253164556966,27.28860759493671,2.2492995965351943,31.0
-2.037911517699662,25.770533417135443,59.790335590113884,0.8896528718640315,31.01180124223602,27.43167701863354,2.4401382934317035,29.0
-3.067948805632796,23.422655927897463,51.81957056847745,0.8424578611285568,30.94105960264901,21.473509933774835,2.0512767912111243,34.0
-3.4475426719949533,20.83873738552012,52.63267178698244,1.1815623997709142,42.928205128205136,29.330128205128204,5.441368180051823,13.0
-3.412320610322716,29.928039781860143,53.70762116891776,0.9114250853798942,31.01180124223602,27.43167701863354,5.847799335670871,12.0
-2.0828564229953463,21.27182453632511,64.6062232117694,0.9775590343970262,33.838961038961045,22.674025974025977,4.067139671417033,17.0
-3.515461551607164,20.723483838360572,55.9572874991438,1.1594447230536888,30.94105960264901,21.473509933774835,5.267591594597224,13.0
-3.8728218788794617,28.78530749207156,58.984851359465395,1.0709286351845897,42.928205128205136,29.330128205128204,6.415196639883729,11.0
-4.245934974374079,23.01834660892895,53.62314219073967,1.0472149922247098,30.94105960264901,21.473509933774835,3.1966159112808388,22.0
-3.099920637346775,26.502969740735075,57.35689287736232,1.0822252761443347,42.928205128205136,29.330128205128204,3.764651693595376,19.0
-3.0536037032404746,23.29005729662233,51.11178761578937,1.1315289028421527,31.01180124223602,27.43167701863354,2.9376369664086663,24.0
-1.9772738687912783,23.91454270794471,50.521132188834905,1.1510677071407043,30.94105960264901,21.473509933774835,2.4641337615130268,28.0
-3.836283910661808,22.621129720167964,57.0310029023219,1.0570558682660105,31.01180124223602,27.43167701863354,3.463164517979292,20.0
-3.3570261789948,23.430440057930102,55.97988931277618,1.156002909877623,31.01180124223602,27.43167701863354,3.245184460180995,22.0
-2.074782783318927,24.10700400586543,52.05320479537742,1.0141590109701908,31.01180124223602,27.43167701863354,2.2065402666949376,32.0
-2.0291291677530796,27.20416069092343,60.31402143381101,0.9109163425073694,33.838961038961045,22.674025974025977,3.2075868105181997,22.0
-3.3461667720636954,25.115361942347917,64.89355236348896,1.1520306835535377,31.01180124223602,27.43167701863354,3.629423207545435,19.0
-3.1226279301399575,29.43565217156977,55.93470231795069,1.0165891309652348,31.01180124223602,27.43167701863354,5.803400471680708,12.0
-3.5901423274521513,20.418803938387754,59.36837953876092,1.1624550350268936,33.838961038961045,22.674025974025977,6.297500832289009,11.0
-1.7023353647420638,25.03068322632028,64.44463913546728,0.8160671255802325,31.01180124223602,27.43167701863354,2.1503993547570763,33.0
-4.144068702775259,25.842247888317182,62.47302458670313,0.9590063006164942,42.928205128205136,29.330128205128204,3.4324116799474993,20.0
-1.69875173099559,29.20196986074274,56.953283349540285,1.1791220073449873,31.01180124223602,27.43167701863354,5.762009706602629,12.0
-2.4484006444939705,20.491585236214277,61.06234226689879,0.8998600371033211,42.070253164556966,27.28860759493671,4.625663698991705,15.0
-2.9052835419398066,25.73499584935216,51.92202560375786,1.176614498415397,42.928205128205136,29.330128205128204,3.201845548399419,22.0
-4.402022817646513,28.53629928527957,57.68155783195699,1.1815609844516999,33.838961038961045,22.674025974025977,6.547186044080635,11.0
-3.0732114245339752,22.419277281192365,54.18590415769905,1.1528569256903443,42.928205128205136,29.330128205128204,3.835080552950465,18.0
-3.2767556849918034,28.762923485239376,52.417455318442414,1.0254672180373194,42.070253164556966,27.28860759493671,5.255022706253484,13.0
-4.016343564074632,20.19043409274292,56.39421359381802,1.0587757796322554,42.070253164556966,27.28860759493671,6.141795929977954,11.0
-2.5307711894980294,27.3245462913373,51.96521831650421,1.1478467993799477,30.94105960264901,21.473509933774835,3.5920984387693906,19.0
-1.5865472778951428,29.33113221168653,60.48477662261728,1.1103588329556737,42.928205128205136,29.330128205128204,6.2244191689098045,11.0
-2.8134335668064248,26.571976616400622,56.843600660800035,1.0520375397821646,31.01180124223602,27.43167701863354,3.203351132172618,22.0
-2.3557401706681627,24.39029243980448,57.967169488469956,1.192903763148281,31.01180124223602,27.43167701863354,3.1893573825332715,22.0
-4.29464864230195,20.44881016472718,52.19563908002235,1.0742706545334777,33.838961038961045,22.674025974025977,5.523618382198298,13.0
-3.246999012549016,29.201138133226287,52.09657491640242,1.1901927969791044,42.070253164556966,27.28860759493671,6.568161938620522,11.0
-4.150924544506513,24.702962226915748,58.75123152890186,0.8229553898428363,33.838961038961045,22.674025974025977,2.5846160721209595,27.0
-2.661612493390469,20.28996744335948,64.77514621744169,0.855584148296885,30.94105960264901,21.473509933774835,4.714186859044219,15.0
-1.6845535253575363,26.898210713287618,51.443758748565884,0.9805835384001962,33.838961038961045,22.674025974025977,2.733398358417718,26.0
-2.5146668025850847,24.81837253576258,54.28597142848672,0.9539517843537261,31.01180124223602,27.43167701863354,2.1450502118439587,33.0
-4.269590855056736,21.243453174424108,63.041886748068315,1.113093936542811,31.01180124223602,27.43167701863354,5.505166651577122,13.0
-3.4360013850447517,22.142718093102594,51.084080183828554,0.8642456105876816,30.94105960264901,21.473509933774835,2.618063006188508,27.0
-2.848009861677445,20.644906804558463,63.138285820504265,1.1904380716445955,33.838961038961045,22.674025974025977,6.089293579173088,11.0
-3.2903767316002432,25.742935397085738,57.86428975062127,0.9260263501043656,30.94105960264901,21.473509933774835,2.7291477127231936,26.0
-1.999067968574483,26.220294792520093,56.124001608896386,0.9715694830960637,33.838961038961045,22.674025974025977,2.873981556865031,24.0
-2.0559869858700326,25.057422983554446,54.645208465271836,0.9098980129760091,31.01180124223602,27.43167701863354,2.2345066553763644,31.0
-2.6645069396903356,28.17102133002615,54.45675737191763,1.0317454469306189,42.928205128205136,29.330128205128204,4.499771663038947,16.0
-3.379626164601884,28.610088213080136,54.58703873674218,0.8234514801690336,30.94105960264901,21.473509933774835,3.9318996946696627,18.0
-3.7339908787102676,26.156243966831266,63.272046214402934,0.8598710022281796,42.928205128205136,29.330128205128204,3.3908747078315846,21.0
-4.182377045360612,20.127564797074307,60.85692845262179,1.0983190813674897,42.928205128205136,29.330128205128204,7.0577598072233005,10.0
-3.4353069495403377,26.952296557477357,60.04584511746726,0.8746002333619216,33.838961038961045,22.674025974025977,3.3568262663898683,21.0
-3.2604824483768415,24.179992169203516,61.981237234280016,0.8942057806226652,31.01180124223602,27.43167701863354,2.6380833800204915,27.0
-2.472531224687779,25.65557483226387,53.856719945062174,1.1171928942899352,31.01180124223602,27.43167701863354,2.79095236601476,25.0
-2.52552052710728,26.490806020188842,59.270642181226336,0.8373204713429014,42.070253164556966,27.28860759493671,2.784368824812446,25.0
-4.289675581076229,23.502366143270766,56.90099358436927,0.9749895291083364,42.070253164556966,27.28860759493671,2.963028751055786,24.0
-3.314222053706527,29.170985051717942,61.7366245280029,0.8092253547988908,42.070253164556966,27.28860759493671,5.079564879445399,14.0
-3.9546633983479142,21.339748667497812,54.638841657099285,0.9387229597271616,31.01180124223602,27.43167701863354,3.8855614299628973,18.0
-4.029561884049583,26.715118072810373,59.64767925304844,1.0795925610443018,30.94105960264901,21.473509933774835,4.194901059197891,17.0
-2.0180935507882625,20.043595799565804,63.233186177259704,0.8360413118868913,33.838961038961045,22.674025974025977,4.55264597110403,15.0
-4.374254349851228,29.24651105405181,56.03225714292393,1.155333850711504,31.01180124223602,27.43167701863354,7.052853325059895,10.0
-3.242451372293636,21.125041332380913,50.99933131051192,1.1637996171762863,42.928205128205136,29.330128205128204,4.514050064492084,16.0
-3.9953890327004453,20.948842301475747,57.74076233512689,0.8419961500500541,31.01180124223602,27.43167701863354,4.060664548145847,17.0
-1.862009352964578,23.33007633052244,55.18958731710539,1.1962929745503106,42.928205128205136,29.330128205128204,3.056074686473147,23.0
-2.8288784601748946,23.735662860390807,60.08338070820763,0.9190118213581956,42.928205128205136,29.330128205128204,2.8060858405851454,25.0
-3.8058580908694557,22.143000723228788,64.2654938712291,0.8336406684526425,42.928205128205136,29.330128205128204,3.626431884615323,19.0
-2.9927181385008708,25.851216609271248,57.284124769952705,0.8020268457989049,42.928205128205136,29.330128205128204,2.5016858250543934,28.0
-2.3055409208906523,24.429140980419636,56.99285345233301,0.9634091583055451,42.070253164556966,27.28860759493671,2.520436876809467,28.0
-1.6256459732416988,20.341755890410873,59.8187720028719,1.051923994282447,31.01180124223602,27.43167701863354,4.814428127883297,15.0
-3.8386619872637433,23.196520622553006,51.55246255390352,0.9328716999613254,42.928205128205136,29.330128205128204,2.7297138567575425,26.0
-1.8414546836119645,28.104329135731703,53.80259283387522,1.134686946189849,42.070253164556966,27.28860759493671,4.353583403935264,16.0
-1.697087657497529,26.897015348618687,63.78468988250598,1.08664251022602,42.070253164556966,27.28860759493671,3.7625494982262166,19.0
-1.7507383664038012,27.248708535798805,60.049139200456494,0.9400646127872131,30.94105960264901,21.473509933774835,2.965517699719768,24.0
-2.5937569294142704,26.981169240835236,50.20166065975124,1.093723866643442,42.928205128205136,29.330128205128204,3.3743298220548352,21.0
-2.610538036695877,23.109730213830332,53.0693820883853,1.1761950947876998,31.01180124223602,27.43167701863354,3.2094986804805843,22.0
-3.2903681004485317,20.996639220767758,60.24255899043349,0.8372383994172069,31.01180124223602,27.43167701863354,3.930881932947141,18.0
-2.2428063530886364,22.72467184033096,61.46598803843861,0.9224415840630468,33.838961038961045,22.674025974025977,2.8972771819962384,24.0
-2.906117944947204,28.317853001851592,62.59789359011063,0.9853303756466774,33.838961038961045,22.674025974025977,4.884997857513633,14.0
-2.4676857863151165,29.80470797783071,54.38265205073067,0.9991960511019075,42.928205128205136,29.330128205128204,6.208657748319917,11.0
-3.214626288453614,24.938470147415615,63.96542894416344,1.0168782579544295,33.838961038961045,22.674025974025977,3.1243485670784086,22.0
-2.3055106078705827,20.097003549230422,58.294203403668384,0.9202507626154595,31.01180124223602,27.43167701863354,4.746772306289757,15.0
-2.0265854471863527,21.40044812134229,60.44808533581839,1.0669038583929396,31.01180124223602,27.43167701863354,3.9422001565011304,18.0
-4.060691230191551,23.220805753162658,58.951082941698616,1.058033801411932,31.01180124223602,27.43167701863354,3.3323015377623704,21.0
-2.001210853277316,25.785853485929497,51.84110082011931,1.0311286025086455,42.928205128205136,29.330128205128204,2.5034031098739837,28.0
-2.8791104046290785,20.75093645805314,64.4467198907732,0.8455046886843507,33.838961038961045,22.674025974025977,4.1560563181055015,17.0
-1.9660022727293271,29.433572987098817,51.84313369841229,0.9907871564383778,42.070253164556966,27.28860759493671,4.961390004401798,14.0
-3.206094880976956,23.650836732844006,53.82322934616776,0.9424907549957502,31.01180124223602,27.43167701863354,2.483712740744411,28.0
-3.362878543850895,29.12584217924823,62.2044182033447,0.9964153879352491,42.070253164556966,27.28860759493671,6.384061909932918,11.0
-1.7548178024483327,27.80521802757022,59.27895442251652,1.1687465742060104,42.928205128205136,29.330128205128204,4.292621228314783,16.0
-3.746492197354796,27.55437272515581,62.572237480645356,0.9922125372633633,33.838961038961045,22.674025974025977,4.652966578791091,15.0
-1.9673630241415707,26.067195797822322,57.736042825610674,0.8055923167358048,42.928205128205136,29.330128205128204,2.159506035025429,32.0
-3.0479382824717876,26.267838170518445,55.65489853049952,0.9755346952336523,42.070253164556966,27.28860759493671,3.1337222756643426,22.0
-2.957713672346221,26.38003235216248,63.82768249321677,1.1282592720197528,33.838961038961045,22.674025974025977,3.961419804053634,18.0
-3.574595155531548,26.28721387025582,50.54378476272192,1.1120243692872673,42.070253164556966,27.28860759493671,3.549938781899589,20.0
-2.780873398142953,25.537282313983614,62.84195330529569,1.0053560294112724,33.838961038961045,22.674025974025977,3.161565689362991,22.0
-3.524366411171366,29.86414018482889,53.46226677781672,0.8999076051437261,33.838961038961045,22.674025974025977,5.701065215950245,12.0
-4.382191757275043,27.322905674256962,62.731044916309514,0.9860354651658181,42.070253164556966,27.28860759493671,4.656061704068428,15.0
-3.6840041839669317,27.769463883925212,52.08794920125328,1.0254808877672767,42.928205128205136,29.330128205128204,4.403086644033603,16.0
-4.480862869780228,28.724628150836743,58.70328445535811,1.1999485753096535,42.928205128205136,29.330128205128204,7.2212472304228115,10.0
-1.56493563882943,22.156397627258492,63.32161878517208,1.057671236067751,42.928205128205136,29.330128205128204,3.678058006001527,19.0
-1.6027583705407578,20.838041590950606,57.10309470348336,1.0777059720250453,30.94105960264901,21.473509933774835,4.160809452428351,17.0
-3.3145341075830848,24.828944365985986,61.19850010705089,0.9965816574272208,30.94105960264901,21.473509933774835,2.8771469097722933,24.0
-2.314887436981062,25.140806956192733,62.07007426783338,0.9417958203130119,31.01180124223602,27.43167701863354,2.6291668210523893,27.0
-3.4625817047687253,28.291817799499178,61.047413130751686,1.1251811934588825,31.01180124223602,27.43167701863354,5.697216606795861,12.0
-2.486720528742072,24.437835792823357,63.87994605311897,0.9979729297356945,42.928205128205136,29.330128205128204,3.0290506945401705,23.0
-2.0837098708620627,25.70853025544313,56.70251345779893,1.19787605198581,42.070253164556966,27.28860759493671,3.2855911947667082,21.0
-1.659731265923278,25.270709385134584,52.596881587477334,0.9828482297072176,33.838961038961045,22.674025974025977,2.246503327488884,31.0
-3.2993631724509838,20.38202783757391,50.7171659555372,0.827200113459031,42.928205128205136,29.330128205128204,3.90482745696027,18.0
-2.150106051131857,26.15214896596914,53.69689804456257,1.073031254836033,42.928205128205136,29.330128205128204,2.903947669312345,24.0
-3.7022146481036438,28.28043285774252,52.14796255820363,0.8186565803703245,42.070253164556966,27.28860759493671,3.7887160175309407,18.0
-1.529003088619055,21.575005480758037,58.36923112151721,0.9002006387538813,30.94105960264901,21.473509933774835,2.9522768346355455,24.0
-4.422691203706947,25.94331733926596,52.77418005817598,0.9414953011119613,33.838961038961045,22.674025974025977,2.812250416661364,25.0
-2.689413580496637,25.936105444464143,50.584005609340565,1.095793434248531,30.94105960264901,21.473509933774835,2.715992203385356,26.0
-2.5214820550460186,21.64184964056359,50.53984743303002,0.9976943705630451,42.928205128205136,29.330128205128204,3.321373255889685,21.0
-2.4358633287776135,21.23463573730736,62.473542475472925,0.8114583725241027,31.01180124223602,27.43167701863354,3.420530868368654,20.0
-4.138837263632733,29.800519429764847,58.871748971645374,1.0467399405103688,30.94105960264901,21.473509933774835,7.618709430726928,9.0
-1.6844106495806086,23.937191696530377,55.37127952840067,0.9645744949706649,42.928205128205136,29.330128205128204,2.303271743188112,30.0
-3.9564501628497517,22.27421728723529,63.413420641103706,1.168733803986843,30.94105960264901,21.473509933774835,4.648841348942382,15.0
-2.6317397902804767,21.713245444543748,51.052949171115706,0.9998249244560942,30.94105960264901,21.473509933774835,3.182026134566359,22.0
-3.831971762630745,26.67601713583235,64.7048310909174,1.0835900583757356,31.01180124223602,27.43167701863354,4.238148595920502,17.0
-3.578350748936187,26.094452973272787,59.24437685381692,0.8875473969318187,31.01180124223602,27.43167701863354,2.885208005423962,24.0
-2.860624374815627,26.435521229874176,52.751963809532725,1.1043894258126612,31.01180124223602,27.43167701863354,3.25948962974894,21.0
-3.2484197443062706,20.880060275114523,60.18603648465453,1.088382124193469,33.838961038961045,22.674025974025977,5.211716019016573,13.0
-4.019323197070481,28.935345834984368,61.45071889675344,1.1616326834165234,33.838961038961045,22.674025974025977,7.249543298484005,10.0
-3.9871907927374552,23.89266396809048,56.440141750561615,0.8135286566876797,42.928205128205136,29.330128205128204,2.4161795240657815,29.0
-3.245565635511601,23.13369406430358,62.924489093683206,0.9790002790469805,42.928205128205136,29.330128205128204,3.5658370455724895,20.0
-2.2281510651734977,24.623614472477392,52.26098610944705,1.071662161095852,42.070253164556966,27.28860759493671,2.485526273042775,28.0
-1.8061060594566345,23.900660657476283,54.18256375366413,0.8380655600320861,42.928205128205136,29.330128205128204,1.8619608361703146,38.0
-4.247617013221851,28.63577003139146,51.402385423759846,0.9642416268595649,33.838961038961045,22.674025974025977,4.864754373582455,14.0
-3.3206882773217967,29.292609751978922,53.16316760911028,1.176858641226478,33.838961038961045,22.674025974025977,6.4662275686480335,11.0
-4.1992633088313704,23.034532164496063,53.580932178667176,0.9743737963564513,30.94105960264901,21.473509933774835,2.920291275739401,24.0
-4.450222558102206,28.63935807459955,63.76449786382565,1.1941619133922525,33.838961038961045,22.674025974025977,7.409616962366424,9.0
-2.51484395206813,27.81523129533067,51.17164533126734,0.8227356244319279,30.94105960264901,21.473509933774835,3.07498353093857,23.0
-2.6926516741002366,29.30807672344762,56.41122680281564,1.0871319104563564,42.070253164556966,27.28860759493671,6.311924278318121,11.0
-4.010942658555342,22.457503121858878,57.9859803084037,1.0324064944993079,42.928205128205136,29.330128205128204,3.9098104796465853,18.0
-3.798561500720808,25.769591501209792,63.48039580703241,1.0002158708528501,42.070253164556966,27.28860759493671,3.595244573076267,19.0
-4.428876739066445,22.745445847404447,64.9654432799182,1.1883389605940038,30.94105960264901,21.473509933774835,4.655705196718263,15.0
-1.995158382916789,28.240944904843744,61.30082172379754,0.8518601601964515,42.928205128205136,29.330128205128204,4.106911856166355,17.0
-1.5759282118543458,20.053241905710642,64.56186485853544,1.1583995806723653,31.01180124223602,27.43167701863354,5.9996309308060765,12.0
-4.093621389615928,25.648191628863962,61.806516988038105,1.076496164454644,42.928205128205136,29.330128205128204,3.657811750398954,19.0
-3.8055743587041055,23.39203431271918,64.44803961457124,0.9035984293198531,33.838961038961045,22.674025974025977,3.187613739152723,22.0
-1.8947714281591979,23.226837070778203,60.60906088916683,1.1606676582529174,30.94105960264901,21.473509933774835,3.2265714352273798,22.0
-1.7206086061314454,26.44906323864917,51.19645138176607,0.9717179671444053,30.94105960264901,21.473509933774835,2.4423382380688445,29.0
-3.241117851579569,28.51484449313994,56.02880280489015,1.1256909312292283,31.01180124223602,27.43167701863354,5.423541842324803,13.0
-4.348132583192777,26.091953913933263,59.69895925703705,0.95553460681896,42.070253164556966,27.28860759493671,3.46541917154268,20.0
-4.381824498921542,28.531729786467224,55.26077764181377,1.1403723309732965,31.01180124223602,27.43167701863354,5.918075866307616,12.0
-2.778150401792969,22.6459711188103,54.10075877170668,1.0546516473780194,31.01180124223602,27.43167701863354,3.0184983167393744,23.0
-3.321314673320463,25.19501854764981,58.66098900699637,0.8564186534334909,33.838961038961045,22.674025974025977,2.420459669461394,29.0
-4.414042717267036,24.50536539067076,64.00252815053652,1.0598652653878111,42.070253164556966,27.28860759493671,3.8344439477063754,18.0
-2.7502428230623295,20.11644899503096,50.5247281027423,0.8765379050807491,30.94105960264901,21.473509933774835,3.784891181702074,18.0
-4.466092390232933,25.568121431407402,61.53846805312156,0.9647690511576651,31.01180124223602,27.43167701863354,3.5074143410389724,20.0
-2.137884125552181,26.615243241461748,60.840909170669406,0.8681182337008135,30.94105960264901,21.473509933774835,2.8509086016465255,25.0
-3.5807015318898854,25.919144044190702,64.45930138082431,0.8088064462668475,42.070253164556966,27.28860759493671,2.7625622325013452,25.0
-4.379225990972303,27.362798987834214,63.960668334988156,0.884754615779983,42.928205128205136,29.330128205128204,4.353211499512974,16.0
-2.73494333705054,25.71339528453077,61.43348843066289,1.0145488094896502,31.01180124223602,27.43167701863354,3.0055298095339036,23.0
-3.306946756700836,20.66750254850757,57.80613147023898,0.9926243871109384,31.01180124223602,27.43167701863354,4.763056378784096,15.0
-1.5785987599285516,21.164455240847115,53.0640132985028,1.0005988382144255,42.070253164556966,27.28860759493671,3.4333927570218394,20.0
-2.8674040124888935,25.964745775439525,58.17853577488361,0.8990747513786406,42.070253164556966,27.28860759493671,2.7956482580155604,25.0
-3.6742824568889754,22.749791919736403,61.480279908794806,1.0740644802456745,30.94105960264901,21.473509933774835,3.713506297298372,19.0
-2.3716834060980756,20.796451290347658,63.435038189568395,1.0817053147281384,33.838961038961045,22.674025974025977,5.053219368286675,14.0
-3.685523992371866,24.296027434485467,61.84568013815824,0.9431871302238662,31.01180124223602,27.43167701863354,2.7758795509451812,25.0
-1.7872701257773045,25.543225980836553,52.92900402786581,1.1524680353896697,42.928205128205136,29.330128205128204,2.909601148164529,24.0
-3.3758340884778706,23.287459883496066,58.99529471342089,1.057609286654219,42.928205128205136,29.330128205128204,3.2178246991886894,22.0
-2.8503943116713844,27.20433702225778,54.98260189297036,1.0852157101034527,30.94105960264901,21.473509933774835,3.764829119120153,19.0
-4.348280688527313,26.437706081012447,50.13808501085965,0.9109359671755758,31.01180124223602,27.43167701863354,2.881774717433668,24.0
-3.2216362861433074,23.32818361091672,53.00331403682999,0.8002446540622349,31.01180124223602,27.43167701863354,2.114158736769378,33.0
-2.002909381017015,27.548725289085606,51.69830974900174,1.1461502448408438,30.94105960264901,21.473509933774835,3.6686482484554963,19.0
-2.083053583909974,26.486950425330356,62.640786853092024,1.1289697538319234,30.94105960264901,21.473509933774835,3.7178869575528806,19.0
-3.8270443234394214,26.37445378717902,53.87759378221718,0.8492767552171321,31.01180124223602,27.43167701863354,2.5954933511303775,27.0
-3.821762786968312,25.53427700787068,54.27046953331333,0.9496420539825225,42.070253164556966,27.28860759493671,2.7773294927854795,25.0
-2.0480840633602897,20.113896680885528,64.39904857698326,1.0645357233554331,42.928205128205136,29.330128205128204,5.992055528772119,12.0
-1.7088047394920234,26.965071834768892,55.68630084573278,1.0608443428874912,31.01180124223602,27.43167701863354,3.2776971217553905,21.0
-4.21391723618099,23.760417911091565,50.143784602165915,1.1441401339234225,33.838961038961045,22.674025974025977,3.184227440856356,22.0
-3.149824081721324,29.426097101586556,54.257692225192045,0.8561072646541714,42.070253164556966,27.28860759493671,4.940404360612157,14.0
-3.487637163107313,28.17984771077205,51.789493709027184,0.9719758991140475,42.070253164556966,27.28860759493671,4.392924659269286,16.0
-1.8879346336276819,25.87694469531312,51.542128426037806,0.83888976717057,31.01180124223602,27.43167701863354,2.058780041281011,34.0
-4.2494252559599435,22.521819818192693,51.162309352036246,0.9558380993754513,33.838961038961045,22.674025974025977,3.1944939734166837,22.0
-3.866622172325888,22.037173932776668,58.89889205263066,0.8060429782350818,31.01180124223602,27.43167701863354,3.114637621703973,22.0
-2.242594987240517,23.403848376775493,52.84021585444788,1.1593092260440507,42.928205128205136,29.330128205128204,2.9663769626838445,24.0
-4.346118453056353,24.765679435800187,55.41864191061516,1.0108175987314725,33.838961038961045,22.674025974025977,3.0585896628941924,23.0
-3.022393857857132,22.96065510038947,62.93026574195025,1.1399209043209415,30.94105960264901,21.473509933774835,3.785273218115854,18.0
-3.17367889596084,25.14929495392483,56.36507209694413,0.8239618804013455,30.94105960264901,21.473509933774835,2.4492491976058703,29.0
-3.4967964630337542,21.65370425513186,63.735370250774565,0.8909832441891683,33.838961038961045,22.674025974025977,3.99825913214092,18.0
-3.316283054043229,29.777128128255,57.46907080093409,0.9037519980884723,42.070253164556966,27.28860759493671,6.242781341233297,11.0
-2.9101782392093014,21.07924554964994,55.98254922259633,0.9546765978555152,30.94105960264901,21.473509933774835,3.7672289718802894,19.0
-4.01589792483485,29.31944139654372,61.25583390636052,1.1211465489590184,30.94105960264901,21.473509933774835,7.4080424858171545,9.0
-2.7840123651492217,29.13578011402695,51.09762648152003,0.9546231494925971,30.94105960264901,21.473509933774835,4.445352663309605,16.0
-2.083703012100041,25.25360481819498,51.34217574473626,0.8818614118585308,30.94105960264901,21.473509933774835,1.9589777142071334,36.0
-2.219517210629523,27.249102718360845,59.779605708844414,0.8259961041355074,42.070253164556966,27.28860759493671,3.185941209196435,22.0
-4.0383002859186785,24.36048297972588,57.30411069858872,0.831796699341075,30.94105960264901,21.473509933774835,2.4037897062000355,29.0
-4.052251590775578,26.300345775424383,61.856228754788155,1.1040188823843908,31.01180124223602,27.43167701863354,4.106803644434525,17.0
-3.69547689676526,23.405759374211186,63.74406256015297,0.9779211964146532,33.838961038961045,22.674025974025977,3.3185761221367382,21.0
-3.4167758209768886,23.011590197854453,55.825503165073215,1.0904724488000062,33.838961038961045,22.674025974025977,3.2447767344765888,22.0
-3.2746332557745523,25.782297861695138,58.946150398769696,1.072914848705479,42.070253164556966,27.28860759493671,3.4269127560686408,20.0
-2.460908349499964,24.981296741839802,57.510449416929646,0.8541449847041032,30.94105960264901,21.473509933774835,2.2361041202118037,31.0
-4.329958703502494,25.79536369149981,64.7241598346365,0.857155173676907,42.928205128205136,29.330128205128204,3.299432972100832,21.0
-4.395981887321801,22.86660581287023,62.466266110348926,1.1021368061736536,42.928205128205136,29.330128205128204,4.300370247761553,16.0
-3.324268311168273,23.669578318169954,63.6760656241603,1.0885073173941668,30.94105960264901,21.473509933774835,3.330334290365099,21.0
-2.4085089235860586,20.838979606289094,53.815101313664066,0.9512123067497241,33.838961038961045,22.674025974025977,3.758776667833648,19.0
-3.9196939711305525,20.522763722722058,61.587896347438914,0.830968905333136,42.928205128205136,29.330128205128204,5.07348780584334,14.0
-2.575486556231245,22.534571296730164,53.982098374964735,0.804839208679381,30.94105960264901,21.473509933774835,2.4301983267812495,29.0
-3.7205155861791015,20.742468593305457,53.131138001425846,0.9152627797846979,42.928205128205136,29.330128205128204,4.169938240000008,17.0
-1.8417416735594507,21.03774708634741,64.16399239483326,0.8036889094348908,31.01180124223602,27.43167701863354,3.1923289271551445,22.0
-1.8129301672001503,28.129284053939372,50.289566250768,0.8920290484414813,30.94105960264901,21.473509933774835,3.091342646988066,23.0
-3.6081383871560204,20.388736970166892,64.48083055495144,0.9678002960845354,31.01180124223602,27.43167701863354,5.694286436108691,12.0
-3.8100187381102786,26.589427939347427,52.23892845483209,0.8485663061247817,31.01180124223602,27.43167701863354,2.620639069571469,27.0
-3.266088083801306,22.725577488154006,62.29157122689902,0.8417111031326185,31.01180124223602,27.43167701863354,2.9727498628459363,24.0
-3.7784052444595537,28.715456807081264,54.13883829602155,1.1585749742874947,42.070253164556966,27.28860759493671,6.174793343928904,11.0
-2.482848470124889,24.849922845774994,55.26053491146091,1.0341880116091557,42.070253164556966,27.28860759493671,2.66218431223307,26.0
-2.021805946355143,23.05576459327826,53.251365669829774,1.1737822747051125,42.070253164556966,27.28860759493671,3.155973733047588,22.0
-2.480723607266349,25.176389356894347,58.7827106372162,0.9383304655142717,31.01180124223602,27.43167701863354,2.4374501090024077,29.0
-2.0269486582519516,23.81958019045269,55.22143321261811,1.0708579749316653,42.928205128205136,29.330128205128204,2.68366818114084,26.0
-3.3090235133775776,25.6430106466983,59.86089559241995,0.8818766698487162,42.070253164556966,27.28860759493671,2.8838190912486463,24.0
-4.031049087873417,21.145328683263482,50.23470976913099,1.0473361269119765,42.928205128205136,29.330128205128204,4.3843258404746175,16.0
-2.2861471578072234,29.96990502812551,50.96562325272559,0.8518342920039939,31.01180124223602,27.43167701863354,4.889750796573276,14.0
-3.4185764845753384,24.255558776967177,51.49491729096873,0.8008322556705143,42.928205128205136,29.330128205128204,2.1687528567826733,32.0
-2.4861875243126024,23.482306397073685,56.284905279653465,1.1726127205638317,30.94105960264901,21.473509933774835,3.1278018588316296,22.0
-3.688068174054703,27.10209848316265,62.22194258989964,1.0219577504700836,42.928205128205136,29.330128205128204,4.412867483310345,16.0
-4.256311095579982,23.638994064953323,63.32266865567574,1.1707762651128157,33.838961038961045,22.674025974025977,4.085836856046589,17.0
-1.5222546135367097,28.332743050287576,53.67216110091351,0.9335326094808288,42.928205128205136,29.330128205128204,3.6769412613342403,19.0
-4.0313954762082025,24.54270724360425,58.61554586358521,0.9311144276647028,42.928205128205136,29.330128205128204,2.9410876267221617,24.0
-1.5347370181095568,27.19558413265435,61.525474890389006,0.9602620007092126,42.928205128205136,29.330128205128204,3.350348816575865,21.0
-1.5681602023006582,21.074532164418866,54.33244144879413,1.0824163935832674,31.01180124223602,27.43167701863354,3.8809507400810532,18.0
-2.118545688275881,28.461191855551117,56.1351160510441,1.0263234536744696,33.838961038961045,22.674025974025977,4.4797810488081105,16.0
-2.521731113754007,27.3571798677811,57.85961304028571,1.1701419628396472,30.94105960264901,21.473509933774835,4.421229572427037,16.0
-2.766578849246746,22.117167784619657,52.023122696120716,0.8101763604529758,42.070253164556966,27.28860759493671,2.8251024299320915,25.0
-1.9016953638664962,21.452860097457865,50.389734405886706,1.0832783751890145,30.94105960264901,21.473509933774835,3.4175214077495126,20.0
-3.631681435141536,23.162923487256244,52.292087139774246,0.9321310757466217,33.838961038961045,22.674025974025977,2.6330801119784306,27.0
-3.096956362545369,29.760705860319042,59.402804318803,0.8720934607273845,42.928205128205136,29.330128205128204,6.004105673769666,12.0
-2.641830091900494,22.568315745670585,51.10427392300522,1.0041582490080396,33.838961038961045,22.674025974025977,2.856311743150599,25.0
-3.2664285723915265,24.561272089466332,52.845445472751926,1.0020255136719984,42.928205128205136,29.330128205128204,2.674874409460209,26.0
-3.217540637729196,20.300202257173364,55.06780828542956,0.8548044114753715,33.838961038961045,22.674025974025977,4.285536150931423,16.0
-3.509145997493747,23.972275295662325,51.168050964595494,0.8807584224531559,31.01180124223602,27.43167701863354,2.3790779757853016,29.0
-2.807304549946392,25.713200154331027,52.87548906742452,0.9632658659606219,30.94105960264901,21.473509933774835,2.402394663684544,29.0
-1.948276415954652,29.53124612507965,63.66904683475266,0.9635245649569262,42.070253164556966,27.28860759493671,6.0670284317653485,12.0
-3.8954148659810617,25.167360449400643,50.28948698340477,0.9270232558478739,31.01180124223602,27.43167701863354,2.3512579689698896,30.0
-1.696700883739676,28.19107326177688,59.80147886261543,0.8594180606039924,42.928205128205136,29.330128205128204,3.834086440591821,18.0
-2.432737038755311,25.471276425689005,55.766133963727775,0.8017494716403919,42.928205128205136,29.330128205128204,2.235293732975589,31.0
-2.0301803619599097,20.40785013435518,60.08973109148557,1.1880940249712082,33.838961038961045,22.674025974025977,5.541365865239113,13.0
-2.831427922109965,23.15008275189774,58.83037580545107,1.1773996918815708,33.838961038961045,22.674025974025977,3.567037815586277,20.0
-2.1614498957278094,25.755495078311032,53.352481315319665,0.9934601516704541,30.94105960264901,21.473509933774835,2.32988026371492,30.0
-4.451398807981598,29.505939659311245,62.70814231360083,1.1980207013100022,33.838961038961045,22.674025974025977,8.852939497671446,8.0
-2.0448587256613946,28.591303597512333,57.37910573914035,1.0694617323128972,31.01180124223602,27.43167701863354,4.767111719941368,15.0
-4.379583422743901,22.283556141788477,62.33804028370208,0.8275430150430166,30.94105960264901,21.473509933774835,3.270744524601422,21.0
-1.8302598709114126,22.201098300191635,56.090188042823286,0.847087279633051,31.01180124223602,27.43167701863354,2.583637776146401,27.0
-1.5241117582840702,22.01172967113901,64.77028330872858,1.166444337547855,30.94105960264901,21.473509933774835,4.014429531961181,17.0
-3.6177976134696666,29.224988963025034,61.557340377519445,1.0520208808598515,42.070253164556966,27.28860759493671,7.2204039733662135,10.0
-3.869044331142619,28.526661531017204,64.4892530766886,1.1372734506629405,42.070253164556966,27.28860759493671,6.942263372695548,10.0
-2.203909908425878,27.74883432252949,57.714897183647885,1.1593078598535378,30.94105960264901,21.473509933774835,4.385008486944668,16.0
-3.74092097723924,23.927351142242276,57.10536698436051,0.9791768045129544,30.94105960264901,21.473509933774835,2.9168885517399485,24.0
-1.9033128504833896,25.043807042987666,61.33180713987887,0.8194103806306773,42.070253164556966,27.28860759493671,2.24122247770348,31.0
-4.19147222352757,24.643317447951528,63.20436894520145,0.8753121395589288,33.838961038961045,22.674025974025977,3.0147990745211204,23.0
-4.122134410861925,22.533981075593726,64.46218693798338,0.8266287789209741,33.838961038961045,22.674025974025977,3.3259915901839108,21.0
-1.5625453346981533,25.05028046148767,54.86827859048749,0.875495938279403,42.070253164556966,27.28860759493671,1.8459471272663672,38.0
-2.478483305189986,20.304965478527546,61.98056860763958,0.9642131705823507,42.928205128205136,29.330128205128204,5.370335308747366,13.0
-1.9593383267131417,21.318103734974592,53.15968396453305,0.8472787242059943,31.01180124223602,27.43167701863354,2.943957454884274,24.0
-3.527011867945446,28.865895961689464,58.18361520118168,0.8666932991221373,42.070253164556966,27.28860759493671,5.119108862294769,14.0
-2.4705487514381868,27.516797670314233,52.697722226137984,0.9783287128286717,31.01180124223602,27.43167701863354,3.1174352414089648,22.0
-2.717274518074208,24.22868409059087,55.210960426255085,0.9360683801553958,30.94105960264901,21.473509933774835,2.2720775488871108,31.0
-2.690549639631159,25.17150362283877,63.97037550809689,0.9870632496752164,30.94105960264901,21.473509933774835,2.844863165642332,25.0
-2.4524026213868355,23.699988859599774,52.19136049659629,0.9716688111036248,42.928205128205136,29.330128205128204,2.3568977733329186,30.0
-2.773922480612704,27.407798671606724,59.48601342702795,1.0577912103919533,33.838961038961045,22.674025974025977,4.288910701218311,16.0
-3.212812892092002,27.841871792320795,58.89431409391105,1.1748758195503417,30.94105960264901,21.473509933774835,5.074636694592433,14.0
-3.6722319168583595,27.63285190203159,51.8110752906348,0.843145735377697,30.94105960264901,21.473509933774835,3.1819750807247824,22.0
-2.194256007260394,27.226117248344494,54.88968565653218,0.839704059723678,42.070253164556966,27.28860759493671,2.9226801330851946,24.0
-3.8211827099904414,22.045043386927958,58.44472256772899,1.1411224444363608,42.070253164556966,27.28860759493671,4.59248765544431,15.0
-2.4229370815367575,23.379699792404786,52.80767913482735,1.0025586818609837,42.928205128205136,29.330128205128204,2.283741997114772,31.0
-3.80000153205202,24.69845434983675,62.00935484619223,1.106562009427377,42.070253164556966,27.28860759493671,3.5221237638581973,20.0
-2.6240094901366384,23.307929914276556,64.58234764302125,0.8861687614429126,33.838961038961045,22.674025974025977,2.6385571998096835,27.0
-2.258765198612913,27.54940200158329,53.221390999437084,1.1315450292670206,42.070253164556966,27.28860759493671,4.065818220070931,17.0
-3.8438583332803824,23.293535242499548,52.803679471858636,1.1695386496770783,42.070253164556966,27.28860759493671,3.4396710356985016,20.0
-4.320170097416075,21.382320867853373,56.82402607696167,1.0541932062185952,30.94105960264901,21.473509933774835,4.587837831492108,15.0
-4.107078771017478,23.99040452048304,61.21647915710048,0.842351608589521,30.94105960264901,21.473509933774835,2.4386831053821556,29.0
-2.6820090981869233,29.799144327823804,54.22400915352877,1.1581179256625356,30.94105960264901,21.473509933774835,6.753326629892676,10.0
-1.9516607813227935,22.25881412933576,50.298198630459204,1.1169950909480284,31.01180124223602,27.43167701863354,3.0650910104448412,23.0
-4.3650095362937265,26.12158658943229,58.11830942049341,1.100351110605796,42.070253164556966,27.28860759493671,4.089242831914852,17.0
-2.297546222875061,24.329730498397062,64.34900851650961,0.8146912755623663,30.94105960264901,21.473509933774835,2.350064961987058,30.0
-3.4760440621498434,20.710245676493265,55.86915283110418,1.1195850101027884,33.838961038961045,22.674025974025977,5.113454903935572,14.0
-3.0644148902414323,24.878766059980595,56.302018312746505,0.8551804041873429,42.070253164556966,27.28860759493671,2.5045284589279166,28.0
-1.7134213504633031,27.021643286483126,64.53352575671057,0.8889544704787554,31.01180124223602,27.43167701863354,3.1768272368490154,22.0
-3.5040854857924635,25.132199758278187,60.419114174400924,1.030853933947703,33.838961038961045,22.674025974025977,3.0972118148878294,23.0
-3.1039891981815417,28.72106063746581,60.78757884263187,0.9059923091667532,30.94105960264901,21.473509933774835,4.653807321596071,15.0
-4.458952755717957,22.889370166575826,58.44053008056601,1.064539282524768,30.94105960264901,21.473509933774835,3.755603405131441,19.0
-4.255203839985485,20.86249171303965,64.61913816294862,1.0432281790796325,42.070253164556966,27.28860759493671,6.0005672643068095,12.0
-3.7242252265956477,29.365656116580062,60.332997266383344,0.8432598392053051,42.928205128205136,29.330128205128204,5.818238363220039,12.0
-4.416443277536777,23.78196349528219,63.425491274077544,1.0624058318366025,30.94105960264901,21.473509933774835,3.5948162892928455,19.0
-2.605874021855247,25.764055514536334,60.49068298599832,1.169581963929972,30.94105960264901,21.473509933774835,3.5638116116582292,20.0
-3.2208049295951326,27.920031261301958,61.026737372605936,0.8644439620743333,33.838961038961045,22.674025974025977,3.982442305657957,18.0
-2.8555643918159337,23.243136638755807,54.356163832133696,1.038824808377155,30.94105960264901,21.473509933774835,2.778931905094338,25.0
-3.9760584423110115,27.16164538177611,54.55218047020728,0.9367461487746777,42.928205128205136,29.330128205128204,3.834603402072438,18.0
-3.612203911690152,21.35418849817828,61.74476974364044,0.9838446687094415,33.838961038961045,22.674025974025977,4.41803789980277,16.0
-2.5085265754418247,22.912937472055052,54.450594337548495,0.9148000716315879,31.01180124223602,27.43167701863354,2.563560328056246,27.0
-1.6040918291088007,21.4471063613652,58.441551062022974,0.9416522545390781,42.928205128205136,29.330128205128204,3.451573857865837,20.0
-4.348749679193372,28.112305584013576,53.74028466360053,0.8115647293066229,31.01180124223602,27.43167701863354,3.6224678364733847,19.0
-1.8288470374342016,22.226492352267854,62.254750712136044,1.1926206951668883,30.94105960264901,21.473509933774835,3.878569002677143,18.0
-2.7693563960663745,27.174035554052104,51.65752026841535,1.0499199688290992,30.94105960264901,21.473509933774835,3.4037021524944335,21.0
-2.8082412997331287,29.432983972456526,62.44169959642497,1.000282236197554,42.928205128205136,29.330128205128204,6.802911913855149,10.0
-2.9991643943767192,25.27772209068877,59.04094700761403,0.9534861398001306,42.928205128205136,29.330128205128204,2.9875892495142464,23.0
-4.29181774228745,25.400291922606876,52.803643022406156,1.015749823529611,30.94105960264901,21.473509933774835,2.839550629078895,25.0
-4.230369444791518,24.61033568097812,58.13053078259178,0.9520423994863216,30.94105960264901,21.473509933774835,2.734392295704278,26.0
-2.697263983022742,23.258901433936426,54.237482552710105,0.9439631709974693,33.838961038961045,22.674025974025977,2.48525789011397,28.0
-3.477124285693325,24.75655030924917,54.85201002095745,0.9855786166888052,30.94105960264901,21.473509933774835,2.4925767670193677,28.0
-1.748195800266958,26.028075322667593,55.272920623953205,0.9103932134684763,31.01180124223602,27.43167701863354,2.2935046333557016,31.0
-3.280228387921583,29.859915721706592,50.94978870458481,0.8720199599867142,42.928205128205136,29.330128205128204,5.396342138356766,13.0
-4.070155623892076,29.377645593182244,64.78942526602125,1.0226423592721174,33.838961038961045,22.674025974025977,7.507130626876718,9.0
-2.3558434994938917,28.621529582931217,50.47301942196836,1.1371061744601203,30.94105960264901,21.473509933774835,4.410054219924012,16.0
-3.6199397356769705,28.891305357048584,59.93745309776418,0.8611312710903569,31.01180124223602,27.43167701863354,4.866338694948949,14.0
-2.9235890779323204,24.67849183292043,55.56841471636146,0.8130937362416875,42.070253164556966,27.28860759493671,2.120112803933823,33.0
-2.40650164348449,26.574443271774648,59.69015436420048,0.8987246980616145,30.94105960264901,21.473509933774835,2.9759680445881056,24.0
-1.799207666393789,28.95066722936214,55.34372379631375,1.1918882573815242,42.928205128205136,29.330128205128204,5.647204416240026,12.0
-2.1234264155949716,23.929507649913532,60.10625969388288,1.1315032294973357,33.838961038961045,22.674025974025977,3.016086233073202,23.0
-2.470916796381828,29.617624783454687,60.938532642025415,1.0383464214114386,30.94105960264901,21.473509933774835,6.430283407673281,11.0
-2.461100452814569,24.157860620691828,60.35828960599467,1.1716995660972542,30.94105960264901,21.473509933774835,3.237882449868896,22.0
-1.6622260679037404,26.010826653932156,51.709429720372285,0.9781116467348978,42.070253164556966,27.28860759493671,2.4883878853367483,28.0
-3.6125277075103917,27.09804713272372,59.85339851982027,1.1933122410300694,33.838961038961045,22.674025974025977,4.729345386711239,15.0
-4.496663717411438,29.505920130759385,54.19981324181146,0.9185208180477137,42.928205128205136,29.330128205128204,6.152304435879683,11.0
-3.684136321805404,22.44616274052266,50.43202055854,0.8961222998063757,33.838961038961045,22.674025974025977,2.533071556054181,28.0
-3.846325861119768,27.461309782386422,56.22246007833431,1.0552192804588043,42.928205128205136,29.330128205128204,4.511683317801336,16.0
-2.5144962446580053,25.208155861440822,56.50314654205702,0.9512615871801442,31.01180124223602,27.43167701863354,2.492792098388186,28.0
-2.598865200703413,22.68557140620641,57.0076120002867,1.050546216790503,30.94105960264901,21.473509933774835,2.953548090090379,24.0
-2.7196158518858287,27.766068397963906,60.57236248086075,0.9219982073210743,33.838961038961045,22.674025974025977,3.793543702678801,18.0
-4.451269670371639,25.522222801738465,54.63265713713689,1.0471673027351964,31.01180124223602,27.43167701863354,3.159600955080533,22.0
-2.313665836648058,26.609738206496758,54.72920769655884,0.9102985042340146,42.928205128205136,29.330128205128204,2.8387385272867425,25.0
-3.5294087625435253,23.22901068577901,50.90828384361891,0.820388827527556,31.01180124223602,27.43167701863354,2.083854096949609,34.0
-2.5048320329801066,24.81273951827605,60.30231823988444,1.1648543607692734,33.838961038961045,22.674025974025977,3.1094246441808355,23.0
-2.83026471449354,26.17354250988067,58.517391370993764,1.1532820807493849,33.838961038961045,22.674025974025977,3.3701822201913623,21.0
-3.4718072237162785,24.04910814269844,55.241376690406824,1.1883192597090688,42.928205128205136,29.330128205128204,3.5184753633558503,20.0
-4.096271198687677,21.983725398477013,60.57783468376032,1.086610870488562,42.070253164556966,27.28860759493671,4.500081121992768,16.0
-4.216743307018557,29.61640492315304,58.060366238403155,1.073088471094121,31.01180124223602,27.43167701863354,7.408572839005848,9.0
-2.0054450006633293,25.114675400426172,57.038674188058096,1.0236012280299323,42.928205128205136,29.330128205128204,2.6578767274363306,26.0
-1.744807373755326,27.339203702877004,57.6698681549169,0.8503769665410091,33.838961038961045,22.674025974025977,3.0027543747082497,23.0
-2.5506358597071013,24.110471935560582,59.54522187900585,0.8756941243797081,33.838961038961045,22.674025974025977,2.287708874471113,31.0
-4.18969765541855,23.551317640257164,59.900039068618995,0.9157878754690145,42.928205128205136,29.330128205128204,3.103920539786865,23.0
-3.2939183493352777,24.07164298467125,54.33436728711076,1.1560625450293578,42.928205128205136,29.330128205128204,3.0139407019220976,23.0
-2.3131823996845284,24.0919664378565,52.1111504508673,0.8691878098412301,31.01180124223602,27.43167701863354,1.7915550867793208,39.0
-2.160537347969796,25.441801159419537,52.34951271785778,1.1691492697951562,42.928205128205136,29.330128205128204,2.9614551805251197,24.0
-4.145344133126734,25.43469869981363,59.59086328854502,1.0091142932205668,30.94105960264901,21.473509933774835,3.0109636980164796,23.0
-4.499907843463853,24.971538158828714,63.09309928650689,1.0862278541892287,30.94105960264901,21.473509933774835,3.5974681009421143,19.0
-2.363588862358185,21.347857849174382,56.14244417518328,0.8440977946722267,33.838961038961045,22.674025974025977,3.242639004913715,22.0
-3.430211472041383,24.96075478500531,52.54280240494194,0.9076134195103643,42.070253164556966,27.28860759493671,2.5133644820863164,28.0
-3.736556005145219,21.691039004206516,61.34903747440782,1.1834074432725705,33.838961038961045,22.674025974025977,4.9841189701711395,14.0
-4.4613075906314235,21.261357862957652,62.48734211629173,0.9064599787718925,33.838961038961045,22.674025974025977,4.403798826836894,16.0
-2.879101779715501,29.326457173411676,63.2087366468145,0.9186086881564585,31.01180124223602,27.43167701863354,5.801002102996399,12.0
-1.946547793722055,26.049500131477043,59.102471433706,0.8790389539364318,42.928205128205136,29.330128205128204,2.722952365521105,26.0
-1.6271050611822364,26.59490058124584,62.91092839082127,0.8516294661227318,42.928205128205136,29.330128205128204,2.75139542862815,25.0
-2.802765148160132,24.01793670333364,50.23122437672612,0.8933030565815993,30.94105960264901,21.473509933774835,1.9815946291733297,35.0
-2.9566160167803175,29.08980891914864,51.608537026542855,1.0569307567803192,31.01180124223602,27.43167701863354,5.106112227370035,14.0
-4.244830843532276,26.379304895796654,51.38864100578148,0.9821470934014254,33.838961038961045,22.674025974025977,3.1426203543753224,22.0
-2.8533815953722006,27.691698695235875,60.689070263820994,1.0215023345351595,33.838961038961045,22.674025974025977,4.453783906443057,16.0
-3.3600627631038162,23.685624690277137,51.043726753153685,0.8489459315064097,42.070253164556966,27.28860759493671,2.128135209216883,33.0
-2.678594157349269,29.600118808191255,57.44546558699461,1.12084657886516,42.928205128205136,29.330128205128204,6.901744372604222,10.0
-3.33382095637036,28.20461290158315,57.090603479544335,1.113637880231939,31.01180124223602,27.43167701863354,5.334306154200076,13.0
-3.7791026296488996,28.539484630145438,54.660552853373616,0.8086359644570702,31.01180124223602,27.43167701863354,3.9444133876543606,18.0
-4.21510417431487,21.721942674257544,63.0560775491315,0.953406037804122,42.070253164556966,27.28860759493671,4.518535207475478,15.0
-3.555244666233313,22.709632078712197,52.55649802819994,0.8275082407884592,30.94105960264901,21.473509933774835,2.375547861907907,29.0
-4.2100654971367435,22.85626599683577,55.2869417659886,1.1168423117659831,31.01180124223602,27.43167701863354,3.6303336410259295,19.0
-3.9693091475280484,22.709092232468713,61.61257250034394,1.0949078732502817,42.928205128205136,29.330128205128204,4.252700239343238,16.0
-1.5379915242613622,28.55408162104288,50.45633471589927,1.1607952377172623,31.01180124223602,27.43167701863354,4.335893675404183,16.0
-3.1676893292801442,20.31884795208592,60.094256003695534,0.8945615835812458,42.070253164556966,27.28860759493671,5.159841002547458,14.0
-2.9043847004849503,20.760999889807742,62.24596589542356,0.9825183532511196,33.838961038961045,22.674025974025977,4.798312548968356,15.0
-1.879144413788354,22.739148706299037,63.984017582572505,0.8737951508657591,42.070253164556966,27.28860759493671,2.816507485559851,25.0
-1.5132932985279366,21.998729746494437,63.14444960737227,0.9484939737896478,42.070253164556966,27.28860759493671,3.3624822581436695,21.0
-2.7518566519659555,22.318596138828482,54.790761752505276,1.0088973006267536,31.01180124223602,27.43167701863354,3.141953152179485,22.0
-2.062578536867485,27.979431892533,58.79546211984429,0.8213323159354357,42.070253164556966,27.28860759493671,3.495793765952217,20.0
-3.5191769269899744,25.63126593892047,51.15940239725699,1.085948164270954,42.928205128205136,29.330128205128204,2.8971428035147424,24.0
-3.5827681276581265,20.057706612929678,53.86805005322013,1.01731734414843,30.94105960264901,21.473509933774835,5.317953123602539,13.0
-3.2918888370163195,24.293227657041953,51.41333568121261,1.1315836068842693,42.928205128205136,29.330128205128204,2.8903489717943485,24.0
-2.4824782119790525,24.07884926850359,54.72780935230946,0.9087122004764789,42.928205128205136,29.330128205128204,2.288466714589605,31.0
-2.4534249322347037,21.139452694445435,63.12780820188094,1.1613284421077017,33.838961038961045,22.674025974025977,5.1255359063422175,14.0
-3.5542816960516475,26.76141788601457,55.20750259511439,1.1994777012121773,33.838961038961045,22.674025974025977,3.9901914226438677,18.0
-4.100370227590114,27.02097188379491,58.428471545021395,1.1677193753510697,30.94105960264901,21.473509933774835,4.439306834031529,16.0
-2.602811230603474,27.208932190520976,56.50071272172411,1.1111569903332617,42.070253164556966,27.28860759493671,3.779685083887686,19.0
-4.115022413433707,27.28470945558592,56.88374786448103,1.1249475211495124,42.928205128205136,29.330128205128204,4.945365035524508,14.0
-2.7645224753120097,20.000528269322967,64.54358077754837,1.0294976970178347,42.070253164556966,27.28860759493671,6.443876925379832,11.0
-2.419733615831073,29.539208038467223,54.44231702395787,0.8760615451650442,33.838961038961045,22.674025974025977,4.807415993106846,15.0
-2.398165510816645,28.14208767054663,59.409867042847566,1.070816274059087,31.01180124223602,27.43167701863354,4.569171155489752,15.0
-2.2395836680212096,29.039816965892854,56.3009400436917,1.0851012008239727,33.838961038961045,22.674025974025977,5.143560065466904,14.0
-1.8814217353030065,20.15643295307434,50.917192715715295,1.1941540561071622,42.928205128205136,29.330128205128204,5.151002004594506,14.0
-3.0001230241056347,29.338587957857392,57.33996247436354,1.0165205265025288,33.838961038961045,22.674025974025977,6.003193630964043,12.0
-2.3092524314112866,28.097885286881045,62.20014993567662,0.9085476060100226,42.070253164556966,27.28860759493671,4.361988611071286,16.0
-2.6424817939024896,28.372191429586984,51.48129453022533,1.0734690086958028,42.070253164556966,27.28860759493671,4.633980740738835,15.0
-3.9400801806069525,20.932873847219685,51.043877710944635,1.1917503278665817,42.070253164556966,27.28860759493671,5.267581653254769,13.0
-4.422931065391776,27.387780289185976,52.304472805899,0.8708855633076377,42.928205128205136,29.330128205128204,3.6824685465941385,19.0
-3.646375842969199,29.59916689642091,61.46600167083959,0.9303991674142411,42.928205128205136,29.330128205128204,6.771019409262258,10.0
-3.1708988809871417,26.785473414181606,60.85993076217107,1.0167523815090724,31.01180124223602,27.43167701863354,3.7701614468991687,19.0
-2.648682166714031,25.705614046246065,58.47526653359166,0.868085853952802,42.928205128205136,29.330128205128204,2.5467163389365206,27.0
-1.9501220084903839,29.456296777489968,57.023396061389484,0.8088882558079754,33.838961038961045,22.674025974025977,4.290562626817671,16.0
-3.911262849881503,24.42937121734436,63.32488722053933,0.9347932489765003,42.070253164556966,27.28860759493671,3.0163369979733394,23.0
-4.123350630304569,25.992935663104788,61.50046735750224,1.1461483206004233,31.01180124223602,27.43167701863354,3.869423959730637,18.0
-1.6095601575770173,24.763382934943664,62.17913376952708,0.817387359729486,42.928205128205136,29.330128205128204,2.2616006814265526,31.0
-4.175866321870779,29.32846221360299,62.19893452025981,0.971571623606767,30.94105960264901,21.473509933774835,6.59276255657182,11.0
-3.0645267896784327,20.760847267655073,59.64075732118337,1.104880309170433,31.01180124223602,27.43167701863354,5.102015801603082,14.0
-2.7433088136200943,25.011197008253482,56.870219364739185,1.181273038764354,30.94105960264901,21.473509933774835,3.1465200147880026,22.0
-2.875876737277685,26.869524413854382,62.97016628878475,1.194190159601773,33.838961038961045,22.674025974025977,4.4993116641945745,16.0
-4.241903528901171,27.91906538422237,63.89011126404876,0.9687877522434967,30.94105960264901,21.473509933774835,5.118385551127839,14.0
-4.328919257989142,25.830186474441362,50.35709064887514,1.180153717751647,42.928205128205136,29.330128205128204,3.5852787521207277,20.0
-4.183549717616893,29.089177441214538,50.77332309899377,0.8141675893123456,30.94105960264901,21.473509933774835,4.250660405347696,16.0
-2.7432369483821626,29.41991446883872,64.38114945362656,1.0983667751994224,42.070253164556966,27.28860759493671,7.4610048099283475,9.0
-2.866965337097037,20.643192231935835,54.15740920766292,1.0570984138534452,42.070253164556966,27.28860759493671,4.825463707647058,15.0
-3.7987776238897673,24.023705395413742,63.10054159474128,0.8998087430344609,33.838961038961045,22.674025974025977,2.7872112255375323,25.0
-2.5866775744632253,20.234590217211544,55.83192678442104,1.0029274002718596,33.838961038961045,22.674025974025977,4.722714432281099,15.0
-2.039797493833052,23.29416657374443,51.786500864140336,0.8518214951041982,42.070253164556966,27.28860759493671,2.0472969261383955,34.0
-4.375263120460219,25.36868217970602,51.20664800314002,1.1486388603806243,42.928205128205136,29.330128205128204,3.550334546321375,20.0
-3.0056101693558728,29.10794930509949,52.34761848620685,0.9431592342182592,42.928205128205136,29.330128205128204,4.946098076719499,14.0
-2.4320687636919294,28.465543224654027,53.74839792301047,1.0504177881862866,33.838961038961045,22.674025974025977,4.617936495550548,15.0
-3.7430642187909386,21.274997266719858,57.327775308962394,0.8635105145149049,31.01180124223602,27.43167701863354,3.656760302077162,19.0
-3.5766872841205526,20.930303747408956,60.52246850848675,0.8824659378524828,42.928205128205136,29.330128205128204,4.5857556433223365,15.0
-2.6590862910318487,25.89267338756667,64.7959786472795,1.1967825483212606,31.01180124223602,27.43167701863354,3.9065358626476407,18.0
-1.8061941196687892,25.32117972458783,56.62260114933757,1.1012345577765317,30.94105960264901,21.473509933774835,2.764994493877863,25.0
-2.070226739091302,22.663776414300237,57.77277413514665,1.1847887479096282,33.838961038961045,22.674025974025977,3.4856635223877857,20.0
-2.7506093427012495,28.99453084553835,57.827235520748836,0.9183404660848177,42.928205128205136,29.330128205128204,5.251965623838121,13.0
-2.3093348467282526,29.273664094615533,58.09151533231904,0.8658251506479282,30.94105960264901,21.473509933774835,4.712292915546408,15.0
-3.405532589376604,24.026114383401627,57.766109856566935,1.0012273853915323,30.94105960264901,21.473509933774835,2.9697066472265083,24.0
-2.5771034157037267,28.903025571135203,50.13162132592877,0.9978673128909373,33.838961038961045,22.674025974025977,4.286848399558949,16.0
-3.101455226617329,23.83948894262973,50.02587233164761,0.8699786055031952,42.070253164556966,27.28860759493671,2.2230799554197995,31.0
-3.9301915906273175,27.368168318297002,51.464994771891845,1.093287827832564,31.01180124223602,27.43167701863354,3.99660181242889,18.0
-2.3947851783682284,24.75942217547724,51.523349051437684,0.9447110137754936,42.070253164556966,27.28860759493671,2.1631342791721435,32.0
-2.8306060879535337,21.22583156507183,60.57345363432194,0.8745460923722069,42.928205128205136,29.330128205128204,3.984182800435816,18.0
-3.424135254139226,29.279342012370215,53.07374048774,0.9327933578173153,42.070253164556966,27.28860759493671,5.214422049462678,13.0
-1.765982429764108,24.540965933775368,63.420711571334195,1.025463479854006,42.070253164556966,27.28860759493671,2.7666126538341813,25.0
-4.437197646519801,27.344870403224036,63.92909494365529,1.0905883728721772,42.070253164556966,27.28860759493671,5.173896831656452,14.0
-3.552680546251512,23.671738144312922,64.63840006843849,0.9927563544229938,31.01180124223602,27.43167701863354,3.3718576665217603,21.0
-4.32935580666706,20.188808785762347,64.0862195733053,1.0102379959313494,42.070253164556966,27.28860759493671,6.773682407759185,10.0
-2.2004180513351184,21.00530358691836,54.078324828777866,0.8555783743770994,42.928205128205136,29.330128205128204,3.6125253770743204,19.0
-2.393677637658622,24.962194794899244,57.64665267055268,1.1658763698832928,42.928205128205136,29.330128205128204,3.231513300768608,22.0
-3.5059433437910488,26.899643571263624,52.631824552954114,1.1714896791968177,33.838961038961045,22.674025974025977,3.931566873638071,18.0
-2.473011293378781,23.34735326579279,62.0931448275865,1.0733706361672015,42.070253164556966,27.28860759493671,3.249344354833813,22.0
-3.3121883214121506,26.954884591776505,63.32647557716144,0.8070525635736099,42.070253164556966,27.28860759493671,3.2274212946985097,22.0
-2.231238625732697,26.98635589431956,62.76933258946272,1.0148296863613304,42.928205128205136,29.330128205128204,3.8631832489144644,18.0
-3.1374490117898817,27.03935907327831,56.50050423045252,1.0516875888354453,33.838961038961045,22.674025974025977,3.7209056845067128,19.0
-3.2631608165050032,24.925218540205083,61.38010827030172,1.1978616891832439,42.928205128205136,29.330128205128204,3.5825389680700326,20.0
-1.6958102535350972,29.148861501215038,51.46368754364404,1.1984267820779186,30.94105960264901,21.473509933774835,5.106313467111429,14.0
-3.7473627003278995,24.891965179806157,50.60367155928876,1.143044494130223,30.94105960264901,21.473509933774835,2.772992944322463,25.0
-4.138657980010303,24.50265193496638,61.298546214631415,0.8255323968104454,42.928205128205136,29.330128205128204,2.905729793805065,24.0
-2.7463706602216256,21.99380819010627,56.380329114930255,1.1813105563114918,42.928205128205136,29.330128205128204,4.412920931336596,16.0
-1.5920345631474633,23.076550873563363,64.93323897109354,1.0450644988607996,33.838961038961045,22.674025974025977,3.0952914101691684,23.0
-3.3664823588184403,20.423344925183034,51.458813237832985,1.1203547081916718,30.94105960264901,21.473509933774835,5.048901786529723,14.0
-4.313889709113655,26.3353529361617,62.83441522302851,0.9628771398743414,31.01180124223602,27.43167701863354,3.6080515268125515,19.0
-3.4820841980712975,22.485357439270928,57.19974598293488,0.9278677884938359,30.94105960264901,21.473509933774835,2.980913002955906,23.0
-2.9822050370413247,23.04155254485465,62.40725293255815,0.9852976581935232,33.838961038961045,22.674025974025977,3.32200065953343,21.0
-4.014230980103359,27.70814521664321,62.256909232552175,0.8587498051875309,31.01180124223602,27.43167701863354,4.261260637121092,16.0
-2.5256933458305237,23.272211831614538,63.73988002043116,0.9428264555013224,31.01180124223602,27.43167701863354,2.7752295921692927,25.0
-1.5067518329693983,22.421958920131424,54.46775016929154,1.1430469999073114,30.94105960264901,21.473509933774835,3.036088349702742,23.0
-3.1447815720556687,21.69057749133706,64.24699030193004,0.8151801945043526,33.838961038961045,22.674025974025977,3.422524928892479,20.0
-3.435814329809362,27.74858402181956,52.27500440536431,0.8603512187298419,42.928205128205136,29.330128205128204,3.4502894256047503,20.0
-3.2978874994966,21.29706257990027,51.22953166390236,0.8500464638597942,42.070253164556966,27.28860759493671,3.4154384368419044,20.0
-4.154561464814397,24.537537602503534,56.47423276058524,0.9612302170800913,42.928205128205136,29.330128205128204,2.7944287157636443,25.0
-1.8501791957213287,25.069301160771943,62.42484452962764,1.1987947603563447,31.01180124223602,27.43167701863354,3.21098691860641,22.0
-3.255523033435944,26.873899126857147,57.10131695950169,0.8693431720845531,33.838961038961045,22.674025974025977,3.122168893756061,22.0
-3.338176765725476,26.332834823329954,62.43930016295771,0.8581930598397041,42.070253164556966,27.28860759493671,3.1282257741831216,22.0
-2.520929181208577,28.107206729451747,60.94530208691458,1.1660222919104617,33.838961038961045,22.674025974025977,5.359463723614412,13.0
-3.1738997372066295,20.44751433926238,53.141425792084,1.1528202067863862,30.94105960264901,21.473509933774835,5.248971671234949,13.0
-2.555299593576462,22.96440724779397,64.23322437349196,0.8128961479986219,30.94105960264901,21.473509933774835,2.715102927220016,26.0
-4.315661129607637,22.8013411877538,50.91171752944105,1.100682384071726,42.070253164556966,27.28860759493671,3.3332373142491,21.0
-2.058829968833318,21.46016905592108,63.47419561315692,1.0621862805905717,31.01180124223602,27.43167701863354,4.149406069137513,17.0
-1.6784881413617923,22.89178253856443,54.56665173485561,1.1070963239410836,30.94105960264901,21.473509933774835,2.7835047845853134,25.0
-2.553703841521842,23.097653141429035,57.50222124746599,0.9978009819183689,33.838961038961045,22.674025974025977,2.5725674682448303,27.0
-1.6363022134235679,25.218844619274783,56.33527809051102,1.1965516873793183,42.928205128205136,29.330128205128204,2.8763264975527045,24.0
-4.04570305689011,26.63704478926256,52.577518353753746,0.8175388074843853,33.838961038961045,22.674025974025977,2.61912705822663,27.0
-3.067751431558939,23.81100513611814,55.37220299602539,0.8937486345615223,33.838961038961045,22.674025974025977,2.4840683239993533,28.0
-2.6945797981636583,27.19470231313381,52.89401654439193,0.958618394789446,33.838961038961045,22.674025974025977,3.0835632648306506,23.0
-2.75479005773644,23.3616533857958,53.05829713190786,0.9799111766262812,33.838961038961045,22.674025974025977,2.4583414201330114,28.0
-3.2956146627328704,22.902836773147605,52.805852540395705,1.1685469610798074,30.94105960264901,21.473509933774835,3.3799863251167617,21.0
-3.4857467719012156,25.411880558570243,57.33526070519891,1.0240017456309036,42.070253164556966,27.28860759493671,2.9469777710128504,24.0
-4.119527932348744,20.237163603057905,61.968970512669735,0.8180443982081576,33.838961038961045,22.674025974025977,4.770519312073391,15.0
-3.324772648313165,20.797891236340003,58.53455050641861,0.9631451853702647,30.94105960264901,21.473509933774835,4.478944325827508,16.0
-4.012017554683545,24.17969543586527,63.39809882826263,0.966596164947628,33.838961038961045,22.674025974025977,2.9970975607322345,23.0
-2.2969029705233446,29.429127113917566,59.54816732865086,1.186196375375114,33.838961038961045,22.674025974025977,6.745218596564651,10.0
-3.87350719351623,27.215117798434235,60.34010173448907,1.0396788364084433,42.070253164556966,27.28860759493671,4.563250086367895,15.0
-4.324304084146398,20.881265695005577,60.014108445905045,1.0542604284635755,30.94105960264901,21.473509933774835,5.4835641710503396,13.0
-2.842901586548297,28.463180127808737,56.741887897756115,1.0853012125005084,42.070253164556966,27.28860759493671,5.368316489747427,13.0
-2.714310801841795,27.32300770608181,60.34008233300124,1.1080157262728494,42.070253164556966,27.28860759493671,4.558080001650363,15.0
-1.8842608161584833,26.10946525702653,51.04561619703442,1.0540204280809957,30.94105960264901,21.473509933774835,2.6602653246755397,26.0
-2.7690551627469544,28.20292960609177,62.897772078734945,0.8948777404535743,31.01180124223602,27.43167701863354,4.085359809987603,17.0
-3.463557438829663,24.04109847742957,61.667182151658764,1.1496183657364656,42.928205128205136,29.330128205128204,3.694935890412158,19.0
-2.0909643554210384,22.215010508538526,53.67844937347518,1.092847920164252,33.838961038961045,22.674025974025977,3.1411335616621834,22.0
-2.879163320437737,25.120233891087594,61.52048681381123,1.0967481940387822,42.928205128205136,29.330128205128204,3.257789575142507,21.0
-4.262159146106425,25.48841755593474,50.189639021000275,1.1986226956938997,31.01180124223602,27.43167701863354,3.2933569288109976,21.0
-2.80244831906026,25.383263720099123,53.2586985872132,1.1210106139453264,31.01180124223602,27.43167701863354,2.645633344986055,26.0
-1.7759443637350127,25.650737914801052,50.97705858006344,1.1316605612620614,33.838961038961045,22.674025974025977,2.401640987028733,29.0
-3.311062123505338,29.487049182391807,61.70340374926842,1.1805622062840633,33.838961038961045,22.674025974025977,7.932666326043608,9.0
-3.6110225943006,29.022456230962312,61.33811226767581,0.8604535999395576,30.94105960264901,21.473509933774835,5.2445964299930825,13.0
-4.06959162894594,28.757170365589396,62.20454035702746,0.9990909505912271,31.01180124223602,27.43167701863354,6.000030003411487,12.0
-4.045663434193928,28.01416810908627,50.06722539988293,1.032226809436315,31.01180124223602,27.43167701863354,4.128097704512342,17.0
-3.2016855469745433,29.43428107265285,57.51849090017612,0.931710291688983,42.928205128205136,29.330128205128204,5.995934432751703,12.0
-2.7129605275154116,20.98494641679403,60.572542962760046,1.1357613375578022,42.928205128205136,29.330128205128204,5.3825724227039045,13.0
-4.258153784491195,22.651232614457395,52.33101693108523,1.1049678486582892,31.01180124223602,27.43167701863354,3.4812275841307208,20.0
-1.681294232924503,24.950559456545847,59.74686091268937,1.0883532298032497,33.838961038961045,22.674025974025977,2.6086774467817166,27.0
-2.2345991476644125,28.46534493123405,51.26165148964529,1.1988597759032666,31.01180124223602,27.43167701863354,4.694743323479866,15.0
-2.740128245149012,25.051657115227325,52.7198878415647,0.9037525493633563,42.070253164556966,27.28860759493671,2.3898061990999024,29.0
-2.0146839871830275,27.480347393415887,57.136952224919014,1.0941829006701684,31.01180124223602,27.43167701863354,3.9491650536395686,18.0
-4.25943972956366,21.389599052489164,59.803477290216534,1.0205617899623602,42.070253164556966,27.28860759493671,4.868088877827724,14.0
-3.0694833668006267,22.524138129765603,52.18803690430844,0.9251956729975505,42.070253164556966,27.28860759493671,2.806877204388785,25.0
-2.6097206194150098,27.317760950376723,52.77834996246407,0.8642347482892504,33.838961038961045,22.674025974025977,2.869860810360635,24.0
-2.0140412816451323,21.64734008887724,53.066695505984946,1.1583535348270189,42.070253164556966,27.28860759493671,3.884054833577277,18.0
-2.1495913198521968,23.51355934654927,53.58051207048468,1.038182193083138,31.01180124223602,27.43167701863354,2.439343480544697,29.0
-3.668792250859801,22.648662578135713,53.39830772789437,1.1299735350563178,42.928205128205136,29.330128205128204,3.373282436271543,21.0
-1.6773594913223873,23.498616942224785,55.92723662746455,1.0181379936006179,42.070253164556966,27.28860759493671,2.7004754430137767,26.0
-4.126962475707389,27.0832404907797,59.806844762550845,0.8879908322616078,33.838961038961045,22.674025974025977,3.8254924061083173,18.0
-1.8745991441365435,23.67847181142801,56.57047674701705,0.9350195252401301,31.01180124223602,27.43167701863354,2.2193488651396787,32.0
-1.5871792511861442,25.5526332260794,61.63960863124832,0.9526155369894186,31.01180124223602,27.43167701863354,2.406474575818948,29.0
-3.9685394303321235,20.999318770544097,60.78902758922922,1.189173925001481,33.838961038961045,22.674025974025977,5.912366960918998,12.0
-2.333801807388644,28.05017693234628,51.89790371073614,0.8022533113525531,42.928205128205136,29.330128205128204,3.1126820893016967,22.0
-4.379143443666004,23.69888625648125,50.73262434981116,1.1942664092098028,42.928205128205136,29.330128205128204,3.52925026860513,20.0
-3.283731524582535,26.485341590333427,63.16912345999409,1.1921846540439323,31.01180124223602,27.43167701863354,4.276228231461203,16.0
-2.951150102406978,27.253896016618327,51.1974659984431,1.1984603162120546,30.94105960264901,21.473509933774835,3.81518895846871,18.0
-2.758064322271098,22.096609221117003,52.2250877107957,0.9906352715678539,31.01180124223602,27.43167701863354,2.8860157178775125,24.0
-1.6921882552543215,28.8467498495335,50.331999133371774,1.1855235878483998,30.94105960264901,21.473509933774835,4.839650051982575,14.0
-2.483247938117416,26.16224251606953,59.425045479479806,0.9582396727399309,42.928205128205136,29.330128205128204,3.0913152505959376,23.0
-3.056166146342289,24.287251417514817,58.735558447375226,0.8105177762673548,30.94105960264901,21.473509933774835,2.32199522711407,30.0
-2.070974891202332,21.823351835782194,64.80355499652883,0.8897388745487058,33.838961038961045,22.674025974025977,3.278109061975144,21.0
-1.648401537136773,29.423009379012065,63.30398594475758,1.1781184979749537,30.94105960264901,21.473509933774835,6.911478681565162,10.0
-4.433801553953128,27.55068204131625,56.162647662213644,0.80550587733416,42.928205128205136,29.330128205128204,3.4768842734151146,20.0
-1.552436183231884,22.080245627332488,55.573787613688026,1.01839765416919,30.94105960264901,21.473509933774835,3.0267631329908506,23.0
-4.241603582808959,23.377107747242245,54.45278051419977,0.8302406355578716,42.928205128205136,29.330128205128204,2.4167722360828114,29.0
-2.056839662193716,28.096742580880733,52.28610380056822,0.9145586313710314,30.94105960264901,21.473509933774835,3.261983575701656,21.0
-3.6589957423457626,26.95677663215339,52.07125484903013,0.8352371402847547,31.01180124223602,27.43167701863354,2.923663404931628,24.0
-4.103461026738385,27.657842927157244,51.98425562014408,1.1438114484452226,33.838961038961045,22.674025974025977,4.66158779879782,15.0
-3.1804330808584953,24.412011022129324,51.71172135780168,1.0364282838590824,30.94105960264901,21.473509933774835,2.462208435907894,28.0
-2.5681302616571595,27.16476262642167,53.60768063608305,1.160842586287325,30.94105960264901,21.473509933774835,3.698951404306992,19.0
-3.3571444649295747,23.864937228639135,54.600029454696745,1.0753412798160913,42.928205128205136,29.330128205128204,3.0345582144024243,23.0
-4.336303775151903,22.112629169381965,64.42368456558374,1.18841165249804,42.928205128205136,29.330128205128204,5.429292544711095,13.0
-2.70161658102385,26.3267703484136,58.67709876502829,1.0039510619041627,31.01180124223602,27.43167701863354,3.2206531287471467,22.0
-1.792790171667976,29.760139255987944,64.81393661769921,1.0554842327051497,31.01180124223602,27.43167701863354,6.701388221195637,10.0
-3.350353902158245,23.106009713953295,55.5870042173851,1.0305235279556226,42.928205128205136,29.330128205128204,3.0105487348611772,23.0
-3.8510016671075187,24.609695922125397,56.86439948884161,0.9937041717786451,42.070253164556966,27.28860759493671,2.9775991017538312,24.0
-3.1722679622015537,26.740013710698534,54.86867988747919,1.138383746169205,42.070253164556966,27.28860759493671,3.8223321492285893,18.0
-4.354911866853658,25.41506282122488,52.74331476344829,1.0578100542681441,33.838961038961045,22.674025974025977,2.9162437738084925,24.0
-2.0385372465591756,28.434277957090494,52.14747061666369,1.1205249059421891,30.94105960264901,21.473509933774835,4.419817853970203,16.0
-2.0209775671494397,27.617427064695157,64.17618796711747,1.1145455746409652,42.928205128205136,29.330128205128204,4.74064871689492,15.0
-2.735998609711115,20.58297203862357,64.80216022698133,0.8764180642621182,42.928205128205136,29.330128205128204,4.832963666607225,14.0
-3.4406913331848314,29.98421233923774,50.673642447630975,1.0600654130070575,42.070253164556966,27.28860759493671,6.722305864513869,10.0
-2.10064990666265,27.524024537194673,52.2551881209765,0.8798592076725337,30.94105960264901,21.473509933774835,2.9029980924010066,24.0
-2.8359389256348986,28.639033162941132,56.352861384515336,1.0333281912975083,30.94105960264901,21.473509933774835,4.793492181224055,15.0
-2.0222030743499513,26.511977120953464,52.79500214516611,1.0709738737785202,42.070253164556966,27.28860759493671,2.95138368138191,24.0
-2.6056236222509384,28.562851280467623,55.45820590440325,1.1988940286350347,30.94105960264901,21.473509933774835,5.392368237186501,13.0
-2.146783580361608,21.123829749287093,51.9364452478945,0.8122167912598954,42.928205128205136,29.330128205128204,3.176834238687838,22.0
-2.70431102034672,23.477378355593157,56.84767635082685,0.8364969576454884,42.070253164556966,27.28860759493671,2.4564532686627367,28.0
-3.2575767953530015,28.76420943604493,54.075419242538885,0.8308106785484927,42.070253164556966,27.28860759493671,4.385072073082224,16.0
-1.6261624202215872,22.016552112668922,55.278575836379915,0.959344514506696,42.928205128205136,29.330128205128204,3.1337792892379723,22.0
-2.8766585253634656,20.78242098580023,51.41468977194121,1.1286353445943256,30.94105960264901,21.473509933774835,4.846734290919741,14.0
-2.684731444378385,27.88118939945219,56.42192076065213,1.1376225331148542,42.928205128205136,29.330128205128204,4.8090431104460345,15.0
-3.838537081755752,28.35486155643296,64.74886416442355,1.0947918382884607,33.838961038961045,22.674025974025977,6.357044313101465,11.0
-2.623047631718171,21.626522181899006,54.93249570321785,1.158751296731979,30.94105960264901,21.473509933774835,4.121357223845442,17.0
-2.7851770515511687,28.543459827827157,63.14643912263652,0.929143977667781,42.928205128205136,29.330128205128204,5.224353418659849,13.0
-3.945484806158925,26.867677955971697,62.647987124355275,0.8352618577009197,31.01180124223602,27.43167701863354,3.529417495380935,20.0
-4.3212387079405685,25.200826832165838,64.28087627445817,0.8232612111959401,42.928205128205136,29.330128205128204,2.918460060991389,24.0
-2.686922040855687,28.30250192781385,61.85164268400642,1.1408530878477545,42.070253164556966,27.28860759493671,5.71878243600632,12.0
-2.2089231919490384,24.192492493189658,59.893952405882224,1.0921745177414766,33.838961038961045,22.674025974025977,2.9013464186163094,24.0
-2.9297958872339755,21.939939562233974,62.848766663411865,1.0794461224044483,33.838961038961045,22.674025974025977,4.178854716185225,17.0
-3.819682124041063,22.848526766106136,51.134670209860246,0.9358705354182675,42.070253164556966,27.28860759493671,2.87342791243947,24.0
-2.500434069920895,25.05164018293315,56.942459857982115,0.9519620754472905,33.838961038961045,22.674025974025977,2.624251605671842,27.0
-4.259682820171193,25.313307926731756,64.83884357922588,1.1832454115597275,30.94105960264901,21.473509933774835,4.016430222095984,17.0
-3.174498885594136,28.055808264412335,61.544002269420986,0.825521897639174,42.928205128205136,29.330128205128204,4.092273707276095,17.0
-4.00989972480474,27.913527236523343,64.43113067055835,1.109492694775117,30.94105960264901,21.473509933774835,5.705255515433868,12.0
-3.94662284682035,25.81366557204575,61.694515342002184,0.9238533294833573,42.070253164556966,27.28860759493671,3.2457171024158735,22.0
-3.893118152525389,27.807854833654766,63.12322951163216,0.8156218473650225,31.01180124223602,27.43167701863354,3.777107184376565,19.0
-3.3398788288680663,21.91773458293671,60.59794448454787,1.0970280442969824,30.94105960264901,21.473509933774835,4.159763680981704,17.0
-4.346549383138807,20.500645270932942,61.407530066258595,0.9323647542713498,31.01180124223602,27.43167701863354,5.3905030175956,13.0
-3.3066196772127054,28.736338226347,57.84767014759251,1.0888590074971187,42.070253164556966,27.28860759493671,6.12835674306668,11.0
-2.9648776586558974,20.755544937627697,63.86356551221199,1.083061753247248,31.01180124223602,27.43167701863354,5.3075895049892425,13.0
-3.0501171451010243,22.46688429743997,62.375583659350426,1.013914750173246,42.070253164556966,27.28860759493671,3.622625158366139,19.0
-3.3516476987908783,26.953189496243844,62.65827448498448,1.1109492516842194,31.01180124223602,27.43167701863354,4.3177090738981905,16.0
-1.9825601757877425,24.094479376273092,60.095136514445784,1.0324153296684975,42.928205128205136,29.330128205128204,2.5848598748422424,27.0
-4.0640199227384874,28.76313969915509,54.568699206308736,0.9146547411393043,30.94105960264901,21.473509933774835,4.7657774934563575,15.0
-2.982909768655878,22.979797946622696,50.53444693085209,1.0936461204257677,33.838961038961045,22.674025974025977,2.7125717022057385,26.0
-4.313875749130337,20.118713466693592,64.03482694114317,1.0356559263510894,33.838961038961045,22.674025974025977,6.9264023624414905,10.0
-4.2865329633662705,23.00655640560744,58.79180523208245,0.8050909126759682,31.01180124223602,27.43167701863354,2.6275410852589984,27.0
-2.778402450968711,25.780750491848316,54.4721445672221,1.1606576711081238,42.070253164556966,27.28860759493671,3.437708234421794,20.0
-2.8019447253365373,23.759383754032932,52.23702661771307,1.0182574473297255,31.01180124223602,27.43167701863354,2.5944347266756593,27.0
-1.865899461466629,25.34872755758755,62.44284748251132,1.1474509061918128,42.070253164556966,27.28860759493671,3.1989944259516756,22.0
-2.8263789730197804,28.76598118835019,62.547802916713685,1.1530947355928978,30.94105960264901,21.473509933774835,6.1630448436285485,11.0
-1.6206269387854495,29.124850542303683,62.21761952195797,0.9779866626940354,30.94105960264901,21.473509933774835,5.10229553399053,14.0
-4.353915454800211,22.65974064654112,59.67624037950179,1.0030639985804923,42.928205128205136,29.330128205128204,3.821001307632805,18.0
-4.205976945657777,24.621404732699006,55.49023081387814,0.9663017550702407,31.01180124223602,27.43167701863354,2.775613531869556,25.0
-4.367802415288856,25.491440152414512,54.56105427170385,0.9797747101232182,31.01180124223602,27.43167701863354,2.823705124732058,25.0
-3.94416944899938,29.49112456888247,50.12832155177255,1.158058863588691,33.838961038961045,22.674025974025977,6.6880087778481006,10.0
-2.8761896671749656,29.986173191643847,62.5041133803236,1.1152576055871644,31.01180124223602,27.43167701863354,8.012424119187356,9.0
-2.563283455717716,22.354072488415266,51.311490462404635,0.8506102705262313,30.94105960264901,21.473509933774835,2.353339847907036,30.0
-4.363244526153993,27.269798713458155,59.461324970611514,1.0441231126160384,42.070253164556966,27.28860759493671,4.615351228354844,15.0
-1.6620873304632022,23.780310622331953,57.56112420260133,1.1983626561545369,42.070253164556966,27.28860759493671,3.031612625930472,23.0
-1.973503870048857,20.081081968862133,57.90034038389527,1.0382202804929943,42.070253164556966,27.28860759493671,5.195885136367077,13.0
-3.6101625535287205,20.092525224359022,63.9006926796166,1.1143486502372422,42.928205128205136,29.330128205128204,7.245046134181721,10.0
-4.268437409320596,24.60566007562256,50.47422516906863,1.1076245893524683,31.01180124223602,27.43167701863354,2.8799452755293213,24.0
-3.990338780342828,24.883349130043346,61.600883369431585,0.9401270103489314,42.928205128205136,29.330128205128204,3.129231861719663,22.0
-4.119166758735082,20.225696965734425,50.78078597550961,0.9487397210815836,42.928205128205136,29.330128205128204,5.130727468827272,14.0
-4.130148662103159,26.869274167743026,50.57230408903066,1.0896305687161614,42.070253164556966,27.28860759493671,3.767248952566048,19.0
-2.944314934002798,22.940033885949532,56.447265472120726,0.9999934126419341,42.928205128205136,29.330128205128204,3.186204304132331,22.0
-3.7624576725197993,25.598931015359494,50.9461276151445,1.0282282836521552,31.01180124223602,27.43167701863354,2.7613300509334415,25.0
-3.4255808504125667,23.009190731654186,61.83715926939368,1.085162316145935,33.838961038961045,22.674025974025977,3.601143152439391,19.0
-1.5314839998470324,21.671343148693072,57.94344640472506,1.1110300108156201,31.01180124223602,27.43167701863354,3.6230056143435747,19.0
-2.447057253223966,24.071737385988754,50.43558173989662,0.9086066310932286,42.928205128205136,29.330128205128204,2.1500641451946505,33.0
-1.653057998858996,22.322733647905007,50.60751029722879,0.8587175037747852,42.928205128205136,29.330128205128204,2.352338002370786,30.0
-4.072330334900653,25.34800976919168,59.19002794609219,0.9167178586894901,31.01180124223602,27.43167701863354,2.745209616811968,25.0
-3.353581575502292,21.9882853028648,62.091677264876076,1.0030153300368303,42.070253164556966,27.28860759493671,3.972258104500145,18.0
-2.835804590152937,25.08405976644627,56.5669929691216,0.9368565269188156,42.070253164556966,27.28860759493671,2.6568823487108677,26.0
-4.2697258143337855,21.573785148688675,58.31871007303437,1.0273451035390375,31.01180124223602,27.43167701863354,4.482468020586004,16.0
-4.487437669116126,26.70974709485785,61.997441810748526,0.8213862896502514,31.01180124223602,27.43167701863354,3.3825877978493315,21.0
-2.4886969986092473,27.539376844414242,59.15759261062729,1.0039001646455068,33.838961038961045,22.674025974025977,3.904867349519922,18.0
-2.574541449595694,21.103942342499337,53.37140356488229,0.9471939627750832,33.838961038961045,22.674025974025977,3.675281612069356,19.0
-3.2676335700011645,24.678024120373394,59.19578038804218,1.013866701957153,33.838961038961045,22.674025974025977,2.955145911251682,24.0
-3.031067771903902,20.708717006548735,59.4241918859782,0.9690133419539907,30.94105960264901,21.473509933774835,4.665027853614519,15.0
-3.2536709982237313,25.981824455420025,61.0116047132169,0.913690340255017,42.928205128205136,29.330128205128204,3.010674230034911,23.0
-4.4279848654653335,22.644042979296454,59.31311281335202,1.1616431621830543,42.070253164556966,27.28860759493671,4.319006617964022,16.0
-3.4938851813476126,25.276244568387078,64.53863195687057,0.8739059953685429,33.838961038961045,22.674025974025977,2.802021533598871,25.0
-3.9687532338081306,25.17461009384291,52.95932463075603,1.072546230232224,31.01180124223602,27.43167701863354,2.9103504637148094,24.0
-4.204727432695893,29.243543461938003,64.26636019350615,1.1698578850329655,42.070253164556966,27.28860759493671,8.585015012272676,8.0
-1.6298386983319508,25.490832225687228,58.07509235525025,1.0154679838741731,42.070253164556966,27.28860759493671,2.470484771462841,28.0
-2.701920824873503,25.829984797183158,60.079342107423685,1.1505633954317929,30.94105960264901,21.473509933774835,3.5593048791465027,20.0
-2.314031147290192,24.016531257643802,51.491923961782845,0.8499405913733138,42.070253164556966,27.28860759493671,2.0034146421637424,35.0
-3.5539087702016476,29.490796031828168,55.708639120671606,0.9975155081025633,42.070253164556966,27.28860759493671,6.396584894560328,11.0
-3.3205586115179546,27.771859094396095,61.54068719694759,0.9828101121923758,42.928205128205136,29.330128205128204,4.798717737239149,15.0
-3.7892280183098297,22.854052903028418,60.60366522648486,0.8032475228147979,42.070253164556966,27.28860759493671,2.6465698229311334,26.0
-4.2091029871037255,28.442095857762318,50.60209082248115,0.9773029365437338,42.070253164556966,27.28860759493671,4.685915924264672,15.0
-3.9629050876752485,24.3239636018509,58.19891395245867,0.9476119025530392,31.01180124223602,27.43167701863354,2.7287945761856847,26.0
-2.1074578641105424,28.28667143533594,51.32417289452614,1.0679194911098462,33.838961038961045,22.674025974025977,4.035907087137549,17.0
-2.4673625844486726,28.22888068293502,64.93784643767243,1.1753319114306073,30.94105960264901,21.473509933774835,5.685440280057189,12.0
-2.8592133720435693,21.888701867628544,63.459448827999424,0.8343164353048147,31.01180124223602,27.43167701863354,3.3868963803125633,21.0
-3.0747303813996956,27.01141131383577,50.31620990642806,0.9309905546858492,42.928205128205136,29.330128205128204,3.1045339219995256,23.0
-1.7326971490316265,22.906429693065313,62.87974368353946,0.9776258949577008,31.01180124223602,27.43167701863354,2.9457635232590516,24.0
-4.2817951566639945,22.974926699926684,63.79144400837612,0.9820741512137533,30.94105960264901,21.473509933774835,3.5970337905823615,19.0
-3.658197560286252,22.96348076880581,55.30322333845183,1.1099238883369016,33.838961038961045,22.674025974025977,3.2617089467255007,21.0
-3.450186439287858,27.25568247559948,60.792524825716484,0.9773582663333763,31.01180124223602,27.43167701863354,3.7303548029379936,19.0
-2.1527225633616363,22.298260417925363,56.63155619311669,0.8108645205814614,42.070253164556966,27.28860759493671,2.4247606556972214,29.0
-1.522456139514086,20.0090583524609,59.82848726864516,1.0840416378371325,42.928205128205136,29.330128205128204,5.595628114635454,13.0
-3.777988455728541,27.15236853482633,55.104761064472875,1.1539318780582686,31.01180124223602,27.43167701863354,4.245906922794275,16.0
-1.8770779975887582,21.711847438351253,54.83838854949902,1.005561885019869,31.01180124223602,27.43167701863354,3.1736487925220076,22.0
-2.008131718704626,21.044823953078346,56.36650833286369,1.032443408679402,30.94105960264901,21.473509933774835,3.8877168814830325,18.0
-3.8260278070747002,22.3751612059406,52.18351637978752,0.8651745755876185,30.94105960264901,21.473509933774835,2.94249227561943,24.0
-3.3020022594023324,23.79900522322704,62.467084466530736,0.8882583778715828,42.070253164556966,27.28860759493671,2.7634645530134296,25.0
-3.270981392122443,24.759063274732007,55.23046843042455,0.8940680956498447,33.838961038961045,22.674025974025977,2.470356299965951,28.0
-1.5653379944203252,20.44570040712631,56.00224330858768,0.9722967899525181,31.01180124223602,27.43167701863354,4.014408991186135,17.0
-3.9573242958633053,29.705733326273602,63.410819190532166,1.1712580883582568,31.01180124223602,27.43167701863354,8.753421026921087,8.0
-2.102526086685654,27.160630534195583,57.44935721094757,1.0087139066859545,30.94105960264901,21.473509933774835,3.460869602858888,20.0
-3.49742185748067,23.231940653243363,58.16380864026294,0.8768390580805411,42.928205128205136,29.330128205128204,2.9614442998779404,24.0
-2.307388962671519,23.186972572853975,64.34747187165648,0.9064350943475799,33.838961038961045,22.674025974025977,2.7674111163266506,25.0
-3.2399669871130117,24.485425493684595,63.300895747174835,0.9536060118908737,42.928205128205136,29.330128205128204,3.097880506288696,23.0
-2.76492071065038,26.26244822763033,52.542000633326595,1.0493035902771197,30.94105960264901,21.473509933774835,2.91997950355013,24.0
-2.0021646800216066,21.463730665889678,57.09822544877157,0.9760132612016021,30.94105960264901,21.473509933774835,3.4370365873701227,20.0
-2.0875033050483474,21.889298137649522,64.56944341142818,0.95697793767077,42.928205128205136,29.330128205128204,3.75590105029277,19.0
-1.9007304493808994,28.59434582833551,55.58549447342904,1.025891440159598,42.070253164556966,27.28860759493671,4.555278789301016,15.0
-4.321148023966023,22.562549238890725,55.573596627743,0.8967339979817862,33.838961038961045,22.674025974025977,3.0630872380018372,23.0
-2.4238483408807654,23.801949979751775,52.92545347683732,0.831561309033833,31.01180124223602,27.43167701863354,1.9218227769763252,36.0
-4.080037869834712,28.712718509501173,51.714846711786876,0.8097657259288888,31.01180124223602,27.43167701863354,4.087380626430141,17.0
-3.252544295944767,26.631478293998224,61.10457186133973,0.9005036653868509,42.070253164556966,27.28860759493671,3.3563861997549944,21.0
-2.8542347548359346,23.417118793416883,61.55045703052275,0.8366368136577875,33.838961038961045,22.674025974025977,2.393640585831803,29.0
-3.2917815457595077,26.836995457246207,64.535194452545,0.9345362554083068,42.928205128205136,29.330128205128204,3.7832405124462296,19.0
-2.9411649725909776,20.196832153814135,61.601273163580444,1.1091734161439022,42.928205128205136,29.330128205128204,6.091400025655694,11.0
-1.5104210736041424,27.35642660011365,53.65028741050398,1.0865177321947352,30.94105960264901,21.473509933774835,3.252343416930317,22.0
-4.094348058861436,24.870160405162395,50.60174867432773,1.0443710491152114,42.928205128205136,29.330128205128204,2.8575702525783564,24.0
-2.4736318639907235,28.131821472844614,64.7815607655449,1.1410000975517915,30.94105960264901,21.473509933774835,5.3959855055682695,13.0
-3.311997100843154,29.546376520064683,55.106760433154086,0.9128270498177107,42.070253164556966,27.28860759493671,5.927062809410955,12.0
-4.1009706032780135,29.257885494945683,54.67957313648631,1.1540215012119863,30.94105960264901,21.473509933774835,6.869938190897168,10.0
-4.023789709877072,29.092650434553406,63.58932814624074,0.9596956678676717,31.01180124223602,27.43167701863354,6.366062805165844,11.0
-1.6521806812631494,25.12169955933887,58.776498478174794,0.9603573273066506,42.928205128205136,29.330128205128204,2.3232240644983175,30.0
-1.861195509864714,23.60142114138938,53.22306760773702,0.9621406454502086,30.94105960264901,21.473509933774835,2.1819148409542426,32.0
-1.7788741187549344,24.65035324730673,63.336443640743596,0.8392377464963926,31.01180124223602,27.43167701863354,2.1503395923148276,33.0
-1.5254016725178405,26.89896003313361,64.90041282582115,1.1901961993324224,42.070253164556966,27.28860759493671,4.151088957187221,17.0
-3.875053829974446,28.83997776871187,51.30017841726246,0.8554027111300637,33.838961038961045,22.674025974025977,4.218855613976723,17.0
-3.4336819879078146,22.069863030001194,62.933774424537305,0.9363542897876738,31.01180124223602,27.43167701863354,3.48114334953061,20.0
-2.4923429102253998,29.181931584617033,55.85773546526591,0.9277201281307028,31.01180124223602,27.43167701863354,4.6723834195140315,15.0
-3.048592380418058,28.15180231969889,57.86108669760057,0.8298717731266839,31.01180124223602,27.43167701863354,3.8032514086839746,18.0
-3.2448313998649994,29.788560151782345,63.72223963647471,0.8609040520447507,42.070253164556966,27.28860759493671,6.540091285225928,11.0
-3.4265662519932207,28.802517732816874,64.60068793662676,0.8179433344741543,30.94105960264901,21.473509933774835,4.826179453724444,15.0
-2.718658104169643,22.799373296919065,53.93245865613199,0.9169617974242054,42.928205128205136,29.330128205128204,2.703801991172705,26.0
-2.773219714079754,21.05955911344048,53.19276156439871,1.1466627696115625,42.070253164556966,27.28860759493671,4.7591450135571955,15.0
-4.01562649780728,21.122410719915887,51.20774837887268,0.9357768822949538,42.070253164556966,27.28860759493671,3.9951023412136966,18.0
-3.0847804874446827,22.91223318578276,58.42696778993207,0.8494767328269517,42.070253164556966,27.28860759493671,2.8001613723278336,25.0
-2.8395846713704502,26.141837239845394,50.20406593176003,1.0582775473535673,30.94105960264901,21.473509933774835,2.662895454344944,26.0
-2.789139183805829,28.043203260971726,56.17847446414905,1.1986403648219641,31.01180124223602,27.43167701863354,4.91263708708528,14.0
-3.8696784212629445,28.992503069815648,51.10076024978013,0.892929515812771,31.01180124223602,27.43167701863354,4.594321812979429,15.0
-2.2731858232431397,26.237533843692326,56.07838674394001,0.9118284021482278,31.01180124223602,27.43167701863354,2.7382149006005174,26.0
-4.424402715536791,20.056313127480536,50.59898283898414,1.1887388217123154,33.838961038961045,22.674025974025977,6.441275369944399,11.0
-3.435504433370512,21.863167765185334,62.52825890913154,0.8715105150201949,33.838961038961045,22.674025974025977,3.6316873796425115,19.0
-2.1593620543930996,20.99726203853368,53.14608490907849,1.0044856269836655,31.01180124223602,27.43167701863354,3.70624167533673,19.0
-2.808321236833793,23.6332447556901,54.92463065536868,0.8958608532064379,42.928205128205136,29.330128205128204,2.598682744963031,27.0
-3.716512702467419,25.01350993633746,63.05071994909588,1.1729407591604974,42.070253164556966,27.28860759493671,3.9619701105872824,18.0
-2.415140641970857,20.43397178578561,61.19399091998308,1.1926084058305175,42.070253164556966,27.28860759493671,5.94221067522092,12.0
-2.79782716753178,23.484779757956552,53.28557542463088,1.1258791384480062,31.01180124223602,27.43167701863354,2.7599132966945303,25.0
-2.1112691716308385,21.791796746253226,51.07849127986244,0.9259135263251242,30.94105960264901,21.473509933774835,2.7902854652729148,25.0
-2.29492444143053,26.470701662588738,60.73510665283009,0.961394990112202,42.070253164556966,27.28860759493671,3.0138846984146053,23.0
-2.669676233891296,24.6427236932434,55.86053826032164,0.8969222734665686,30.94105960264901,21.473509933774835,2.1615821936812645,32.0
-3.0354669740675577,24.953176469339088,61.49119998677332,1.1563031868035965,33.838961038961045,22.674025974025977,3.3081290121557556,21.0
-4.1004536229974295,24.27691788033461,56.679421585628155,1.1658233110752632,42.928205128205136,29.330128205128204,3.5289513405162034,20.0
-3.716000946343849,29.560197104865672,55.190036194584145,0.9675482648984188,30.94105960264901,21.473509933774835,5.949164426206112,12.0
-3.242701581248744,22.147351251215632,56.76808112318595,1.0626132279612008,33.838961038961045,22.674025974025977,3.6580593662006504,19.0
-2.702102138980834,25.16664259843874,61.22838478506015,0.8662212719098776,33.838961038961045,22.674025974025977,2.558487218694853,27.0
-2.9588764343540856,27.360173683653358,63.53330429810561,0.9739743601453636,42.070253164556966,27.28860759493671,4.21108672599615,17.0
-3.6354464221214116,25.568444131345625,50.746507948828636,1.052599642669399,42.070253164556966,27.28860759493671,2.8678486631877496,24.0
-4.480606926630868,29.29020885716801,57.861673118404326,0.9541612474072079,33.838961038961045,22.674025974025977,6.138709841439062,11.0
-3.011282334297558,23.77968355641284,50.49253143625816,0.943039810274584,33.838961038961045,22.674025974025977,2.3949972731419176,29.0
-3.643122034313271,24.636758057731782,57.026143175365384,0.8003995969067771,30.94105960264901,21.473509933774835,2.1623931844783764,32.0
-2.296175097868395,20.885223152147283,63.27924243645351,1.1217173855108455,33.838961038961045,22.674025974025977,5.056549197723466,14.0
-4.42816120418855,26.089991110519286,55.42385399630464,1.1557350448085792,33.838961038961045,22.674025974025977,3.8241046376459176,18.0
-2.7455165660826273,22.88211968448106,63.98675631620965,1.1877854118183329,33.838961038961045,22.674025974025977,3.8637029920801393,18.0
-1.6755772874818038,21.60309039515569,59.45912707475914,1.087708554027686,31.01180124223602,27.43167701863354,3.7032610974731464,19.0
-3.9767721986655014,25.44531292904508,64.01233015689509,1.0195169249479539,42.070253164556966,27.28860759493671,3.6337394132961007,19.0
-3.085051527748214,25.323102633799106,61.35749938118779,0.9077138079234838,31.01180124223602,27.43167701863354,2.649199400282466,26.0
-4.2257340245485855,20.758716412240474,51.551527499731435,1.1997197903853993,30.94105960264901,21.473509933774835,5.6078643179311785,12.0
-2.6229542632159424,26.982154534944726,53.467270513440155,1.0359011418128423,30.94105960264901,21.473509933774835,3.2310702220000627,22.0
-2.848404958211323,26.23772190650853,55.91255681875259,1.0724616289321784,42.928205128205136,29.330128205128204,3.3972640212465777,21.0
-3.277903427361503,21.890172827464973,52.55160323018114,1.072962464782127,42.928205128205136,29.330128205128204,3.597128399765928,19.0
-2.9358689355787764,24.69434862154044,57.423674071649906,1.1381007183028726,42.928205128205136,29.330128205128204,3.102706980307834,23.0
-1.8102760245929694,27.2032291647856,57.070522335522355,0.8038690155387678,42.070253164556966,27.28860759493671,2.630537360278911,27.0
-3.9111170930667987,25.294357405412764,64.34388797041072,0.8880987761725487,30.94105960264901,21.473509933774835,2.8447052654580234,25.0
-4.4323064648839585,23.954890761835703,56.505918243439666,1.0662136000680056,33.838961038961045,22.674025974025977,3.265117629434033,21.0
-1.915005345902697,23.223384580809437,61.78440206431996,1.158058294729827,42.070253164556966,27.28860759493671,3.521776104704916,20.0
-2.7686487528362806,26.103938666440534,64.12865817277219,1.0741355127685424,30.94105960264901,21.473509933774835,3.555201103166712,20.0
-1.828024633614473,29.391086983102404,63.15483246460978,0.965396516597472,42.928205128205136,29.330128205128204,5.8664787740723305,12.0
-2.7091643297604824,26.717448404774835,53.13001436767388,0.9446221983481047,42.070253164556966,27.28860759493671,2.90959457786675,24.0
-2.0695167301208928,20.747459036363153,57.44044841380317,1.095179203313328,42.928205128205136,29.330128205128204,4.936510275371568,14.0
-3.210979909934556,24.60684973482134,55.216096734438885,1.0964950788548773,30.94105960264901,21.473509933774835,3.0582235929967716,23.0
-2.2504202061351934,28.908241315106274,55.997880427058234,1.042823197002276,33.838961038961045,22.674025974025977,5.059540225758734,14.0
-1.760875599330432,20.94462425801087,55.41210239368627,0.9165868096389348,33.838961038961045,22.674025974025977,3.5613788239159003,20.0
-2.783631108833381,29.888757121375434,62.39538815262506,1.1700619273562174,30.94105960264901,21.473509933774835,8.151754552216984,9.0
-3.9576445483128615,29.490693936454214,56.78208582683671,1.0207519768474556,33.838961038961045,22.674025974025977,6.6850564404035575,10.0
-3.6936071549094054,20.78274480729876,57.85541498367032,1.1161969424993323,30.94105960264901,21.473509933774835,5.234527086244385,13.0
-3.9040662693077826,29.33413320449555,64.73671035570612,0.8857233048647327,31.01180124223602,27.43167701863354,6.1514788457269605,11.0
-3.7594289172128015,23.63132590259462,50.89968908287275,0.9376163154458912,31.01180124223602,27.43167701863354,2.480426427640611,28.0
-3.5807536519468908,28.447091670758624,57.319364596861234,1.1498318065549369,30.94105960264901,21.473509933774835,5.813691444949861,12.0
-2.8345986397404346,24.183833377132714,61.61092560419174,0.8200428119759874,30.94105960264901,21.473509933774835,2.231126306338869,31.0
-2.7360251116085017,24.40855112702516,52.2674293728234,1.0049261245026648,42.070253164556966,27.28860759493671,2.300871691922935,30.0
-3.2205007582744165,26.342430909775427,59.172973919221604,0.9926821919376037,30.94105960264901,21.473509933774835,3.186581136795929,22.0
-2.6537376605374936,27.744774192759834,53.591971693017,1.1004920755632328,31.01180124223602,27.43167701863354,4.137791841215358,17.0
-4.255275223165902,20.337891509482485,63.011061698368515,0.912757508239733,42.928205128205136,29.330128205128204,5.671676757189448,12.0
-4.23663528882552,25.931559955271343,54.90649498100119,0.8876267287438399,30.94105960264901,21.473509933774835,2.6325667835874174,27.0
-3.9845116189270247,21.86732994097371,54.935942253513645,1.1704531355092935,31.01180124223602,27.43167701863354,4.36124861530287,16.0
-2.945767505878966,23.45949517863203,58.9729081777684,1.028683860783386,33.838961038961045,22.674025974025977,2.972354601560197,24.0
-3.8580159639050593,23.479686661552165,52.75344362179863,0.8418758273134619,42.928205128205136,29.330128205128204,2.518386962749624,28.0
-3.650146789522268,24.690603402211536,54.273329583545916,0.8772144648857285,31.01180124223602,27.43167701863354,2.2068997379651503,32.0
-3.2990614914810177,23.341364118761735,56.249477751791176,1.1995304238056992,42.928205128205136,29.330128205128204,3.585384408562355,20.0
-2.0644016279688606,21.073611184506678,55.30456794710165,0.878243598500877,33.838961038961045,22.674025974025977,3.4393569066418306,20.0
-4.45841359226142,21.456287385254516,57.873158270083735,1.0441902045414715,42.070253164556966,27.28860759493671,4.740582548078657,15.0
-2.5518635392901325,20.334379855610976,58.99460216103449,0.9680512315982472,42.070253164556966,27.28860759493671,5.147395266876086,14.0
-2.493370406877944,24.702490853287543,58.500011806252466,1.1542396379399342,33.838961038961045,22.674025974025977,2.9256789108520294,24.0
-2.10403265893009,29.544476948529883,59.81252467987898,1.1020674369181311,31.01180124223602,27.43167701863354,6.470450162709473,11.0
-1.7017411828190605,21.156752236481164,54.616242749117305,1.0387805585047263,42.928205128205136,29.330128205128204,3.805008014078081,18.0
-4.43958645315213,29.46264493003082,51.89639340732542,0.804295592719193,33.838961038961045,22.674025974025977,4.7987310049066165,15.0
-4.038648883460351,27.333615147320934,61.412113121466156,1.1519180829973839,42.928205128205136,29.330128205128204,5.244176562492949,13.0
-1.8414861178320208,26.37498802934163,62.76170573946023,0.9778669883354865,33.838961038961045,22.674025974025977,3.0967812432392607,23.0
-3.124444313438954,26.452777553235627,53.85509348333648,1.1726310612074307,33.838961038961045,22.674025974025977,3.56274181299955,20.0
-2.8062280831996094,28.26727648396282,56.106379342370296,0.9982156051416805,31.01180124223602,27.43167701863354,4.464009689731855,16.0
-2.5109183888305577,21.069198643798213,57.478538254453326,1.0776897956730902,33.838961038961045,22.674025974025977,4.560629760220333,15.0
-2.4628001865130877,25.047543235655418,57.99990264129404,0.8277170597866569,30.94105960264901,21.473509933774835,2.028494990430299,35.0
-1.7047787900504754,26.970911382607586,59.89235256631478,1.0980606614107142,42.928205128205136,29.330128205128204,3.604854637130602,19.0
-1.509151747764991,25.868204450735636,50.62404850032982,0.9351984125247692,42.928205128205136,29.330128205128204,2.076403419850413,34.0
-2.339527617207179,28.327790710232946,60.822156241010255,0.9405436057327123,31.01180124223602,27.43167701863354,4.229254745200118,17.0
-3.6383363723845474,20.722717090113516,50.92956510469116,0.847462337883756,31.01180124223602,27.43167701863354,3.7191827814684504,19.0
-1.860742793116969,26.90701039499166,57.02432851509302,0.858742859456081,31.01180124223602,27.43167701863354,2.686603359112862,26.0
-4.352337256377715,25.340277303847177,62.41506703353791,0.874303622482484,33.838961038961045,22.674025974025977,2.905680666132002,24.0
-3.8067574413765115,23.791608639799435,56.76822969917595,0.9312824674285689,42.928205128205136,29.330128205128204,2.83913597606111,25.0
-1.8078428476088555,23.402749822340308,52.23634623152372,1.1567879651102422,42.928205128205136,29.330128205128204,2.9526193216008214,24.0
-3.731425456681935,26.20832632774193,64.7755076750894,0.9473040952920322,42.928205128205136,29.330128205128204,3.853442488187084,18.0
-3.8380468211347547,28.909953746442646,63.33928193111395,1.0897450826252872,31.01180124223602,27.43167701863354,6.7787965031971495,10.0
-4.085624120579258,24.961759261011153,61.56970449837521,0.8330990015559486,42.928205128205136,29.330128205128204,2.5125512166673842,28.0
-1.9226647270592503,28.2472316407692,56.17267404348816,1.036439519708797,42.070253164556966,27.28860759493671,4.410387217294224,16.0
-2.9998252224267397,24.021563818439674,52.757685903339464,0.9927564925081758,33.838961038961045,22.674025974025977,2.5770608166495026,27.0
-2.4753203908375356,21.023944627931765,64.12116772127752,1.191183178781802,42.928205128205136,29.330128205128204,5.74916830729442,12.0
-3.782800847774911,20.615057364586384,57.985266897757086,1.1384831079515851,42.070253164556966,27.28860759493671,6.107122174817054,11.0
-2.2258787369663504,20.513343713236775,62.78533190581228,0.9819319089754599,42.070253164556966,27.28860759493671,5.069172624309634,14.0
-2.2199833651137046,23.8015014195767,55.13142508639139,1.1100571056181354,42.928205128205136,29.330128205128204,2.7385332599041603,26.0
-3.5622059252750997,23.37237750835842,55.02932475619206,0.8772154965175111,31.01180124223602,27.43167701863354,2.401079209914497,29.0
-3.2679521009691515,27.179370236225694,64.78310721011059,1.0249345309567113,42.928205128205136,29.330128205128204,4.489835819626923,16.0
-3.8709291677093973,27.428215015848657,57.82749572742274,0.8298476222274833,33.838961038961045,22.674025974025977,3.5643427732177533,20.0
-1.5703169300312871,20.508539688337397,52.110431357911196,0.9392356129006733,42.070253164556966,27.28860759493671,3.679195078262546,19.0
-2.563192268824765,22.21123262889015,53.29512016992061,0.8903448726488682,31.01180124223602,27.43167701863354,2.7088315040123834,26.0
-1.6963683578534532,22.742618501588996,57.22916419089081,1.0875639261300845,30.94105960264901,21.473509933774835,2.9746556153500316,24.0
-3.5898433691126006,25.476119841428094,50.63706365732617,0.9960362764857446,42.070253164556966,27.28860759493671,2.868102366829295,24.0
-2.154327261009331,21.445152239069504,56.938009780674506,1.1004281915392042,42.928205128205136,29.330128205128204,4.16516227498869,17.0
-2.202424068345774,21.339412194000005,56.284112631201914,1.0061181750525783,30.94105960264901,21.473509933774835,3.4767044718445357,20.0
-2.4250330444003754,29.43788889207958,61.69004397979231,0.8345937768606555,33.838961038961045,22.674025974025977,5.1534749956424655,14.0
-1.6030830741995987,28.04202907297781,55.32412946733863,1.0941470598930108,31.01180124223602,27.43167701863354,4.214754241690345,17.0
-3.319333991681053,21.806549020911703,64.73823142309399,1.1332917055951222,33.838961038961045,22.674025974025977,4.888761387001881,14.0
-4.107848029230728,24.06567807905491,52.71154878951355,1.161412490365117,31.01180124223602,27.43167701863354,3.0535223525215365,23.0
-2.4848734222678175,23.556219992575656,58.864800274522025,1.0287967781226832,31.01180124223602,27.43167701863354,2.685348056127313,26.0
-2.3120705985683814,27.910040740654072,51.34548945512382,1.101434143599798,42.928205128205136,29.330128205128204,4.022641252337077,17.0
-2.774818279623556,25.10212916478122,61.00795975990973,1.1008177347530508,30.94105960264901,21.473509933774835,3.2985531283798624,21.0
-3.879546320599811,21.27849736993467,64.92130532092958,0.8622999039195778,42.070253164556966,27.28860759493671,4.431947647436913,16.0
-2.986632174991934,27.38992063156244,62.287079566274485,0.8656882749838284,33.838961038961045,22.674025974025977,3.513196541555409,20.0
-3.5634307902926117,23.96887978224919,58.33555311080452,0.8283542023236505,31.01180124223602,27.43167701863354,2.3607474518294684,30.0
-3.2176004154999327,22.629242476321473,57.27112036099538,0.9279654540561206,31.01180124223602,27.43167701863354,2.9099570555728738,24.0
-2.564344272466008,23.7549862202072,62.525449419002705,0.9894034350964258,33.838961038961045,22.674025974025977,3.0246488751868297,23.0
-2.2643557719274963,24.977565636068963,64.03961127066087,1.1991591411016866,42.070253164556966,27.28860759493671,3.444625746003226,20.0
-3.8033259272959707,23.431155164170093,64.8380978869714,0.9723973368272678,30.94105960264901,21.473509933774835,3.4135553255740985,21.0
-3.28402391805914,22.41905772591758,55.94808841346726,1.0904970354029484,42.070253164556966,27.28860759493671,3.721842209130919,19.0
-3.6925152870251123,23.985020288039802,64.86376212191769,1.077358810509014,42.070253164556966,27.28860759493671,3.7824345866086224,19.0
-3.9041051584143927,20.191729107498983,52.33889378260747,0.8817927801002319,30.94105960264901,21.473509933774835,4.5941003861053336,15.0
-2.1498383400124847,27.72497846096314,53.803246638978635,0.8234028605797746,31.01180124223602,27.43167701863354,2.8916212323934407,24.0
-1.7722419166890226,21.70944893567586,51.33524187100844,1.018402700613435,42.928205128205136,29.330128205128204,3.1459382364801685,22.0
-3.38930344294627,20.439046136306374,54.07607774726723,1.0801222369257903,33.838961038961045,22.674025974025977,5.172108602655658,14.0
-2.2461632268786995,26.53698692905079,61.51906327427017,1.1993007160745024,31.01180124223602,27.43167701863354,3.839254527666687,18.0
-1.8090141319067667,27.739361288236722,62.79386537267675,0.9434444209124683,31.01180124223602,27.43167701863354,3.5778129938690886,20.0
-1.9616273684093053,28.138291315928434,61.683389676538575,1.1585458248324387,31.01180124223602,27.43167701863354,5.15014123061819,14.0
-3.9515598343823224,24.935091826605998,59.46598667251544,0.9527729823476746,33.838961038961045,22.674025974025977,2.927868288419828,24.0
-1.631124355459916,22.053681846899853,57.709497687839686,1.075764683372205,30.94105960264901,21.473509933774835,3.167702690236013,22.0
-3.3699706787116126,27.372276772498267,60.6305643382047,1.0393011722068208,42.928205128205136,29.330128205128204,4.2924333545434195,16.0
-3.482278016478491,26.99713077154337,55.862503239008326,0.8211915173210388,42.070253164556966,27.28860759493671,2.8255114735755824,25.0
-4.312706018166659,22.46270734103173,62.619625272495526,0.8313553707881034,30.94105960264901,21.473509933774835,3.3139828395492037,21.0
-3.041479037685351,29.034077558627928,60.157851409651784,0.8083056358897844,42.928205128205136,29.330128205128204,4.784707045166753,15.0
-4.172959153077214,21.04371458082829,60.46707047741613,0.9483336338375958,30.94105960264901,21.473509933774835,4.619406877888605,15.0
-3.754380537217722,29.82688239591326,58.03903989693607,1.0983204195064042,33.838961038961045,22.674025974025977,7.751726503786024,9.0
-3.5491721346981557,28.602478109774644,63.27843476316759,0.8691021575962892,30.94105960264901,21.473509933774835,4.852480574070949,14.0
-2.0735210295249478,26.878986454790752,53.78022100518579,1.0423411873535584,30.94105960264901,21.473509933774835,3.1107716329465207,23.0
-1.8735340488123104,29.38749888279833,55.71721480041576,0.9155311120124312,42.070253164556966,27.28860759493671,4.9345835997142204,14.0
-3.5926010476155907,27.22311168323708,61.66463854516534,1.1187970495916288,42.070253164556966,27.28860759493671,4.8420207689612065,14.0
-1.9239056362662783,21.90456997030046,57.39123344194007,1.1193584596011963,33.838961038961045,22.674025974025977,3.4922220398266757,20.0
-1.9283071878906268,24.421561381128118,63.33821020136286,1.1101658059865693,31.01180124223602,27.43167701863354,2.866876187697997,24.0
-2.2060471488453794,20.715030243316352,55.19598979644279,1.0099334055205507,30.94105960264901,21.473509933774835,4.1766884335502255,17.0
-4.059914657954455,23.896574222881153,55.53995253229467,0.9138266840319407,30.94105960264901,21.473509933774835,2.540295293487904,28.0
-2.4290314592978133,27.416030197372088,63.33103684079938,1.1237776175514538,30.94105960264901,21.473509933774835,4.575472755128301,15.0
-1.6649278062582935,23.864433509308174,56.965554802730615,0.8744402247756966,33.838961038961045,22.674025974025977,2.3405903146452753,30.0
-2.4523785636985287,23.302941754681342,57.7418687630373,0.9159038408114625,30.94105960264901,21.473509933774835,2.560231932547944,27.0
-3.5051494526764984,25.95355722510312,54.99145573003519,0.8735790824642486,42.928205128205136,29.330128205128204,2.864737543628329,24.0
-2.998262047707506,28.722045289988948,54.15004913268623,1.0696840641550591,30.94105960264901,21.473509933774835,5.134302562338679,14.0
-2.562824869946839,20.475831925461126,59.83923066257588,1.0744944112463273,30.94105960264901,21.473509933774835,5.119789820808005,14.0
-2.968288773814489,23.854704346997355,51.79760992311806,1.0610039971147012,42.070253164556966,27.28860759493671,2.7488950466207367,25.0
-4.14014117480709,21.582407418152627,63.18908961774364,0.9662405867458671,42.070253164556966,27.28860759493671,4.867840082270781,14.0
-3.563807866043938,26.953542507318694,61.688047051476616,0.8400684028805734,31.01180124223602,27.43167701863354,3.217486678231811,22.0
-2.0928119083391024,21.057245604311348,52.86122395558704,1.1644678338060084,30.94105960264901,21.473509933774835,4.069457286565561,17.0
-1.9157458617134475,26.648077585802447,60.41029918736848,1.0030923856048952,33.838961038961045,22.674025974025977,3.0533458446790696,23.0
-4.0880999018532895,22.861808707979073,59.03949381928452,0.9627888779644366,31.01180124223602,27.43167701863354,3.240884087096389,22.0
-1.642839742803826,21.989168137372246,52.768025761049664,1.0355299572993173,30.94105960264901,21.473509933774835,2.8291165416997663,25.0
-3.513532146454172,29.363525578249856,54.09805259075349,0.8771161743276423,31.01180124223602,27.43167701863354,5.16951936296199,14.0
-2.51305878380784,20.18524576745956,56.13479755600751,0.8530195116419498,42.070253164556966,27.28860759493671,4.340390388033391,16.0
-2.2445245621299565,24.37777271889569,60.48864102868211,0.9622100885831775,30.94105960264901,21.473509933774835,2.612264808842468,27.0
-2.0641612960863496,20.216269924617936,59.58085113225509,0.8908882776399643,42.070253164556966,27.28860759493671,4.530649447202562,15.0
-1.6627508933222095,24.83593048104329,57.98352271515047,0.8977161178148658,33.838961038961045,22.674025974025977,2.054761262354604,34.0
-3.5612413559135323,25.01047377794418,61.526158146710515,1.1570045951114118,30.94105960264901,21.473509933774835,3.3645462731504194,21.0
-1.9244806363453364,23.21662471394747,61.36906609409249,1.01230367087433,33.838961038961045,22.674025974025977,2.7667960603290696,25.0
-4.104939289691379,21.321617775250235,59.26788731093384,0.9933876257293405,42.928205128205136,29.330128205128204,4.791489481198274,15.0
-2.3848772809392216,23.763875377344753,61.80485125077238,1.075791837491439,42.928205128205136,29.330128205128204,3.2175276471035703,22.0
-2.2740668114580425,26.722629399325662,55.01395062168814,1.1806192454706959,42.928205128205136,29.330128205128204,3.776471156593117,19.0
-2.466830276396039,27.82395808644459,63.218742924839084,0.8448794257882257,42.070253164556966,27.28860759493671,3.708090216361883,19.0
-3.743055791594541,25.307506023881423,59.223651287029114,1.1334138268437028,42.928205128205136,29.330128205128204,3.613809821703972,19.0
-1.8808705589543901,25.898343944397556,62.33545270718646,1.0336076719471383,30.94105960264901,21.473509933774835,2.848154464745661,25.0
-3.993424609888815,22.006163711246526,58.19418657185426,0.858466141524735,42.928205128205136,29.330128205128204,3.5246205704266123,20.0
-4.3390956254375075,22.873303332276492,53.2765736748302,0.9188597274755966,42.928205128205136,29.330128205128204,3.0786384729839544,23.0
-2.3476050281642635,21.618956100523583,58.13615193017463,0.9929445665858958,31.01180124223602,27.43167701863354,3.44499248477883,20.0
-3.073572854301799,22.492953500046113,55.566674956648825,1.0764708578309692,30.94105960264901,21.473509933774835,3.4393282936991003,20.0
-1.952705940123972,22.24886780225532,60.462485540556415,0.8970428067813809,42.928205128205136,29.330128205128204,3.259916134060213,21.0
-3.349808576825223,25.194487863912375,57.13690687602104,1.013951526187036,42.070253164556966,27.28860759493671,3.0654586944298416,23.0
-3.9951642344768614,25.626887557907295,62.541692073915314,1.0738686509663447,42.928205128205136,29.330128205128204,3.784393069905846,18.0
-1.9906734225903908,29.449474208215044,60.17108768482875,0.9794963003390025,42.070253164556966,27.28860759493671,5.802895816740719,12.0
-2.853271105079785,21.95570647101523,60.268166495469856,1.1452103844480703,30.94105960264901,21.473509933774835,4.14752981334466,17.0
-3.9324126228289353,26.41675710161496,53.257330002365975,1.1477836411361617,42.070253164556966,27.28860759493671,3.739373918898909,19.0
-2.3388480042406625,28.17259268987523,64.76374649736935,0.9882764870561783,42.070253164556966,27.28860759493671,4.952003178440198,14.0
-2.966659084531498,25.602414637830524,62.62512813907233,1.1891702841635599,42.070253164556966,27.28860759493671,3.7281671633062987,19.0
-2.6870610532790407,22.550036525010757,61.83507326841042,0.830234036962179,42.070253164556966,27.28860759493671,2.7100498219778957,26.0
-3.1173049853802546,22.6255023002,54.953228377400414,0.8013449513291747,31.01180124223602,27.43167701863354,2.43998860701218,29.0
-2.013873048545981,20.392530530709998,58.03447479270848,0.9522673055215676,30.94105960264901,21.473509933774835,4.307041107171336,16.0
-2.0113118529508505,23.054442265484816,52.05654782111493,1.0404388245490037,30.94105960264901,21.473509933774835,2.46988802224752,28.0
-2.371833534526841,27.4460367900338,58.07713964994059,1.0516800629798644,30.94105960264901,21.473509933774835,3.698447431547297,19.0
-4.1837958678106135,20.475177572071104,52.18833869724931,0.9905782945175314,30.94105960264901,21.473509933774835,4.798543352507204,15.0
-1.9834384142877934,22.192952825048305,58.29556765984402,0.8499533252962586,30.94105960264901,21.473509933774835,2.544054882547675,28.0
-2.4869610584012705,27.06232498531782,59.730828202323586,0.8681990087151578,33.838961038961045,22.674025974025977,3.0714293795513243,23.0
-2.4089275019871015,27.826515628228766,55.852939508748534,1.1408591935408037,42.070253164556966,27.28860759493671,4.756029444172852,15.0
-3.411051478788385,24.553184100619283,57.4781731749694,1.1471644526957046,30.94105960264901,21.473509933774835,3.221859168299213,22.0
-1.8621613315289798,26.98074338478649,63.13480081511879,1.069559415144288,33.838961038961045,22.674025974025977,3.5934476548057686,19.0
-2.3238851992954275,23.87952168654892,51.62844717054214,1.065687188911553,30.94105960264901,21.473509933774835,2.3119048882022146,30.0
-4.1622286004124165,21.599132450241274,61.875993394994794,1.039072851211123,42.928205128205136,29.330128205128204,4.940788061882787,14.0
-3.276665896781512,23.981494935229065,52.56131826494295,0.8811703542807954,31.01180124223602,27.43167701863354,2.084749536157548,34.0
-1.840858914119575,25.79967820203143,50.55061974206943,0.9713002801039613,42.928205128205136,29.330128205128204,2.1446641669943824,33.0
-4.358409894907863,29.480532818528904,52.78361904117572,1.0783578605853514,30.94105960264901,21.473509933774835,6.642720509065809,11.0
-1.6157501410738515,20.687509520886774,61.47564784955735,1.0149009088013354,33.838961038961045,22.674025974025977,4.475055165185889,16.0
-2.4625122950413116,25.073940938449606,56.0768911000529,0.8074321336220397,31.01180124223602,27.43167701863354,2.073425928192429,34.0
-2.6058720670698703,23.289197782107244,63.087807752692726,1.1814227226880392,31.01180124223602,27.43167701863354,3.598019790793055,19.0
-3.6883222305360257,25.083116942766946,57.87061311773399,1.1379264210288573,30.94105960264901,21.473509933774835,3.2739411954719753,21.0
-3.7536246337824686,20.239754473765316,50.33375527889496,0.9042180056438952,42.070253164556966,27.28860759493671,4.445768219063256,16.0
-1.6738253415342137,23.130253547015812,60.7507041440289,1.0465835740665184,31.01180124223602,27.43167701863354,2.89609461040282,24.0
-3.6051826372976317,28.19868147527005,51.65349363081849,1.1692957534912751,42.070253164556966,27.28860759493671,5.375151210600594,13.0
-2.173484109843002,25.539417338546375,61.840694501928866,0.8384044048454606,31.01180124223602,27.43167701863354,2.29483084786891,31.0
-3.3206346053787623,24.505824928161175,52.5215382470777,1.0012117923186803,33.838961038961045,22.674025974025977,2.4320164488137324,29.0
-4.082237787645888,22.855250717153396,55.1816957870827,0.9824972103385178,42.070253164556966,27.28860759493671,3.1711399337606663,22.0
-4.467854106913923,22.98042522791356,61.41907144438041,0.9640820021134129,31.01180124223602,27.43167701863354,3.356739771070899,21.0
-2.8672279889542476,23.831014335905845,64.31347036214632,1.13423544355717,42.070253164556966,27.28860759493671,3.6159361698651837,19.0
-1.572663544353202,28.355707099645606,55.57150925970099,0.952258458678983,30.94105960264901,21.473509933774835,3.520499864695024,20.0
-3.3925914185723864,29.672132068082682,62.441003302984036,0.825465333296403,42.928205128205136,29.330128205128204,6.145869859083612,11.0
-3.4284229980208654,24.386553813503745,52.861883982137584,0.826335096865721,30.94105960264901,21.473509933774835,2.159757484308248,32.0
-3.4677251464516736,23.93352838747762,62.107696553037364,0.8170978426098436,42.070253164556966,27.28860759493671,2.4374925816533475,29.0
-2.9383684880854246,28.465507758198626,59.86241088884377,0.9636581687496149,42.070253164556966,27.28860759493671,4.901234017986817,14.0
-3.1780053497271195,24.269053206363036,52.89115260818553,1.087362511079344,30.94105960264901,21.473509933774835,2.7143020423994053,26.0
-1.8602561198189567,25.52018172295651,54.537559405271175,0.8814889847722062,31.01180124223602,27.43167701863354,2.0921763908751094,33.0
-2.983437624829529,22.309416645987444,51.97656332895554,1.0585874081726199,30.94105960264901,21.473509933774835,3.2004588528980515,22.0
-2.976726485434294,27.435025357790753,55.744505165964696,1.0748353888414817,33.838961038961045,22.674025974025977,3.9967093241678473,18.0
-4.08488521583833,25.31988318270782,53.05472961684916,0.9020808496062392,42.928205128205136,29.330128205128204,2.7776550066072536,25.0
-1.551781377268842,28.090345502403416,59.65996930445711,1.0402230624242517,42.070253164556966,27.28860759493671,4.3190308606133785,16.0
-3.750081327393511,27.807327300286698,64.91757656330839,1.073947336010739,42.928205128205136,29.330128205128204,5.527900944100151,13.0
-4.279907797621192,22.150047682700286,50.18013744626396,0.9866454491208503,31.01180124223602,27.43167701863354,3.139753898316446,22.0
-2.5105612530743735,27.156355505577622,58.11379719930948,0.9346866389120381,31.01180124223602,27.43167701863354,3.3262430010093484,21.0
-2.713900889529382,28.000544079513716,58.60499896323515,1.047660620629731,33.838961038961045,22.674025974025977,4.529646350911684,15.0
-3.2545630380217627,23.461072407823952,63.713131845212175,1.1911388349312229,42.070253164556966,27.28860759493671,4.051188587304024,17.0
-3.233423298357966,21.726091129022745,57.590080021504065,0.9707365637475912,42.928205128205136,29.330128205128204,3.9294473594462143,18.0
-2.1448082368607064,20.02632155579588,58.15552129467376,0.9566940385140484,42.928205128205136,29.330128205128204,4.843987062853432,14.0
-3.912862079701053,24.509036530931482,57.07479201992583,0.9857067609704453,31.01180124223602,27.43167701863354,2.6934759801704997,26.0
-2.039240043165331,23.524327315388415,54.03356456842222,0.8304873573780194,30.94105960264901,21.473509933774835,1.8890638098569494,37.0
-2.5537586583149454,25.54909833825409,50.84043699873371,1.021265311868556,42.928205128205136,29.330128205128204,2.4970054823555343,28.0
-3.243090678661427,21.88041092588786,56.12986523314754,0.9314789548869055,42.928205128205136,29.330128205128204,3.469725788996431,20.0
-3.125914150248394,28.59665547666475,50.788872068610175,0.8485688489325051,42.070253164556966,27.28860759493671,4.008366929489661,17.0
-3.7300583784417127,22.577552156281097,58.257387041988764,0.9865026964469493,42.070253164556966,27.28860759493671,3.6519161339492165,19.0
-2.2436570019090754,22.2642960508765,54.609404648634396,0.801353594629591,33.838961038961045,22.674025974025977,2.366467511009962,30.0
-2.961375773084197,24.807140564843557,58.004036022881415,0.9607140980651036,33.838961038961045,22.674025974025977,2.5909455934709897,27.0
-3.537436371750469,24.988510237442743,52.0144544659278,0.8422941071705803,42.070253164556966,27.28860759493671,2.192969367645081,32.0
-2.711849652717149,22.150852287850928,63.98944948609039,0.8097170813599122,30.94105960264901,21.473509933774835,2.9877279619588366,23.0
-1.512796643846031,22.71860726725916,63.41781865324902,1.129790018497801,42.928205128205136,29.330128205128204,3.560116538356094,20.0
-3.1942131610303384,21.69705239155245,52.849947638034266,1.166499521313054,31.01180124223602,27.43167701863354,4.117552049488914,17.0
-1.7379257976641416,27.184601783231667,55.151664249410146,0.8830698593436427,30.94105960264901,21.473509933774835,2.8057844894635733,25.0
-3.4649494802263017,27.70089031254082,59.20239157777969,1.0157193055337046,42.070253164556966,27.28860759493671,4.384740373217497,16.0
-4.335801879225042,24.623284974592828,51.43529310958859,0.911183262852394,31.01180124223602,27.43167701863354,2.4050579264071152,29.0
-3.8872736808947135,27.140870226850176,55.31851731674226,0.9974309754688728,31.01180124223602,27.43167701863354,3.8443567329764536,18.0
-3.2439145700169476,27.359353919374456,53.76668430228509,0.9746525283576641,33.838961038961045,22.674025974025977,3.490794594728236,20.0
-3.841095214216293,21.382755276778084,63.73275093075045,0.9076204220321943,42.928205128205136,29.330128205128204,4.631047234137977,15.0
-4.499318885345233,29.661780248345366,62.78765954433808,1.080157431854119,33.838961038961045,22.674025974025977,8.351683855671872,8.0
-1.7549953867574182,28.210319470964308,58.697491119002954,0.8505963837281018,31.01180124223602,27.43167701863354,3.492740041810641,20.0
-1.968361766307213,22.044834611958237,57.80519505307361,0.8212291128685469,42.070253164556966,27.28860759493671,2.629323293327039,27.0
-2.2731233055391584,21.861650357460704,63.96088691818096,1.1070701732149115,31.01180124223602,27.43167701863354,4.024232654273835,17.0
-3.996556213061914,21.256611455795827,63.98641674468223,1.0663720124882718,42.070253164556966,27.28860759493671,5.5913539168577735,13.0
-4.138909271370042,21.383785625419183,64.53995188027491,0.9994104496585592,42.070253164556966,27.28860759493671,5.224786042379007,13.0
-4.297185751582851,27.481617990286964,51.88068326162281,0.9871159081890166,30.94105960264901,21.473509933774835,3.807209839867698,18.0
-2.3279124336812362,24.696542569516236,52.40836716144755,0.9989645517965705,42.070253164556966,27.28860759493671,2.286283080065975,31.0
-1.713576117936344,27.82934172739867,60.1510504801983,0.9748096304394691,33.838961038961045,22.674025974025977,3.7990343327700424,18.0
-3.208392537260889,27.462548943502053,58.12151714914767,0.9571569183324716,31.01180124223602,27.43167701863354,3.8934541363603414,18.0
-4.142577984011855,26.046127135052217,50.27698857339854,0.9998762411544482,42.070253164556966,27.28860759493671,3.1921173357386565,22.0
-2.96282153780368,26.863666065786795,50.92962553984279,1.0114060684639041,42.070253164556966,27.28860759493671,3.172275952877407,22.0
-3.4535042776241096,20.18355724379142,63.32120573388208,1.0767609256334483,31.01180124223602,27.43167701863354,6.162921947270636,11.0
-3.375525226950007,23.11777646805022,63.03306193309079,1.084482864293609,42.928205128205136,29.330128205128204,3.8713409732425053,18.0
-2.636008127532878,26.378221792594104,55.35906382994068,0.9510516320560578,31.01180124223602,27.43167701863354,2.7452367058030163,25.0
-2.343845660213393,20.093449534862444,63.36575925395802,0.9654162090973955,42.070253164556966,27.28860759493671,5.6395836597442965,12.0
-4.168189203380518,20.329769436825934,58.90512611596853,0.9494788678944892,30.94105960264901,21.473509933774835,5.351477144085073,13.0
-4.393229307580571,28.51887982470383,62.08858470528353,1.0146143094502842,31.01180124223602,27.43167701863354,5.813952685818403,12.0
-1.5170090919428554,26.840248616920718,56.41146606740321,0.9813414151656781,31.01180124223602,27.43167701863354,2.845648235718403,25.0
-3.8018149532533445,22.65369733120344,51.70097491017363,1.1558385852544775,42.070253164556966,27.28860759493671,3.780260486992254,19.0
-4.338508425274623,26.87962840118709,56.505905939690244,1.078544506766589,33.838961038961045,22.674025974025977,4.078019772238408,17.0
-3.93037401271224,27.924566691392634,56.85949696995347,1.1594625535017782,42.070253164556966,27.28860759493671,5.410455133738295,13.0
-4.383126460954608,23.067942831101014,58.26416290760905,1.0836547966237702,30.94105960264901,21.473509933774835,3.4453161067844467,20.0
-3.324567316148485,20.360373774991874,51.58374069356642,1.1883968594095256,42.928205128205136,29.330128205128204,5.654620266520185,12.0
-2.092794646646027,29.327791246877347,64.87102794574417,1.0542947113021075,42.070253164556966,27.28860759493671,6.612743049191289,11.0
-3.476266650726838,23.451798382956305,53.6620523121036,1.1854200552652219,42.928205128205136,29.330128205128204,3.504554978411712,20.0
-3.1674497793649,21.064817632847063,52.978286053056394,0.8632679561637705,33.838961038961045,22.674025974025977,3.346833407450145,21.0
-2.4732396792976834,24.918568713931474,57.90204378283905,0.8209910723317616,33.838961038961045,22.674025974025977,2.300597147703737,30.0
-2.9733177897903595,27.684677956641337,58.05812269092333,1.0316500740815437,30.94105960264901,21.473509933774835,4.028530174118178,17.0
-1.9156629419360272,22.21647314617559,56.597311067498666,1.19339728231991,33.838961038961045,22.674025974025977,3.8489555156846826,18.0
-1.9018929748627302,22.694900501333635,61.57838219487881,0.9670420989209587,42.928205128205136,29.330128205128204,3.2401521463163165,22.0
-4.4702679135265395,22.427149867985833,57.74981601092904,0.8848173448771839,42.070253164556966,27.28860759493671,3.4290352760980727,20.0
-2.1658610805504024,29.916730528316783,59.14543182717476,1.0086165796774056,42.928205128205136,29.330128205128204,6.519964264152426,11.0
-3.1177991992749785,21.974037337305425,60.85619578111678,1.0595194498315554,31.01180124223602,27.43167701863354,3.966756950176804,18.0
-1.5334783760890107,25.75520216966124,50.375376523458,0.9260714782063556,31.01180124223602,27.43167701863354,1.9913223231784294,35.0
-3.0503037723736943,29.252646416569643,58.559662738175675,1.0859077433997038,42.070253164556966,27.28860759493671,6.506156507240292,11.0
-1.5393121638351075,21.468965688777793,63.26291706842554,1.1900458028182903,42.070253164556966,27.28860759493671,4.707406441044153,15.0
-2.23629191638279,29.708541978677005,50.26083114388151,1.1587852486842467,31.01180124223602,27.43167701863354,5.841374232530788,12.0
-3.754185346160081,29.474772343956246,56.07773155701442,0.9166341494048781,42.070253164556966,27.28860759493671,5.906122378227041,12.0
-2.884815062139127,28.845719870582627,63.89341175308745,0.9306894732578394,33.838961038961045,22.674025974025977,5.345738811427169,13.0
-1.5235930815642518,22.145565213300024,55.297316034238065,0.9486164897798355,33.838961038961045,22.674025974025977,2.680193792814837,26.0
-1.9274081767442288,26.340550560109833,56.88093236300361,0.9578211113574582,30.94105960264901,21.473509933774835,2.8776377442139145,24.0
-4.207899318626337,27.6089147296124,64.72312089566469,0.8401277996773118,33.838961038961045,22.674025974025977,4.124878990171648,17.0
-2.380884009570012,29.860279281964296,52.989857884258605,1.1047851355557157,30.94105960264901,21.473509933774835,6.281766430810142,11.0
-3.463261242387561,21.804238220813705,50.97882783687509,0.9461357054442802,30.94105960264901,21.473509933774835,3.176109175689929,22.0
-4.479053214358956,27.660258995192965,62.89133886291957,1.1519279906821809,31.01180124223602,27.43167701863354,5.703109918787587,12.0
-3.2895570929190012,23.38801169927113,63.02698011818553,1.1707762492480436,30.94105960264901,21.473509933774835,3.755267177801658,19.0
-3.795736734825086,21.756264655680024,57.0811675202002,0.8097725237230753,42.928205128205136,29.330128205128204,3.4194811569812775,20.0
-2.0433921884385855,24.21376941213855,57.713107617159295,1.1954012279712825,33.838961038961045,22.674025974025977,3.0042087152266403,23.0
-3.4880081734627035,27.938359121486165,62.537095544267544,1.0840090926000738,42.070253164556966,27.28860759493671,5.506890140440149,13.0
-2.017428918138549,24.648498037040522,61.078392471736926,1.008156890397185,31.01180124223602,27.43167701863354,2.6123339646128243,27.0
-4.498206183495614,25.375231002030485,53.97723503325516,0.9558110433490213,42.928205128205136,29.330128205128204,2.951349777540042,24.0
-3.5765425499216423,29.951594102001213,50.25340032607278,1.0074072530438851,31.01180124223602,27.43167701863354,6.019151453119415,12.0
-3.776504357076714,23.99109299557426,57.19550243800319,0.9298498895913778,42.070253164556966,27.28860759493671,2.799003885962055,25.0
-3.799297916794167,26.154007547092398,62.88368489143462,1.0490751254786193,33.838961038961045,22.674025974025977,3.7844155562264667,18.0
-4.295440140703612,23.652442016153717,63.437520150352434,0.8371921105779165,33.838961038961045,22.674025974025977,2.910131306699528,24.0
-3.938627188768495,23.92785646328705,64.34339295614231,1.048449041164724,42.070253164556966,27.28860759493671,3.635325896302818,19.0
-2.83335129034314,26.95640753445408,63.19344856419172,0.9101379400553776,30.94105960264901,21.473509933774835,3.3866401161140818,21.0
-3.6259167814867665,29.378869760948835,58.70065332947148,0.8070539316209386,30.94105960264901,21.473509933774835,5.050632245297091,14.0
-3.247815653012556,25.423589504923214,56.669083988541516,1.021082306465151,42.070253164556966,27.28860759493671,2.950799771920017,24.0
-3.3693993589584346,27.683999289487797,61.62274769801149,1.0313791023410785,31.01180124223602,27.43167701863354,4.601383143256503,15.0
-1.8722852250003164,20.89206558816964,61.09732451548395,0.9706276018846144,42.070253164556966,27.28860759493671,4.2848304728931685,16.0
-1.7841030029684535,22.11158037431927,58.07215145122181,0.8289144930201268,30.94105960264901,21.473509933774835,2.575009013417834,27.0
-3.02112908503242,25.021316409195325,51.309910588377036,1.1573371811216766,42.070253164556966,27.28860759493671,3.041301237080511,23.0
-3.509532149053187,20.20011723628775,63.89122020180378,1.0445723228911556,33.838961038961045,22.674025974025977,6.217310033617091,11.0
-4.179597887992909,22.528549787625586,56.83403806252493,0.8462853198275879,42.928205128205136,29.330128205128204,3.161504038277018,22.0
-1.6397913618537148,25.17401289824966,55.450006728743965,1.004372230637659,33.838961038961045,22.674025974025977,2.357811812706664,30.0
-4.319319165299108,20.14961198256301,59.44351092753158,0.9989017263793886,30.94105960264901,21.473509933774835,6.155988132649846,11.0
-3.6070491672951586,22.645462862260416,60.10756941750465,0.8241607475171708,30.94105960264901,21.473509933774835,2.803203584781352,25.0
-3.6058013964899875,25.140308194758695,53.16031875545452,1.042743881441179,33.838961038961045,22.674025974025977,2.8613457392601838,24.0
-3.5387961415793554,25.731492479812456,62.55408267214934,1.1233305595686258,33.838961038961045,22.674025974025977,3.7118146760195123,19.0
-4.007139470182772,29.257516930553052,54.349056404935666,1.0996032216993912,30.94105960264901,21.473509933774835,6.2645667385099255,11.0
-2.1505157072289087,26.453456232506078,52.80025888871475,0.8811877656656734,42.928205128205136,29.330128205128204,2.4608414881940455,28.0
-4.132506414102032,24.147358025299937,56.095997792817464,1.1449170118216845,42.070253164556966,27.28860759493671,3.5506059904777625,20.0
-2.5952800225405115,29.303511771330676,60.95840121346198,0.9370168662637404,42.928205128205136,29.330128205128204,5.769256056022569,12.0
-4.128461919882548,27.848829833877943,64.48187267659705,1.1786033513167764,42.928205128205136,29.330128205128204,6.156900777657054,11.0
-4.28839308722113,22.000089211127477,62.1392189655715,0.8286991856902856,42.070253164556966,27.28860759493671,3.6627575741517524,19.0
-1.7717114889423704,21.3084236134882,64.10522566505287,0.994483475407937,42.070253164556966,27.28860759493671,4.082767963540065,17.0
-3.929613701043883,26.75811635742733,52.1090870611479,1.0388497508710197,42.928205128205136,29.330128205128204,3.609142964770533,19.0
-2.036249536320887,25.59883165576984,51.067651982955155,0.8990600393898419,30.94105960264901,21.473509933774835,2.2165864389632217,32.0
-2.8661073866785927,27.896736137927558,58.36557142860007,1.108552075488091,42.070253164556966,27.28860759493671,4.99548305614087,14.0
-4.266430441173691,27.388050500786864,54.354462245660514,1.0507582719242867,42.928205128205136,29.330128205128204,4.553672404799766,15.0
-1.6336554256857978,26.252115338575152,62.42082459453909,0.8072437749151823,42.070253164556966,27.28860759493671,2.4420416389037123,29.0
-3.7591164990243224,29.86382171628892,60.07981807103489,1.0433474362784942,31.01180124223602,27.43167701863354,7.5191737863589925,9.0
-1.9210639639421805,25.335897301104087,64.56092245978692,0.9965912937673785,31.01180124223602,27.43167701863354,2.6852981989162266,26.0
-3.9935699826463074,21.131057565017198,53.82188533596956,0.8784116806814031,42.928205128205136,29.330128205128204,3.874453853170442,18.0
-1.9381713535744414,28.282735648159885,57.28676171532849,1.1982992908238117,42.070253164556966,27.28860759493671,5.120854263093486,14.0
-4.460313561284118,22.51853362345709,57.5186071613803,1.158864877931046,30.94105960264901,21.473509933774835,4.022684592441426,17.0
-2.964658630291558,27.773021481439184,53.587651922860644,0.9170030780116254,42.070253164556966,27.28860759493671,3.805976496628694,18.0
-2.1916722617353295,29.57107096000051,58.851400992320116,1.0164283683194466,31.01180124223602,27.43167701863354,5.667953318106987,12.0
-1.6956134475216498,26.96795513964341,56.64928979118859,0.9266008559641163,31.01180124223602,27.43167701863354,2.943801313094154,24.0
-1.7723935913805389,25.96030160949801,56.70082333984811,1.1101983006544311,33.838961038961045,22.674025974025977,3.0418909513085852,23.0
-2.041125391357065,24.603861756750405,55.441049719587255,1.172132573278582,33.838961038961045,22.674025974025977,2.844108771662064,25.0
-1.835425951016088,23.644098659954032,50.25394028638303,0.9435314427657534,42.928205128205136,29.330128205128204,2.051970813710757,34.0
-3.9023409424887703,23.53004750971836,57.831428553721835,1.122233699657451,31.01180124223602,27.43167701863354,3.2299578436333287,22.0
-3.6474471128648136,26.363727057095907,55.02871753550497,0.999363017085282,31.01180124223602,27.43167701863354,3.097235702767877,23.0
-3.6330944252368242,27.51273116937746,50.019798034764946,0.9586314245246309,30.94105960264901,21.473509933774835,3.461712079838247,20.0
-3.3688382069949037,26.785170694844144,54.61915561492898,1.175368740839508,31.01180124223602,27.43167701863354,3.863340024877049,18.0
-3.320037988844434,21.98410101193563,54.179424996346356,1.0041618754876125,42.928205128205136,29.330128205128204,3.5009124878475295,20.0
-2.8663340260359735,24.93987180143491,55.901722298354535,0.9869642001029859,30.94105960264901,21.473509933774835,2.6594643738131976,26.0
-4.020360709900676,27.91640072183063,51.977779844650954,1.0689737607849372,42.070253164556966,27.28860759493671,4.84098910086646,14.0
-2.426260008642032,24.757040781890563,57.61525736952627,0.9044936804073138,30.94105960264901,21.473509933774835,2.2732010499326605,31.0
-3.9973003820864808,25.36623279735494,60.38660528777195,0.9299171483153263,31.01180124223602,27.43167701863354,2.938105785560725,24.0
-3.5690745536863573,27.711360481708223,59.45278353581858,1.172818334495449,30.94105960264901,21.473509933774835,4.9750392098790845,14.0
-2.9899646081815376,26.612653062650914,62.05632421353786,1.0714119381747769,42.928205128205136,29.330128205128204,3.937887210358412,18.0
-2.110678315429568,24.093449208823927,56.78012431980622,1.1306548591084022,30.94105960264901,21.473509933774835,2.8112567746832315,25.0
-2.281592300283818,28.95412711194219,57.78637595509592,0.9084447047741718,31.01180124223602,27.43167701863354,4.5680038133462135,15.0
-2.563396930768433,21.625670686634784,62.15602911288475,1.0175160759719488,33.838961038961045,22.674025974025977,3.9801104791607655,18.0
-4.03268021825949,29.955164485903246,56.41551756228858,1.188558506795799,33.838961038961045,22.674025974025977,8.49612276209718,8.0
-2.858863963153267,21.188525784762373,60.52399024849395,0.9274815596112871,42.928205128205136,29.330128205128204,4.159485960867729,17.0
-4.237660494600344,20.149499711042388,56.51903553076988,0.8641905905268168,42.070253164556966,27.28860759493671,5.108129603400766,14.0
-3.367910469610048,28.900189011487647,56.26604291767344,1.0043544032898657,31.01180124223602,27.43167701863354,5.34875568680126,13.0
-3.2594504091301224,22.449535083659562,61.4030843679374,0.9551284354899505,33.838961038961045,22.674025974025977,3.205922461412657,22.0
-4.3805656816627385,27.296996274467208,52.622553731993165,0.8638308931146854,42.070253164556966,27.28860759493671,3.447359679537426,20.0
-3.6780357015900846,28.110153749320695,55.0787895791236,1.1554205530813473,33.838961038961045,22.674025974025977,5.253425553174753,13.0
-1.6330515982005318,28.58986391032117,53.36258415120353,1.196289564221511,31.01180124223602,27.43167701863354,4.718467209555402,15.0
-1.6391021765109315,29.915942356641665,55.38664914451395,1.027432872275999,33.838961038961045,22.674025974025977,5.754067268224413,12.0
-3.443018837242382,22.94039710039999,53.45562233549036,1.1098707073493816,33.838961038961045,22.674025974025977,3.1949387178319464,22.0
-4.370699673155028,27.102433419272593,58.69108446629982,1.1436153478185198,42.928205128205136,29.330128205128204,4.87678590283067,14.0
-3.9627151820154554,21.15399858280828,61.97256203926768,1.0803928024087308,42.928205128205136,29.330128205128204,5.543297482413981,13.0
-3.3233466196993797,24.068092913568492,61.79919591826852,0.8176624196446926,42.070253164556966,27.28860759493671,2.5705378629258315,27.0
-1.6566609060923105,28.479716933125903,55.46751446823188,0.8630536926867272,42.070253164556966,27.28860759493671,3.4852747015081045,20.0
-4.076402809388445,23.676580460591083,64.83140608841393,0.8283956764605547,42.928205128205136,29.330128205128204,3.0391570943069532,23.0
-2.209452468995363,25.91095380535614,58.90781547058701,0.8039518426568226,42.928205128205136,29.330128205128204,2.3458942605877584,30.0
-4.173952381875924,25.037734437246343,55.99100452667442,0.9223985635028946,33.838961038961045,22.674025974025977,2.900370621111088,24.0
-1.5562272678261695,26.45951531112045,62.53308918862138,0.9569423841926239,42.928205128205136,29.330128205128204,2.935508226815922,24.0
-3.355150502672595,29.72894389387695,60.948110189639614,0.8964118929343703,33.838961038961045,22.674025974025977,6.163662438241303,11.0
-2.174296383302832,20.55735526501402,61.23913005236157,0.8258418592345285,31.01180124223602,27.43167701863354,3.8367876683583573,18.0
-3.4722267515666045,25.739615175016297,52.94209024600807,1.011945236334671,42.070253164556966,27.28860759493671,2.970804640623825,24.0
-2.616993368523574,28.63028779250285,57.024864610528326,0.9093277279828567,33.838961038961045,22.674025974025977,4.159602656904881,17.0
-3.92395174577989,24.813827117484273,62.92742196236904,1.1184148619454248,30.94105960264901,21.473509933774835,3.448390596783299,20.0
-4.061936942109113,20.78527185941573,57.56057011443136,0.8032210486501126,42.070253164556966,27.28860759493671,4.222099499810899,17.0
-1.685807581295606,25.60539352416771,60.25179115131576,1.137010820515044,33.838961038961045,22.674025974025977,2.923758517914177,24.0
-1.7470581662866995,23.320738908238205,58.81900599551397,1.1819014715783829,33.838961038961045,22.674025974025977,3.2430599933194966,22.0
-1.837593179361353,21.54941785337936,62.635351815775735,1.0864540252614279,42.070253164556966,27.28860759493671,4.23715494890316,17.0
-2.6236996495002196,28.49034513283473,54.26841259642404,1.0934576261050266,33.838961038961045,22.674025974025977,4.743503034500856,15.0
-2.0751953663511653,25.215995129911217,58.63212916829547,1.1734249246410933,30.94105960264901,21.473509933774835,3.0599784709159157,23.0
-4.292889189265876,29.332764123790668,51.84852002014706,0.8836285141201397,31.01180124223602,27.43167701863354,5.268652152053713,13.0
-3.4956328743279625,28.06016504603069,60.35316165049202,1.1978262272834306,30.94105960264901,21.473509933774835,5.735388461323039,12.0
-3.558890625728531,26.929717937736672,60.97951757529068,1.1093924813514167,42.070253164556966,27.28860759493671,4.607458858354688,15.0
-2.5930640341421602,20.05025503365312,50.64255981783498,1.0906282833311174,42.928205128205136,29.330128205128204,5.359998523633664,13.0
-3.4321266795880785,24.2782345663825,60.13686445441978,0.9444362315981171,42.070253164556966,27.28860759493671,2.7892412760416248,25.0
-4.054479655068958,21.97486281652032,56.220352312486796,1.0183109941622441,42.928205128205136,29.330128205128204,4.130479628949408,17.0
-2.7105987737593686,29.107979110488678,51.861453141645235,1.0615671153093387,42.928205128205136,29.330128205128204,5.266464411730151,13.0
-2.0568482379927557,21.7458398467636,56.29861321547701,1.0481371445268863,30.94105960264901,21.473509933774835,3.4955018128000774,20.0
-3.3536295166200807,22.860600516592854,52.91349394543373,1.0819938553910322,31.01180124223602,27.43167701863354,3.087815680367822,23.0
-4.103193854704555,25.168367677344992,56.23339298184975,0.8329526956313643,42.928205128205136,29.330128205128204,2.6944066522259296,26.0
-3.9099354080615307,22.63363618998079,55.76508541937792,0.9422593731326787,30.94105960264901,21.473509933774835,3.1942459370549754,22.0
-3.787550084491848,22.098646772791213,61.075874554040865,0.9736000066381909,31.01180124223602,27.43167701863354,3.8413388611046413,18.0
-3.6003072210163913,25.990993251027525,61.61323337249538,0.9042517191499866,31.01180124223602,27.43167701863354,3.0413587684126298,23.0
-2.5716147884810727,20.88929522755024,59.105429815768204,0.8690509081076896,42.070253164556966,27.28860759493671,4.035268752170824,17.0
-2.697163546386843,20.581677587209246,50.340302632736716,0.8555709919651452,42.928205128205136,29.330128205128204,3.636476448279943,19.0
-2.4117604152988825,23.722452951860713,63.96533418606491,0.9465533569026341,31.01180124223602,27.43167701863354,2.7302194506664392,26.0
-3.4124940464054605,27.206644545078625,60.293499201446714,0.9973766802250263,33.838961038961045,22.674025974025977,4.1344559393169185,17.0
-2.028007044360065,25.548067582739478,50.512931748817834,0.8251905760586643,31.01180124223602,27.43167701863354,2.017411735738303,35.0
-3.887737016532719,24.228764684667787,62.28249348821177,1.1785832378362198,30.94105960264901,21.473509933774835,3.653683543122456,19.0
-3.092877757445538,25.657515642245823,53.00399232076994,1.1060973291443033,42.928205128205136,29.330128205128204,3.1120501523729565,22.0
-2.0971838353757093,23.654514846532734,58.6883178435666,1.0923407092741866,42.928205128205136,29.330128205128204,3.004671397753265,23.0
-3.959524056802142,29.36146335432113,56.999515549252806,0.8691442099954908,31.01180124223602,27.43167701863354,5.252718678919125,13.0
-4.1704106587776515,20.549048909107743,56.29758173532615,1.0415203072048755,42.928205128205136,29.330128205128204,5.599534995996374,13.0
-1.8489480969360308,26.73391479029835,63.34570580186596,1.011889978723467,31.01180124223602,27.43167701863354,3.4922468140592957,20.0
-3.471211011722412,28.912826648277505,56.56041937343922,1.1929875383146775,30.94105960264901,21.473509933774835,6.332039262073945,11.0
-2.4483896252729043,28.038847087352536,51.13016176359726,1.0990687080320631,42.070253164556966,27.28860759493671,4.454995970559176,16.0
-4.423954187208184,21.84041034821447,64.19958090822429,1.0303047534864924,31.01180124223602,27.43167701863354,4.7694079082802645,15.0
-2.4298593347716513,22.959263489802883,63.808028468594415,1.1403250665880489,31.01180124223602,27.43167701863354,3.616839118575637,19.0
-3.5516960653590885,27.170479387071047,60.26649034372398,0.8620377083442838,42.928205128205136,29.330128205128204,3.6731525119222375,19.0
-4.332777439237675,20.842705591807654,57.01838792198038,0.806086611876391,31.01180124223602,27.43167701863354,3.8653205605226972,18.0
-2.6705617153556487,28.11861699832584,51.39289209415282,1.0760933333658094,30.94105960264901,21.473509933774835,4.081672282084169,17.0
-3.77758855178048,27.189069446047903,61.86122177866214,0.8393245840948951,31.01180124223602,27.43167701863354,3.633519084297732,19.0
-3.33957827384436,27.296066492353425,51.13216871636043,0.8461734559934038,30.94105960264901,21.473509933774835,2.801961730573058,25.0
-4.258257563140459,21.002413702675913,51.029014773427186,1.0978722905698122,31.01180124223602,27.43167701863354,4.737212943274637,15.0
-4.058510246715164,27.17760544816231,58.06075763659052,0.9082139376535957,42.928205128205136,29.330128205128204,3.6934089526918026,19.0
-3.6060682935124686,26.7981812521997,52.4019236027696,1.0514524862275572,42.070253164556966,27.28860759493671,3.4564100969557203,20.0
-4.230721498319529,28.309224908218503,50.115954010105234,1.1669627704370993,33.838961038961045,22.674025974025977,5.427597310659513,13.0
-1.7675212059410543,20.415959562564694,56.34670146493679,0.9265898126551433,33.838961038961045,22.674025974025977,4.006845558354712,17.0
-4.481858870448065,20.231106684677922,52.05825847415099,0.8868576631359676,33.838961038961045,22.674025974025977,4.615941872079886,15.0
-3.048419343407066,23.730070998785607,52.40773122921037,0.8426251534964208,33.838961038961045,22.674025974025977,2.2769687429193,31.0
-4.130257625602345,21.48788283849153,51.15365958103002,0.8521849445678905,42.070253164556966,27.28860759493671,3.5191940983321826,20.0
-3.5769627315661543,25.583844775702218,53.07640630585415,0.8248890781515371,42.070253164556966,27.28860759493671,2.466466308117634,28.0
-1.7218213205452035,29.17348901506749,60.73226269661584,0.8350569515318961,30.94105960264901,21.473509933774835,4.301537520230203,16.0
-4.01491634017804,23.91479730334016,62.13390960826687,0.9728018355236616,31.01180124223602,27.43167701863354,3.0644946014539864,23.0
-1.602503040845002,28.44950377272604,56.78800466043951,0.9283460180095879,30.94105960264901,21.473509933774835,3.8409160723761904,18.0
-3.882616869031735,20.002408745178666,57.59830723822127,1.0826243257291992,31.01180124223602,27.43167701863354,6.313304363053004,11.0
-2.275301674599511,21.685146434591843,50.48982551891304,1.1480966632988008,31.01180124223602,27.43167701863354,3.455068596904265,20.0
-2.859968205308065,20.304235396540857,51.039743920569755,1.1139092812569538,42.928205128205136,29.330128205128204,5.188469185552973,13.0
-1.8465638172097227,23.281471805150687,53.86351588474275,1.0122549026662608,30.94105960264901,21.473509933774835,2.4621988583542156,28.0
-2.838020233490607,29.081895956965027,58.15847631069721,0.8409768464930614,42.928205128205136,29.330128205128204,4.9691226028115585,14.0
-2.8963223425310742,20.969521235989877,61.093267231024896,1.0839069135766213,42.928205128205136,29.330128205128204,5.292064580157333,13.0
-3.9136259988948003,26.064097767438003,59.075045920070494,0.9451314898907495,31.01180124223602,27.43167701863354,2.9765744806755827,24.0
-4.001311913845024,24.51495939119444,55.881917824801825,0.8342601575661641,33.838961038961045,22.674025974025977,2.3546589211358055,30.0
-1.7505325466534574,29.384682123658123,51.77486109504707,1.1369865628850502,30.94105960264901,21.473509933774835,5.225254752678045,13.0
-3.516485403449898,21.225191425370937,61.71159852330784,0.9352866068730022,42.928205128205136,29.330128205128204,4.594188941047209,15.0
-3.383753235111312,22.12027850502229,55.45679077398586,0.8872995330046286,33.838961038961045,22.674025974025977,3.1512802221575593,22.0
-2.2205290247148346,20.295419686114933,61.04081021724184,1.1485808258475372,42.070253164556966,27.28860759493671,6.0159626813481,12.0
-3.4835295527315777,24.339352496313737,57.69468262871513,1.160853547378802,42.070253164556966,27.28860759493671,3.3817223717645555,21.0
-1.6438126600829919,22.778328995646543,61.07993080342738,0.935588334876624,30.94105960264901,21.473509933774835,2.6817928763825893,26.0
-2.286216693003599,28.69905933890321,63.60934342178858,0.9419205677125494,42.928205128205136,29.330128205128204,5.199296453368019,13.0
-2.70771227227974,26.04940813197755,63.81544274080703,1.0318514110332577,42.928205128205136,29.330128205128204,3.456082223351099,20.0
-1.8573145183657425,26.140907379757017,58.02660170000905,1.0933765975242633,42.070253164556966,27.28860759493671,3.0404622450974825,23.0
-4.351182274951552,25.319106968813024,57.67262547148458,0.8252596807627455,31.01180124223602,27.43167701863354,2.336456963831037,30.0
-3.7288119234323736,20.918503372292008,53.985176982542555,1.0373374628753886,42.928205128205136,29.330128205128204,4.913512989380171,14.0
-3.1048909973372703,24.450186837253554,64.03699747293938,1.1811280247134326,31.01180124223602,27.43167701863354,3.578821667151589,20.0
-3.819064381585437,29.995051897085165,56.86878750799431,0.9048375588719815,42.070253164556966,27.28860759493671,6.784136179101056,10.0
-2.268284438093544,28.35229290846015,51.91386858931066,1.1635308856387736,33.838961038961045,22.674025974025977,4.745809313698077,15.0
-1.7423759068388245,28.93459054167116,56.49057371939825,1.1800673363052374,42.928205128205136,29.330128205128204,5.641196680823513,12.0
-3.2286896402072296,28.232263592464996,51.90579875357006,0.9076614563884359,30.94105960264901,21.473509933774835,3.593814465110488,19.0
-3.473602199664315,21.030416934309827,57.537975263856126,1.1016807463541403,33.838961038961045,22.674025974025977,4.995068522511201,14.0
-1.6153478035873015,22.274482540647995,58.41913272284318,0.895510003327824,42.070253164556966,27.28860759493671,2.8296469587964257,25.0
-3.1654427015173776,20.031216513564097,55.06633642240378,1.095044464692853,30.94105960264901,21.473509933774835,5.476528895705353,13.0
-3.03285479865215,23.035101248781114,51.07475921347227,1.1189679885155304,31.01180124223602,27.43167701863354,2.9700612189700677,24.0
-3.445050382974284,21.086074023464924,64.15255303449858,0.8988822814842597,30.94105960264901,21.473509933774835,4.341391332303769,16.0
-1.771354580963585,24.72793345301583,61.60029670225144,1.086347817433294,30.94105960264901,21.473509933774835,2.6888130856600228,26.0
-2.793133550154448,26.771274885739018,62.58321620757681,1.124841815545636,42.928205128205136,29.330128205128204,4.22543566160416,17.0
-2.213476238455066,28.74505295038077,55.50302591429344,0.9434315488427647,42.928205128205136,29.330128205128204,4.297439945746787,16.0
-2.0645798449473407,27.492171650908983,61.41246545029176,0.8670811103958909,33.838961038961045,22.674025974025977,3.260958436156633,21.0
-3.4744528742482252,29.385855957785054,57.280593427537916,0.8367858269270054,30.94105960264901,21.473509933774835,4.989326268988784,14.0
-3.19891700603886,20.53898290393789,53.01625232609069,1.0301526814439768,33.838961038961045,22.674025974025977,4.7039213747519995,15.0
-1.9545846767812058,20.121798354165414,51.8663506536082,1.1912392477262852,42.070253164556966,27.28860759493671,5.3496723544720695,13.0
-3.4102339449725694,26.613381138362126,55.175763039830855,1.1291801280088865,30.94105960264901,21.473509933774835,3.7120165723786878,19.0
-2.118194599644446,22.89352410222246,52.0632816721271,0.9743358555738211,31.01180124223602,27.43167701863354,2.1898898075523276,32.0
-1.6770230322766886,22.53501016105773,64.97403464306103,1.0146483611419834,33.838961038961045,22.674025974025977,3.1793778287375285,22.0
-2.630368880795979,23.30887087693794,50.73783485348033,0.9118111541647276,42.070253164556966,27.28860759493671,2.3945502982196567,29.0
-2.2751181376443332,22.69796057892364,56.617153990536146,0.8652263469440254,31.01180124223602,27.43167701863354,2.43569093035408,29.0
-2.0847080638765956,25.114364063015874,56.781402835855765,0.9928324632929093,31.01180124223602,27.43167701863354,2.528720604594433,28.0
-1.9648810533100725,24.401484472241325,54.50947892872513,0.9854006264668741,42.928205128205136,29.330128205128204,2.2144709368057103,32.0
-3.314839986429612,25.124285513766562,58.570273485604176,1.0087719811215041,33.838961038961045,22.674025974025977,2.9744390908977887,24.0
-4.3462096224720055,26.727136115004363,52.249655362273174,1.1811218342255763,31.01180124223602,27.43167701863354,3.9136908010144245,18.0
-3.2943711862897813,23.871305089711484,61.75868570880851,1.041558120057909,42.070253164556966,27.28860759493671,3.2078264968841794,22.0
-2.4787313106477304,22.513076871421568,54.98671577371457,1.0423087346489495,42.070253164556966,27.28860759493671,3.2947078795840965,21.0
-3.1489488426576218,21.662005368087456,58.87013884697963,0.8512099051444307,42.070253164556966,27.28860759493671,3.589122432617466,20.0
-2.2531105474188045,23.494741195326256,60.73458854100439,1.198595546470728,30.94105960264901,21.473509933774835,3.4082980743379103,21.0
-3.429052711594008,27.41806475246172,63.33563176535242,1.1091379776938675,42.070253164556966,27.28860759493671,5.271370797196676,13.0
-2.595767576687911,27.567049101114698,62.536811546783,1.150881337637602,33.838961038961045,22.674025974025977,4.91362553685713,14.0
-3.940740585438076,26.669053866842102,59.12463542155339,0.9657201647323976,33.838961038961045,22.674025974025977,3.497584135394972,20.0
-2.251891690065129,22.340281753068744,55.8258977057583,1.00085123831425,30.94105960264901,21.473509933774835,2.9915081805376973,23.0
-2.8629120935609222,25.88086245854698,57.54807005112446,1.0088335236649106,42.070253164556966,27.28860759493671,3.028752694289944,23.0
-3.887806834360198,25.70689661576848,61.531021900682035,0.8776378157158421,42.928205128205136,29.330128205128204,3.2592229620763877,21.0
-3.624266479506578,24.842661981097255,63.1631831383921,1.075795662530783,30.94105960264901,21.473509933774835,3.4408393272374695,20.0
-2.2541738742545028,25.499789863838643,51.55672892265008,1.1611906894469826,42.928205128205136,29.330128205128204,2.8599004348651786,24.0
-3.052196293015438,24.917906326236682,55.772843937395805,0.8654823272553677,42.070253164556966,27.28860759493671,2.473575550656207,28.0
-3.8519056788207835,25.654563660741083,61.64174897620251,0.8345273093944658,31.01180124223602,27.43167701863354,2.6015091416433767,27.0
-1.598186428889107,27.155059546211287,56.474776438909416,1.0952875622161369,30.94105960264901,21.473509933774835,3.420117340326532,20.0
-2.3546249405493365,21.0962819440344,54.983416460994256,0.9092807326691928,30.94105960264901,21.473509933774835,3.3504856096687194,21.0
-1.6285955023806116,27.496257521490236,56.16984045234904,1.0495450166469318,42.070253164556966,27.28860759493671,3.5005406749391232,20.0
-3.2186848639189702,21.358861501275943,59.04267120179526,1.0783033351968723,31.01180124223602,27.43167701863354,4.557601070554726,15.0
-3.0746989779248386,20.666279984103745,64.99707716200702,0.9287643054327287,42.928205128205136,29.330128205128204,5.25311215734079,13.0
-1.8061343514449426,29.760796862214676,57.39488643656798,1.1260578389703138,33.838961038961045,22.674025974025977,6.518884483445815,11.0
-2.9248519792638463,29.569917688704415,53.12741712431391,1.0199955928456867,42.928205128205136,29.330128205128204,6.006683235986419,12.0
-2.3781632642829984,20.60436544940564,52.442698629186424,1.147599763180721,31.01180124223602,27.43167701863354,4.502486637938817,16.0
-3.74348136751341,24.43253441474962,50.635246212146214,1.105317421023579,30.94105960264901,21.473509933774835,2.638362765552389,27.0
-3.1598205938920785,21.86244938299775,58.38225852377482,1.1474302528149816,42.070253164556966,27.28860759493671,4.36831507490265,16.0
-4.1296504025689345,24.85344897134418,58.16858137233251,0.8080645528471577,42.070253164556966,27.28860759493671,2.5102435094998867,28.0
-3.882059892369115,28.30177242999587,53.07850890170464,0.8974025042954379,33.838961038961045,22.674025974025977,4.249703788344651,16.0
-4.497169754197107,29.506117747428902,60.429941096788504,0.8360031761783755,42.928205128205136,29.330128205128204,6.406104684147445,11.0
-4.382204845054019,26.342526534515372,61.116605624445214,0.9768332068757397,30.94105960264901,21.473509933774835,3.4505719081737194,20.0
-1.568148530469212,23.53905667211817,53.88647308073167,1.1559840486461272,33.838961038961045,22.674025974025977,2.60553582804087,27.0
-3.772938914589713,26.033255656445984,55.161496460446045,0.9870161049067476,31.01180124223602,27.43167701863354,2.9300821074653127,24.0
-2.510067871487994,23.120013061084503,64.85707508520885,1.1398852178321577,33.838961038961045,22.674025974025977,3.381188104429549,21.0
-1.9827009036011654,29.098236408320602,55.61396701776101,0.9308712952077272,30.94105960264901,21.473509933774835,4.543234953025773,15.0
-2.848018622290307,28.704004631058368,61.41202507634153,0.935828029122101,30.94105960264901,21.473509933774835,4.912529796031533,14.0
-4.040566499748131,25.58231750279661,56.7908813994491,1.158224692130751,30.94105960264901,21.473509933774835,3.497877327416268,20.0
-2.315650687991501,23.247989153803605,61.90017241791464,0.9703268586046806,33.838961038961045,22.674025974025977,2.990534444808939,23.0
-2.6992457697012506,22.933896755829785,61.53534858173972,1.1159061951178666,42.070253164556966,27.28860759493671,3.6705840072331535,19.0
-2.3062482319578748,20.334179947050593,60.01634037797803,0.8946574191527605,42.070253164556966,27.28860759493671,4.5533367951426005,15.0
-2.1907601314287386,28.158208510252955,62.82167519443369,1.179520331871054,31.01180124223602,27.43167701863354,5.372948684543083,13.0
-1.5737688969457646,24.50383213039008,64.08827742316528,1.0298312986122284,30.94105960264901,21.473509933774835,2.777882371589767,25.0
-2.77931015991987,23.251329284002644,58.699749806781256,1.1037294274313607,33.838961038961045,22.674025974025977,3.24109418946629,22.0
-3.4750766619281945,24.711103549977537,53.56203360834119,0.8358062799179542,42.070253164556966,27.28860759493671,2.3477775368650162,30.0
-2.554606329299289,28.187379904546518,55.97943442466112,0.9970656903322115,31.01180124223602,27.43167701863354,4.152358303310259,17.0
-4.294677872272121,21.246142077075213,61.3745857026994,1.1604153990936092,33.838961038961045,22.674025974025977,5.67332572572089,12.0
-1.807808045035241,28.576559882418273,59.76325227685804,1.150815451617322,33.838961038961045,22.674025974025977,5.302963942905746,13.0
-4.14185696598541,28.975088351083542,52.66697507847873,0.818725582893691,42.070253164556966,27.28860759493671,4.551843096206809,15.0
-3.516471486342545,29.467079150338883,50.76859311719637,0.9214793876515787,30.94105960264901,21.473509933774835,4.989348834768748,14.0
-2.0527638581216374,23.97487992422628,60.24442390313097,0.977328002591632,33.838961038961045,22.674025974025977,2.705743894317714,26.0
-2.7080628650078644,22.171404040376718,53.76618536044018,0.8689059257423153,31.01180124223602,27.43167701863354,2.8765727992321906,24.0
